feature,missing_count,missing_pct,observed_count,observed_unique,all_missing,observed_constant,observed_variance
feature_157,1429,0.9119336311423102,138,128,False,False,0.0015518980970384373
feature_158,1429,0.9119336311423102,138,138,False,False,164326.4910184255
feature_292,1429,0.9119336311423102,138,92,False,False,0.00013114678638941396
feature_293,1429,0.9119336311423102,138,138,False,False,18821.834231300283
feature_085,1341,0.8557753669432036,226,97,False,False,8.537150912365883e-06
feature_220,1341,0.8557753669432036,226,69,False,False,3.938640653144333e-06
feature_358,1341,0.8557753669432036,226,20,False,False,1.5510474586890123e-07
feature_492,1341,0.8557753669432036,226,226,False,False,3.081308795281737
feature_109,1018,0.6496490108487556,549,96,False,False,7.54633868500768e-05
feature_110,1018,0.6496490108487556,549,546,False,False,3.528289840889116
feature_111,1018,0.6496490108487556,549,545,False,False,4.424290006606417
feature_244,1018,0.6496490108487556,549,66,False,False,0.00714709966980866
feature_245,1018,0.6496490108487556,549,539,False,False,18.763311298982813
feature_246,1018,0.6496490108487556,549,547,False,False,100.71991339310824
feature_382,1018,0.6496490108487556,549,29,False,False,0.0007137231837319716
feature_383,1018,0.6496490108487556,549,525,False,False,1.795058422543522
feature_384,1018,0.6496490108487556,549,536,False,False,10.02064625808899
feature_516,1018,0.6496490108487556,549,498,False,False,116.08024187948519
feature_517,1018,0.6496490108487556,549,543,False,False,23.875021293802146
feature_518,1018,0.6496490108487556,549,542,False,False,22.19914991476432
feature_578,949,0.6056158264199106,618,322,False,False,0.00013737752254375216
feature_579,949,0.6056158264199106,618,260,False,False,9.278178642871356e-05
feature_580,949,0.6056158264199106,618,120,False,False,9.693656774646265e-06
feature_581,949,0.6056158264199106,618,611,False,False,7647.524838039998
feature_072,794,0.5067007019783025,773,773,False,False,337.6988053794424
feature_073,794,0.5067007019783025,773,770,False,False,310.41078118196316
feature_345,794,0.5067007019783025,773,767,False,False,306.30718245738376
feature_346,794,0.5067007019783025,773,762,False,False,291.26365852904945
feature_112,715,0.4562858966177409,852,249,False,False,0.002392261620420882
feature_247,715,0.4562858966177409,852,490,False,False,0.004467711027945844
feature_385,715,0.4562858966177409,852,232,False,False,0.00020612905998589347
feature_519,715,0.4562858966177409,852,836,False,False,249.80233620110704
feature_562,273,0.1742182514358647,1294,873,False,False,58.180834833147394
feature_563,273,0.1742182514358647,1294,785,False,False,0.014813495767942159
feature_564,273,0.1742182514358647,1294,581,False,False,6.930400888478269
feature_565,273,0.1742182514358647,1294,753,False,False,0.0065757507674524445
feature_566,273,0.1742182514358647,1294,887,False,False,1.0657713489153184
feature_567,273,0.1742182514358647,1294,619,False,False,0.001072450433244388
feature_568,273,0.1742182514358647,1294,887,False,False,0.9925319906022863
feature_569,273,0.1742182514358647,1294,897,False,False,104.23076966495172
feature_546,260,0.16592214422463306,1307,1047,False,False,0.15125638752883214
feature_547,260,0.16592214422463306,1307,1023,False,False,25.623334229597653
feature_548,260,0.16592214422463306,1307,964,False,False,11.4868530944189
feature_549,260,0.16592214422463306,1307,1048,False,False,0.45304760016286855
feature_550,260,0.16592214422463306,1307,747,False,False,24.651755742166394
feature_551,260,0.16592214422463306,1307,213,False,False,1.851222829575782
feature_552,260,0.16592214422463306,1307,973,False,False,0.07624498895287515
feature_553,260,0.16592214422463306,1307,1077,False,False,4.804023693943411
feature_554,260,0.16592214422463306,1307,1000,False,False,0.3583493285040296
feature_555,260,0.16592214422463306,1307,1085,False,False,1238.6233271904919
feature_556,260,0.16592214422463306,1307,1070,False,False,1.637167983093624
feature_557,260,0.16592214422463306,1307,1062,False,False,3.495844490944376
feature_089,51,0.03254626675175495,1516,650,False,False,0.0027411076214790696
feature_090,51,0.03254626675175495,1516,1513,False,False,156960.91401320792
feature_224,51,0.03254626675175495,1516,720,False,False,0.005067696356263182
feature_225,51,0.03254626675175495,1516,1472,False,False,187512.54391550785
feature_362,51,0.03254626675175495,1516,389,False,False,0.00046815611313535125
feature_363,51,0.03254626675175495,1516,1516,False,False,19253.266772194384
feature_496,51,0.03254626675175495,1516,1510,False,False,605.8226293800665
feature_497,51,0.03254626675175495,1516,1509,False,False,24.552143233905273
feature_040,24,0.015315890236119975,1543,291,False,False,578.649966855021
feature_041,24,0.015315890236119975,1543,315,False,False,5.56799524253666
feature_075,24,0.015315890236119975,1543,675,False,False,0.0004966186491793474
feature_076,24,0.015315890236119975,1543,891,False,False,0.0011017432728157057
feature_077,24,0.015315890236119975,1543,842,False,False,0.0009833283497861476
feature_078,24,0.015315890236119975,1543,995,False,False,0.0022902719977537424
feature_079,24,0.015315890236119975,1543,691,False,False,0.0005323249193039962
feature_080,24,0.015315890236119975,1543,922,False,False,0.00242163047812776
feature_081,24,0.015315890236119975,1543,580,False,False,0.00028953091400588614
feature_082,24,0.015315890236119975,1543,888,False,False,0.001300512404768215
feature_118,24,0.015315890236119975,1543,328,False,False,6.55920479711229e-05
feature_178,24,0.015315890236119975,1543,1,False,True,0.0
feature_210,24,0.015315890236119975,1543,798,False,False,0.001768278751285781
feature_211,24,0.015315890236119975,1543,653,False,False,0.0006248519893533778
feature_212,24,0.015315890236119975,1543,681,False,False,0.0009965013493337881
feature_213,24,0.015315890236119975,1543,810,False,False,0.0028103121416435902
feature_214,24,0.015315890236119975,1543,803,False,False,0.003185177286413376
feature_215,24,0.015315890236119975,1543,823,False,False,0.0009257997205954684
feature_216,24,0.015315890236119975,1543,728,False,False,0.0006633694373813712
feature_217,24,0.015315890236119975,1543,836,False,False,0.002140770607871394
feature_253,24,0.015315890236119975,1543,442,False,False,0.0005025594523298202
feature_313,24,0.015315890236119975,1543,1,False,True,0.0
feature_314,24,0.015315890236119975,1543,1,False,True,0.0
feature_348,24,0.015315890236119975,1543,357,False,False,0.00014062726494624397
feature_349,24,0.015315890236119975,1543,373,False,False,0.00011235514568122547
feature_350,24,0.015315890236119975,1543,435,False,False,0.00020509138908851422
feature_351,24,0.015315890236119975,1543,499,False,False,0.0006029459282634052
feature_352,24,0.015315890236119975,1543,354,False,False,0.0001729985008037049
feature_353,24,0.015315890236119975,1543,563,False,False,0.0002400717772357676
feature_354,24,0.015315890236119975,1543,486,False,False,0.00017065929984639934
feature_355,24,0.015315890236119975,1543,572,False,False,0.0004972660168452514
feature_391,24,0.015315890236119975,1543,183,False,False,4.536728583795109e-05
feature_449,24,0.015315890236119975,1543,1,False,True,0.0
feature_450,24,0.015315890236119975,1543,1,False,True,0.0
feature_482,24,0.015315890236119975,1543,1062,False,False,78916.18609434873
feature_483,24,0.015315890236119975,1543,1402,False,False,37172.574890815966
feature_484,24,0.015315890236119975,1543,1324,False,False,45393.52573652398
feature_485,24,0.015315890236119975,1543,1358,False,False,47794.327814754215
feature_486,24,0.015315890236119975,1543,1039,False,False,82524.59096513716
feature_487,24,0.015315890236119975,1543,1199,False,False,69565.18944810456
feature_488,24,0.015315890236119975,1543,1314,False,False,63484.88211364706
feature_489,24,0.015315890236119975,1543,1344,False,False,51971.59427432854
feature_525,24,0.015315890236119975,1543,1526,False,False,15.35933836027162
feature_002,14,0.008934269304403318,1553,507,False,False,870.4652775640333
feature_003,14,0.008934269304403318,1553,518,False,False,194965.88283056885
feature_004,14,0.008934269304403318,1553,503,False,False,3173.90185939375
feature_005,14,0.008934269304403318,1553,1,False,True,0.0
feature_006,14,0.008934269304403318,1553,510,False,False,38.877785729255955
feature_138,14,0.008934269304403318,1553,348,False,False,152.30972787150057
feature_139,14,0.008934269304403318,1553,518,False,False,69282.57248349213
feature_140,14,0.008934269304403318,1553,498,False,False,256804.55520409226
feature_141,14,0.008934269304403318,1553,1,False,True,0.0
feature_142,14,0.008934269304403318,1553,374,False,False,12.610384866546232
feature_273,14,0.008934269304403318,1553,518,False,False,14.662995228190411
feature_274,14,0.008934269304403318,1553,518,False,False,7323.973710446108
feature_275,14,0.008934269304403318,1553,458,False,False,28525.524194827536
feature_276,14,0.008934269304403318,1553,1,False,True,0.0
feature_277,14,0.008934269304403318,1553,512,False,False,1.4305404238734247
feature_411,14,0.008934269304403318,1553,509,False,False,0.3039279292663225
feature_412,14,0.008934269304403318,1553,518,False,False,338.84313285595914
feature_413,14,0.008934269304403318,1553,518,False,False,2236.649513982598
feature_414,14,0.008934269304403318,1553,1,False,True,0.0
feature_415,14,0.008934269304403318,1553,513,False,False,15.658615030300808
feature_084,12,0.007657945118059987,1555,180,False,False,2.5499236467778465e-05
feature_219,12,0.007657945118059987,1555,64,False,False,2.7079243597564126e-06
feature_357,12,0.007657945118059987,1555,28,False,False,2.507639333753786e-07
feature_491,12,0.007657945118059987,1555,472,False,False,1.4979045932967028
feature_019,10,0.006381620931716656,1557,361,False,False,0.0474783415367316
feature_155,10,0.006381620931716656,1557,65,False,False,1.2590327188271504
feature_290,10,0.006381620931716656,1557,324,False,False,0.07338680577203084
feature_428,10,0.006381620931716656,1557,404,False,False,112.98233910890333
feature_007,9,0.00574345883854499,1558,89,False,False,8.0253677590176e-05
feature_121,9,0.00574345883854499,1558,54,False,False,0.009917321382371985
feature_122,9,0.00574345883854499,1558,309,False,False,0.8169091595067737
feature_123,9,0.00574345883854499,1558,50,False,False,0.01172459544592407
feature_124,9,0.00574345883854499,1558,59,False,False,0.013020419887581763
feature_125,9,0.00574345883854499,1558,155,False,False,0.07866041230048727
feature_126,9,0.00574345883854499,1558,273,False,False,0.06420621704408569
feature_127,9,0.00574345883854499,1558,324,False,False,0.018323792187562308
feature_128,9,0.00574345883854499,1558,268,False,False,0.06974339552699968
feature_129,9,0.00574345883854499,1558,93,False,False,1.4886123009510441
feature_130,9,0.00574345883854499,1558,310,False,False,0.006807037590180131
feature_131,9,0.00574345883854499,1558,68,False,False,5.061843085750581e-06
feature_143,9,0.00574345883854499,1558,63,False,False,1.6419805682213299e-06
feature_256,9,0.00574345883854499,1558,1,False,True,0.0
feature_257,9,0.00574345883854499,1558,1,False,True,0.0
feature_258,9,0.00574345883854499,1558,1,False,True,0.0
feature_259,9,0.00574345883854499,1558,1,False,True,0.0
feature_260,9,0.00574345883854499,1558,1,False,True,0.0
feature_261,9,0.00574345883854499,1558,1,False,True,0.0
feature_262,9,0.00574345883854499,1558,1,False,True,0.0
feature_263,9,0.00574345883854499,1558,1,False,True,0.0
feature_264,9,0.00574345883854499,1558,1,False,True,0.0
feature_265,9,0.00574345883854499,1558,1,False,True,0.0
feature_266,9,0.00574345883854499,1558,1,False,True,0.0
feature_278,9,0.00574345883854499,1558,22,False,False,1.1554886700140563e-07
feature_394,9,0.00574345883854499,1558,1,False,True,0.0
feature_395,9,0.00574345883854499,1558,1,False,True,0.0
feature_396,9,0.00574345883854499,1558,1,False,True,0.0
feature_397,9,0.00574345883854499,1558,1,False,True,0.0
feature_398,9,0.00574345883854499,1558,1,False,True,0.0
feature_399,9,0.00574345883854499,1558,1,False,True,0.0
feature_400,9,0.00574345883854499,1558,1,False,True,0.0
feature_401,9,0.00574345883854499,1558,1,False,True,0.0
feature_402,9,0.00574345883854499,1558,1,False,True,0.0
feature_403,9,0.00574345883854499,1558,1,False,True,0.0
feature_404,9,0.00574345883854499,1558,1,False,True,0.0
feature_416,9,0.00574345883854499,1558,510,False,False,1.0714336847699646
feature_528,9,0.00574345883854499,1558,1,False,True,0.0
feature_529,9,0.00574345883854499,1558,1,False,True,0.0
feature_530,9,0.00574345883854499,1558,1,False,True,0.0
feature_531,9,0.00574345883854499,1558,1,False,True,0.0
feature_532,9,0.00574345883854499,1558,1,False,True,0.0
feature_533,9,0.00574345883854499,1558,1,False,True,0.0
feature_534,9,0.00574345883854499,1558,1,False,True,0.0
feature_535,9,0.00574345883854499,1558,1,False,True,0.0
feature_536,9,0.00574345883854499,1558,1,False,True,0.0
feature_537,9,0.00574345883854499,1558,1,False,True,0.0
feature_538,9,0.00574345883854499,1558,1,False,True,0.0
feature_132,8,0.005105296745373325,1559,306,False,False,0.0028263837541869286
feature_133,8,0.005105296745373325,1559,336,False,False,42.71412039197771
feature_134,8,0.005105296745373325,1559,335,False,False,8.937210868883993
feature_267,8,0.005105296745373325,1559,291,False,False,0.0008784798672608425
feature_268,8,0.005105296745373325,1559,333,False,False,53.90567670626349
feature_269,8,0.005105296745373325,1559,330,False,False,1.3270105686684075
feature_405,8,0.005105296745373325,1559,228,False,False,0.00011502195137505704
feature_406,8,0.005105296745373325,1559,335,False,False,8.00140589213712
feature_407,8,0.005105296745373325,1559,331,False,False,0.13292889078170947
feature_539,8,0.005105296745373325,1559,333,False,False,1.5687841600909287
feature_540,8,0.005105296745373325,1559,336,False,False,0.5353754462023361
feature_541,8,0.005105296745373325,1559,336,False,False,8.38361176381619
feature_001,7,0.004467134652201659,1560,1504,False,False,6461.254533408285
feature_059,7,0.004467134652201659,1560,1500,False,False,90.80496473544015
feature_063,7,0.004467134652201659,1560,1534,False,False,50.65995551897041
feature_064,7,0.004467134652201659,1560,1496,False,False,24.759300723117022
feature_065,7,0.004467134652201659,1560,1550,False,False,50.68614300016121
feature_137,7,0.004467134652201659,1560,1059,False,False,2728.6273092537804
feature_196,7,0.004467134652201659,1560,867,False,False,246.98909335239972
feature_200,7,0.004467134652201659,1560,1008,False,False,75.48017227071006
feature_201,7,0.004467134652201659,1560,861,False,False,26.039165999342536
feature_202,7,0.004467134652201659,1560,1470,False,False,213.69226329059146
feature_272,7,0.004467134652201659,1560,1557,False,False,314.4176986020062
feature_332,7,0.004467134652201659,1560,1517,False,False,31.848146139460056
feature_336,7,0.004467134652201659,1560,1532,False,False,57.05851548459736
feature_337,7,0.004467134652201659,1560,1517,False,False,2.8862273270269188
feature_338,7,0.004467134652201659,1560,1520,False,False,31.845845717296147
feature_410,7,0.004467134652201659,1560,1545,False,False,4.504146204490861
feature_468,7,0.004467134652201659,1560,1317,False,False,53219.23226113264
feature_472,7,0.004467134652201659,1560,1560,False,False,2273.6447480301276
feature_473,7,0.004467134652201659,1560,1558,False,False,503.99823168814527
feature_474,7,0.004467134652201659,1560,1559,False,False,615.7822659960768
feature_000,6,0.0038289725590299937,1561,1520,False,False,5416.695243505432
feature_060,6,0.0038289725590299937,1561,1498,False,False,36.31216579465381
feature_061,6,0.0038289725590299937,1561,1418,False,False,0.07550889732497074
feature_062,6,0.0038289725590299937,1561,1518,False,False,74.41231234016831
feature_066,6,0.0038289725590299937,1561,1559,False,False,135.00940566904134
feature_067,6,0.0038289725590299937,1561,1306,False,False,94497.0851865849
feature_068,6,0.0038289725590299937,1561,1479,False,False,17.966889923363055
feature_069,6,0.0038289725590299937,1561,1,False,True,0.0
feature_070,6,0.0038289725590299937,1561,1533,False,False,90.93785936140776
feature_071,6,0.0038289725590299937,1561,1557,False,False,1001.200898449593
feature_074,6,0.0038289725590299937,1561,2,False,False,0.011269022423986972
feature_091,6,0.0038289725590299937,1561,1191,False,False,0.007683375247638117
feature_094,6,0.0038289725590299937,1561,22,False,False,3.030350212437124e-08
feature_095,6,0.0038289725590299937,1561,14,False,False,1.0894041623969259e-08
feature_096,6,0.0038289725590299937,1561,1333,False,False,0.04818367457487336
feature_097,6,0.0038289725590299937,1561,1,False,True,0.0
feature_098,6,0.0038289725590299937,1561,1420,False,False,0.18230590640519784
feature_099,6,0.0038289725590299937,1561,272,False,False,0.003933835278400769
feature_100,6,0.0038289725590299937,1561,35,False,False,1.2632536100768203e-07
feature_101,6,0.0038289725590299937,1561,29,False,False,4.870480453035041e-08
feature_102,6,0.0038289725590299937,1561,1066,False,False,0.003962386718118324
feature_105,6,0.0038289725590299937,1561,177,False,False,1.0248342744204199e-05
feature_106,6,0.0038289725590299937,1561,180,False,False,8.921903426777213e-06
feature_107,6,0.0038289725590299937,1561,1159,False,False,0.00764693445669816
feature_108,6,0.0038289725590299937,1561,1183,False,False,0.007522087980158582
feature_136,6,0.0038289725590299937,1561,1089,False,False,2904.403841720082
feature_197,6,0.0038289725590299937,1561,898,False,False,111.27678259932098
feature_198,6,0.0038289725590299937,1561,773,False,False,0.2889416573370525
feature_199,6,0.0038289725590299937,1561,920,False,False,270.2830538751051
feature_203,6,0.0038289725590299937,1561,1501,False,False,304.7190538095067
feature_204,6,0.0038289725590299937,1561,1210,False,False,319134.83627317176
feature_205,6,0.0038289725590299937,1561,841,False,False,133.11126295763856
feature_206,6,0.0038289725590299937,1561,2,False,False,0.002560818411299448
feature_207,6,0.0038289725590299937,1561,1046,False,False,305.96834776931786
feature_208,6,0.0038289725590299937,1561,1549,False,False,787.2598534898572
feature_209,6,0.0038289725590299937,1561,2,False,False,1.3635221676999512
feature_226,6,0.0038289725590299937,1561,1,False,True,0.0
feature_229,6,0.0038289725590299937,1561,1,False,True,0.0
feature_230,6,0.0038289725590299937,1561,1,False,True,0.0
feature_231,6,0.0038289725590299937,1561,1,False,True,0.0
feature_232,6,0.0038289725590299937,1561,1,False,True,0.0
feature_233,6,0.0038289725590299937,1561,1,False,True,0.0
feature_234,6,0.0038289725590299937,1561,1,False,True,0.0
feature_235,6,0.0038289725590299937,1561,1,False,True,0.0
feature_236,6,0.0038289725590299937,1561,1,False,True,0.0
feature_237,6,0.0038289725590299937,1561,1,False,True,0.0
feature_240,6,0.0038289725590299937,1561,1,False,True,0.0
feature_241,6,0.0038289725590299937,1561,1,False,True,0.0
feature_242,6,0.0038289725590299937,1561,1,False,True,0.0
feature_243,6,0.0038289725590299937,1561,1,False,True,0.0
feature_271,6,0.0038289725590299937,1561,1559,False,False,319.0051021571202
feature_333,6,0.0038289725590299937,1561,1527,False,False,11.5760298286696
feature_334,6,0.0038289725590299937,1561,1145,False,False,0.029869230033458902
feature_335,6,0.0038289725590299937,1561,1526,False,False,33.405004847108
feature_339,6,0.0038289725590299937,1561,1543,False,False,36.878364063388524
feature_340,6,0.0038289725590299937,1561,761,False,False,68463.13037093282
feature_341,6,0.0038289725590299937,1561,1517,False,False,13.444886328178868
feature_342,6,0.0038289725590299937,1561,2,False,False,0.00012803313567700189
feature_343,6,0.0038289725590299937,1561,1541,False,False,28.83801866894516
feature_344,6,0.0038289725590299937,1561,1551,False,False,79.07426937360704
feature_347,6,0.0038289725590299937,1561,2,False,False,0.12395569566659467
feature_364,6,0.0038289725590299937,1561,1,False,True,0.0
feature_367,6,0.0038289725590299937,1561,113,False,False,7.280369020499268e-06
feature_368,6,0.0038289725590299937,1561,97,False,False,4.435267648614675e-06
feature_369,6,0.0038289725590299937,1561,1,False,True,0.0
feature_370,6,0.0038289725590299937,1561,1,False,True,0.0
feature_371,6,0.0038289725590299937,1561,1,False,True,0.0
feature_372,6,0.0038289725590299937,1561,1,False,True,0.0
feature_373,6,0.0038289725590299937,1561,1,False,True,0.0
feature_374,6,0.0038289725590299937,1561,1,False,True,0.0
feature_375,6,0.0038289725590299937,1561,1,False,True,0.0
feature_378,6,0.0038289725590299937,1561,1,False,True,0.0
feature_379,6,0.0038289725590299937,1561,1,False,True,0.0
feature_380,6,0.0038289725590299937,1561,1,False,True,0.0
feature_381,6,0.0038289725590299937,1561,1,False,True,0.0
feature_409,6,0.0038289725590299937,1561,1548,False,False,3.1551493971407805
feature_469,6,0.0038289725590299937,1561,1514,False,False,9.92675304235538
feature_470,6,0.0038289725590299937,1561,1547,False,False,24.818034587339945
feature_471,6,0.0038289725590299937,1561,1552,False,False,103.44634593998973
feature_475,6,0.0038289725590299937,1561,1526,False,False,6.81386167588173
feature_476,6,0.0038289725590299937,1561,1559,False,False,223.0483617067577
feature_477,6,0.0038289725590299937,1561,1537,False,False,103.66830291973804
feature_478,6,0.0038289725590299937,1561,2,False,False,25.60818411299446
feature_479,6,0.0038289725590299937,1561,1507,False,False,6.957793740453627
feature_480,6,0.0038289725590299937,1561,1560,False,False,1277.4219185180368
feature_481,6,0.0038289725590299937,1561,1,False,True,0.0
feature_498,6,0.0038289725590299937,1561,1,False,True,0.0
feature_501,6,0.0038289725590299937,1561,1,False,True,0.0
feature_502,6,0.0038289725590299937,1561,1,False,True,0.0
feature_503,6,0.0038289725590299937,1561,1,False,True,0.0
feature_504,6,0.0038289725590299937,1561,1,False,True,0.0
feature_505,6,0.0038289725590299937,1561,1,False,True,0.0
feature_506,6,0.0038289725590299937,1561,1,False,True,0.0
feature_507,6,0.0038289725590299937,1561,1,False,True,0.0
feature_508,6,0.0038289725590299937,1561,1,False,True,0.0
feature_509,6,0.0038289725590299937,1561,1,False,True,0.0
feature_512,6,0.0038289725590299937,1561,1,False,True,0.0
feature_513,6,0.0038289725590299937,1561,1,False,True,0.0
feature_514,6,0.0038289725590299937,1561,1,False,True,0.0
feature_515,6,0.0038289725590299937,1561,1,False,True,0.0
feature_135,5,0.003190810465858328,1562,134,False,False,3309.2641599217
feature_270,5,0.003190810465858328,1562,599,False,False,70.54862178632509
feature_408,5,0.003190810465858328,1562,593,False,False,6.642435462658301
feature_053,4,0.0025526483726866626,1563,153,False,False,0.0030175289215704348
feature_054,4,0.0025526483726866626,1563,169,False,False,0.0035475853766462027
feature_055,4,0.0025526483726866626,1563,107,False,False,662.6031374118951
feature_056,4,0.0025526483726866626,1563,187,False,False,4.631052258133446e-05
feature_057,4,0.0025526483726866626,1563,159,False,False,1.7427419496522464e-05
feature_058,4,0.0025526483726866626,1563,382,False,False,0.007236488050793934
feature_190,4,0.0025526483726866626,1563,1,False,True,0.0
feature_191,4,0.0025526483726866626,1563,1,False,True,0.0
feature_192,4,0.0025526483726866626,1563,1,False,True,0.0
feature_193,4,0.0025526483726866626,1563,1,False,True,0.0
feature_194,4,0.0025526483726866626,1563,1,False,True,0.0
feature_195,4,0.0025526483726866626,1563,206,False,False,0.15607281820358754
feature_326,4,0.0025526483726866626,1563,1,False,True,0.0
feature_327,4,0.0025526483726866626,1563,1,False,True,0.0
feature_328,4,0.0025526483726866626,1563,1,False,True,0.0
feature_329,4,0.0025526483726866626,1563,1,False,True,0.0
feature_330,4,0.0025526483726866626,1563,1,False,True,0.0
feature_331,4,0.0025526483726866626,1563,313,False,False,0.0040200941991568465
feature_462,4,0.0025526483726866626,1563,1,False,True,0.0
feature_463,4,0.0025526483726866626,1563,1,False,True,0.0
feature_464,4,0.0025526483726866626,1563,1,False,True,0.0
feature_465,4,0.0025526483726866626,1563,1,False,True,0.0
feature_466,4,0.0025526483726866626,1563,1,False,True,0.0
feature_467,4,0.0025526483726866626,1563,417,False,False,75.18534928236956
feature_013,3,0.0019144862795149968,1564,1,False,True,0.0
feature_014,3,0.0019144862795149968,1564,1555,False,False,7.815946180991796
feature_015,3,0.0019144862795149968,1564,1561,False,False,296.3764777077478
feature_016,3,0.0019144862795149968,1564,1477,False,False,5.77488005546523
feature_017,3,0.0019144862795149968,1564,281,False,False,0.0001454087674522995
feature_018,3,0.0019144862795149968,1564,1548,False,False,7.729242323075416
feature_149,3,0.0019144862795149968,1564,1,False,True,0.0
feature_150,3,0.0019144862795149968,1564,1443,False,False,10.502823985133453
feature_151,3,0.0019144862795149968,1564,1498,False,False,960.5430086523195
feature_152,3,0.0019144862795149968,1564,1394,False,False,545.530403418803
feature_153,3,0.0019144862795149968,1564,219,False,False,8.72858338348127e-05
feature_154,3,0.0019144862795149968,1564,1551,False,False,27.431864469863378
feature_284,3,0.0019144862795149968,1564,1,False,True,0.0
feature_285,3,0.0019144862795149968,1564,1527,False,False,0.9266273507007207
feature_286,3,0.0019144862795149968,1564,1540,False,False,95.27140847398483
feature_287,3,0.0019144862795149968,1564,1076,False,False,54.523175594871354
feature_288,3,0.0019144862795149968,1564,87,False,False,8.615143657485233e-06
feature_289,3,0.0019144862795149968,1564,1522,False,False,2.612995466767661
feature_422,3,0.0019144862795149968,1564,1,False,True,0.0
feature_423,3,0.0019144862795149968,1564,1563,False,False,1061.8806466857186
feature_424,3,0.0019144862795149968,1564,1529,False,False,39.98466158355004
feature_425,3,0.0019144862795149968,1564,1540,False,False,540.5754771241734
feature_426,3,0.0019144862795149968,1564,1481,False,False,0.9906255231454326
feature_427,3,0.0019144862795149968,1564,1538,False,False,9.24872583998013
feature_008,2,0.0012763241863433313,1565,1208,False,False,0.005457212536537069
feature_009,2,0.0012763241863433313,1565,568,False,False,0.00022835317978544233
feature_010,2,0.0012763241863433313,1565,392,False,False,8.647386852575813e-05
feature_011,2,0.0012763241863433313,1565,378,False,False,0.00015495451783319213
feature_012,2,0.0012763241863433313,1565,1547,False,False,10.603065356010003
feature_021,2,0.0012763241863433313,1565,1295,False,False,392654.9850869663
feature_022,2,0.0012763241863433313,1565,1176,False,False,87263.58877614349
feature_023,2,0.0012763241863433313,1565,1480,False,False,1903630.3992585887
feature_024,2,0.0012763241863433313,1565,1494,False,False,8420226.141793752
feature_025,2,0.0012763241863433313,1565,704,False,False,0.03152177438275373
feature_026,2,0.0012763241863433313,1565,624,False,False,0.03588542859298757
feature_027,2,0.0012763241863433313,1565,1148,False,False,1.5471670136448306
feature_028,2,0.0012763241863433313,1565,869,False,False,11.972118679746956
feature_029,2,0.0012763241863433313,1565,188,False,False,0.16692422210209354
feature_030,2,0.0012763241863433313,1565,842,False,False,0.0010846098965836132
feature_031,2,0.0012763241863433313,1565,1275,False,False,0.2863863542517082
feature_092,2,0.0012763241863433313,1565,180,False,False,1.043284694546234e-05
feature_093,2,0.0012763241863433313,1565,174,False,False,9.053310920801478e-06
feature_103,2,0.0012763241863433313,1565,153,False,False,9.385458885974134e-06
feature_104,2,0.0012763241863433313,1565,55,False,False,7.232427563821209e-07
feature_144,2,0.0012763241863433313,1565,961,False,False,0.003760532899002746
feature_145,2,0.0012763241863433313,1565,656,False,False,0.0007039524683114046
feature_146,2,0.0012763241863433313,1565,579,False,False,0.00047687673642070447
feature_147,2,0.0012763241863433313,1565,294,False,False,0.0007351821795302594
feature_148,2,0.0012763241863433313,1565,1551,False,False,350.9868367420202
feature_159,2,0.0012763241863433313,1565,954,False,False,965756.0908981413
feature_160,2,0.0012763241863433313,1565,744,False,False,330193.7918794721
feature_161,2,0.0012763241863433313,1565,1411,False,False,17959715.46646143
feature_162,2,0.0012763241863433313,1565,1325,False,False,42921827.1722549
feature_163,2,0.0012763241863433313,1565,260,False,False,0.014871804836223705
feature_164,2,0.0012763241863433313,1565,219,False,False,0.058784976884524706
feature_165,2,0.0012763241863433313,1565,404,False,False,0.165811161008074
feature_166,2,0.0012763241863433313,1565,62,False,False,1.2530521042370544
feature_167,2,0.0012763241863433313,1565,31,False,False,0.40013812532535803
feature_168,2,0.0012763241863433313,1565,207,False,False,0.002267988871581827
feature_169,2,0.0012763241863433313,1565,652,False,False,0.03914635264624524
feature_227,2,0.0012763241863433313,1565,329,False,False,0.00011561143649930079
feature_228,2,0.0012763241863433313,1565,292,False,False,0.00011537863487429697
feature_238,2,0.0012763241863433313,1565,93,False,False,2.8811843746491236e-06
feature_239,2,0.0012763241863433313,1565,80,False,False,2.076321473119048e-06
feature_279,2,0.0012763241863433313,1565,541,False,False,0.0004113871684716594
feature_280,2,0.0012763241863433313,1565,246,False,False,4.2002574324531226e-05
feature_281,2,0.0012763241863433313,1565,227,False,False,3.0732712290622545e-05
feature_282,2,0.0012763241863433313,1565,114,False,False,7.30620552460472e-05
feature_283,2,0.0012763241863433313,1565,1515,False,False,34.368319091088374
feature_294,2,0.0012763241863433313,1565,1562,False,False,227431.35871515376
feature_295,2,0.0012763241863433313,1565,1561,False,False,80338.2916715131
feature_296,2,0.0012763241863433313,1565,1565,False,False,3898572.211866436
feature_297,2,0.0012763241863433313,1565,1559,False,False,10406386.724827727
feature_298,2,0.0012763241863433313,1565,725,False,False,0.00412219794804479
feature_299,2,0.0012763241863433313,1565,626,False,False,0.017104344414596455
feature_300,2,0.0012763241863433313,1565,967,False,False,0.04799479315136012
feature_301,2,0.0012763241863433313,1565,1134,False,False,0.11014141753784974
feature_302,2,0.0012763241863433313,1565,569,False,False,0.038986850415155816
feature_303,2,0.0012763241863433313,1565,509,False,False,0.00021042333098837386
feature_304,2,0.0012763241863433313,1565,1105,False,False,0.004205091728224234
feature_365,2,0.0012763241863433313,1565,120,False,False,7.049882824158662e-06
feature_366,2,0.0012763241863433313,1565,107,False,False,5.6724367667323335e-06
feature_376,2,0.0012763241863433313,1565,36,False,False,2.8534755279731345e-07
feature_377,2,0.0012763241863433313,1565,31,False,False,2.175205462952567e-07
feature_417,2,0.0012763241863433313,1565,1551,False,False,16.428589120072036
feature_418,2,0.0012763241863433313,1565,1051,False,False,82720.97854849623
feature_419,2,0.0012763241863433313,1565,851,False,False,105848.97701772052
feature_420,2,0.0012763241863433313,1565,1514,False,False,9.3435079435982
feature_421,2,0.0012763241863433313,1565,1534,False,False,47.7708500667953
feature_430,2,0.0012763241863433313,1565,1551,False,False,1299.498810646933
feature_431,2,0.0012763241863433313,1565,1553,False,False,1323.7792832315477
feature_432,2,0.0012763241863433313,1565,1503,False,False,15913.416973155146
feature_433,2,0.0012763241863433313,1565,1371,False,False,50943.52567450232
feature_434,2,0.0012763241863433313,1565,1537,False,False,1162.67053025301
feature_435,2,0.0012763241863433313,1565,1524,False,False,1180.5275704718042
feature_436,2,0.0012763241863433313,1565,1539,False,False,1193.4787160415306
feature_437,2,0.0012763241863433313,1565,1495,False,False,2.5945439307991953
feature_438,2,0.0012763241863433313,1565,967,False,False,1162.615808797474
feature_439,2,0.0012763241863433313,1565,1550,False,False,1471.789977446245
feature_440,2,0.0012763241863433313,1565,1557,False,False,38.038048582825155
feature_499,2,0.0012763241863433313,1565,703,False,False,105409.02730161962
feature_500,2,0.0012763241863433313,1565,648,False,False,104264.53771206454
feature_510,2,0.0012763241863433313,1565,1498,False,False,1419.7591583138333
feature_511,2,0.0012763241863433313,1565,586,False,False,108609.35818722009
feature_542,2,0.0012763241863433313,1565,102,False,False,7.485066239320597e-06
feature_543,2,0.0012763241863433313,1565,71,False,False,2.3502564443854688e-06
feature_544,2,0.0012763241863433313,1565,21,False,False,8.727635884820708e-08
feature_545,2,0.0012763241863433313,1565,273,False,False,1.729550848341635
feature_032,1,0.0006381620931716656,1566,338,False,False,4.104279140860022
feature_033,1,0.0006381620931716656,1566,330,False,False,1.806408667521763
feature_034,1,0.0006381620931716656,1566,329,False,False,1.3976926554089368
feature_035,1,0.0006381620931716656,1566,331,False,False,6.625097036952013
feature_036,1,0.0006381620931716656,1566,330,False,False,1.3976943340210795
feature_037,1,0.0006381620931716656,1566,325,False,False,0.09244255669573241
feature_038,1,0.0006381620931716656,1566,329,False,False,0.19946309788628158
feature_039,1,0.0006381620931716656,1566,333,False,False,3.26396163232733
feature_042,1,0.0006381620931716656,1566,1,False,True,0.0
feature_043,1,0.0006381620931716656,1566,1523,False,False,38.84673913500638
feature_044,1,0.0006381620931716656,1566,1376,False,False,0.030618595135600214
feature_045,1,0.0006381620931716656,1566,1520,False,False,61.57134289166381
feature_046,1,0.0006381620931716656,1566,1562,False,False,148.02197730178358
feature_047,1,0.0006381620931716656,1566,1341,False,False,0.03593919187228935
feature_048,1,0.0006381620931716656,1566,1486,False,False,20.455775501726762
feature_049,1,0.0006381620931716656,1566,1,False,True,0.0
feature_050,1,0.0006381620931716656,1566,1520,False,False,74.67077019617712
feature_051,1,0.0006381620931716656,1566,1562,False,False,3709.4985292563742
feature_052,1,0.0006381620931716656,1566,1,False,True,0.0
feature_083,1,0.0006381620931716656,1566,1506,False,False,0.2663453038207707
feature_170,1,0.0006381620931716656,1566,331,False,False,0.024780327924155382
feature_171,1,0.0006381620931716656,1566,306,False,False,0.003692440857673192
feature_172,1,0.0006381620931716656,1566,307,False,False,0.0050723247731079835
feature_173,1,0.0006381620931716656,1566,319,False,False,0.009159139960805038
feature_174,1,0.0006381620931716656,1566,308,False,False,0.005072877308155912
feature_175,1,0.0006381620931716656,1566,327,False,False,0.013522199457945748
feature_176,1,0.0006381620931716656,1566,319,False,False,0.005609091396224692
feature_177,1,0.0006381620931716656,1566,250,False,False,0.07998297811084525
feature_179,1,0.0006381620931716656,1566,1,False,True,0.0
feature_180,1,0.0006381620931716656,1566,890,False,False,10.959906124396294
feature_181,1,0.0006381620931716656,1566,687,False,False,0.05032399057559343
feature_182,1,0.0006381620931716656,1566,905,False,False,17.32824485225636
feature_183,1,0.0006381620931716656,1566,1508,False,False,46.702433973055676
feature_184,1,0.0006381620931716656,1566,1054,False,False,0.012135780936160983
feature_185,1,0.0006381620931716656,1566,739,False,False,51.64469993023037
feature_186,1,0.0006381620931716656,1566,1,False,True,0.0
feature_187,1,0.0006381620931716656,1566,1015,False,False,74.08324217091224
feature_188,1,0.0006381620931716656,1566,1550,False,False,471.1045349087086
feature_189,1,0.0006381620931716656,1566,1,False,True,0.0
feature_218,1,0.0006381620931716656,1566,1539,False,False,1.369045847882575
feature_305,1,0.0006381620931716656,1566,314,False,False,0.0032912208482169802
feature_306,1,0.0006381620931716656,1566,262,False,False,0.0006447458768792133
feature_307,1,0.0006381620931716656,1566,286,False,False,0.0007539898167313391
feature_308,1,0.0006381620931716656,1566,293,False,False,0.0011277835073088898
feature_309,1,0.0006381620931716656,1566,290,False,False,0.0007541248160258951
feature_310,1,0.0006381620931716656,1566,310,False,False,0.0018875521008899197
feature_311,1,0.0006381620931716656,1566,276,False,False,0.0008286900922215209
feature_312,1,0.0006381620931716656,1566,307,False,False,0.01375419620301457
feature_315,1,0.0006381620931716656,1566,1,False,True,0.0
feature_316,1,0.0006381620931716656,1566,1533,False,False,1.0369428274281058
feature_317,1,0.0006381620931716656,1566,1160,False,False,0.005237307236388191
feature_318,1,0.0006381620931716656,1566,1535,False,False,1.4775415664604161
feature_319,1,0.0006381620931716656,1566,1550,False,False,4.745265116865598
feature_320,1,0.0006381620931716656,1566,550,False,False,0.0010159907868066466
feature_321,1,0.0006381620931716656,1566,1511,False,False,4.47880381953689
feature_322,1,0.0006381620931716656,1566,1,False,True,0.0
feature_323,1,0.0006381620931716656,1566,1536,False,False,6.340600851843125
feature_324,1,0.0006381620931716656,1566,1560,False,False,43.741515433880465
feature_325,1,0.0006381620931716656,1566,1,False,True,0.0
feature_356,1,0.0006381620931716656,1566,1473,False,False,0.14960963611645292
feature_441,1,0.0006381620931716656,1566,325,False,False,0.033912653494843334
feature_442,1,0.0006381620931716656,1566,335,False,False,0.43425998282049183
feature_443,1,0.0006381620931716656,1566,330,False,False,0.02059403123233739
feature_444,1,0.0006381620931716656,1566,325,False,False,0.024171556381520465
feature_445,1,0.0006381620931716656,1566,329,False,False,0.019939436858612696
feature_446,1,0.0006381620931716656,1566,338,False,False,0.03101189849555285
feature_447,1,0.0006381620931716656,1566,317,False,False,0.007470690022969748
feature_448,1,0.0006381620931716656,1566,326,False,False,0.05579038163561897
feature_451,1,0.0006381620931716656,1566,1,False,True,0.0
feature_452,1,0.0006381620931716656,1566,1518,False,False,0.8443824402936277
feature_453,1,0.0006381620931716656,1566,1550,False,False,5.062885504921391
feature_454,1,0.0006381620931716656,1566,1555,False,False,9.355543786234826
feature_455,1,0.0006381620931716656,1566,1527,False,False,0.8799799501574975
feature_456,1,0.0006381620931716656,1566,1551,False,False,65.98769413350902
feature_457,1,0.0006381620931716656,1566,1547,False,False,20.577903992061664
feature_458,1,0.0006381620931716656,1566,1,False,True,0.0
feature_459,1,0.0006381620931716656,1566,1518,False,False,1.8094193413361235
feature_460,1,0.0006381620931716656,1566,1564,False,False,177.71370771491718
feature_461,1,0.0006381620931716656,1566,1,False,True,0.0
feature_490,1,0.0006381620931716656,1566,1562,False,False,325.5443848039969
feature_558,1,0.0006381620931716656,1566,365,False,False,0.007027931273844418
feature_559,1,0.0006381620931716656,1566,399,False,False,0.04053278570586
feature_560,1,0.0006381620931716656,1566,345,False,False,0.002658573299651437
feature_561,1,0.0006381620931716656,1566,414,False,False,361.7606173953638
feature_582,1,0.0006381620931716656,1566,171,False,False,1.1582028742972065e-05
feature_583,1,0.0006381620931716656,1566,227,False,False,0.00029496120465381044
feature_584,1,0.0006381620931716656,1566,68,False,False,1.3832871251156026e-05
feature_585,1,0.0006381620931716656,1566,1502,False,False,12.794146055530526
feature_586,1,0.0006381620931716656,1566,322,False,False,0.00015262698833692985
feature_587,1,0.0006381620931716656,1566,260,False,False,7.752314414791326e-05
feature_588,1,0.0006381620931716656,1566,120,False,False,8.214849936143038e-06
feature_589,1,0.0006381620931716656,1566,611,False,False,8810.063098428887
feature_020,0,0.0,1567,552,False,False,0.0002799461450407638
feature_086,0,0.0,1567,472,False,False,0.0013927784751713403
feature_087,0,0.0,1567,249,False,False,0.00016496170686979255
feature_088,0,0.0,1567,973,False,False,2864.4093194049333
feature_113,0,0.0,1567,468,False,False,0.0001471126441209877
feature_114,0,0.0,1567,20,False,False,2.780762471344811e-06
feature_115,0,0.0,1567,1567,False,False,2394.5000073335987
feature_116,0,0.0,1567,136,False,False,9.012604102889486e-05
feature_117,0,0.0,1567,1527,False,False,42.03064820094567
feature_119,0,0.0,1567,249,False,False,8.002565892170562e-05
feature_120,0,0.0,1567,1269,False,False,0.015441720976783035
feature_156,0,0.0,1567,722,False,False,0.006264599122863104
feature_221,0,0.0,1567,408,False,False,0.0005427869862092643
feature_222,0,0.0,1567,178,False,False,0.0031269251541749935
feature_223,0,0.0,1567,973,False,False,3040.2432243367616
feature_248,0,0.0,1567,426,False,False,0.0024225453299118833
feature_249,0,0.0,1567,23,False,False,0.00024855902648311597
feature_250,0,0.0,1567,1566,False,False,2978.960053466944
feature_251,0,0.0,1567,143,False,False,0.0014032915625523063
feature_252,0,0.0,1567,1533,False,False,4138.891612359618
feature_254,0,0.0,1567,291,False,False,8.334273459991065e-05
feature_255,0,0.0,1567,1317,False,False,0.014471071303092782
feature_291,0,0.0,1567,354,False,False,0.0006523257128335741
feature_359,0,0.0,1567,215,False,False,5.089509840198837e-05
feature_360,0,0.0,1567,97,False,False,0.00039984742574696925
feature_361,0,0.0,1567,972,False,False,290.7318545187612
feature_386,0,0.0,1567,191,False,False,0.00023972919707642755
feature_387,0,0.0,1567,22,False,False,2.4877572630135992e-05
feature_388,0,0.0,1567,1564,False,False,296.58025279891945
feature_389,0,0.0,1567,92,False,False,0.00013952886085011985
feature_390,0,0.0,1567,1458,False,False,412.8994868574836
feature_392,0,0.0,1567,109,False,False,8.72972176214188e-06
feature_393,0,0.0,1567,953,False,False,0.0014742708796170539
feature_429,0,0.0,1567,1542,False,False,41.38782179958794
feature_493,0,0.0,1567,572,False,False,0.9479699270817665
feature_494,0,0.0,1567,894,False,False,43.73294803539054
feature_495,0,0.0,1567,964,False,False,10.620944547270943
feature_520,0,0.0,1567,1536,False,False,32.496231346055666
feature_521,0,0.0,1567,9,False,False,10627.565808750454
feature_522,0,0.0,1567,1562,False,False,50.44078530536073
feature_523,0,0.0,1567,1040,False,False,17.19144717534141
feature_524,0,0.0,1567,1543,False,False,426.70420552963026
feature_526,0,0.0,1567,1514,False,False,0.9179971308930401
feature_527,0,0.0,1567,1549,False,False,3.56490217087113
feature_570,0,0.0,1567,814,False,False,306.04532945358676
feature_571,0,0.0,1567,811,False,False,0.07563822674146779
feature_572,0,0.0,1567,518,False,False,7443.74466603565
feature_573,0,0.0,1567,754,False,False,0.06170197690448623
feature_574,0,0.0,1567,830,False,False,724.2320238922639
feature_575,0,0.0,1567,599,False,False,0.004592702984814839
feature_576,0,0.0,1567,820,False,False,286.1499920747406
feature_577,0,0.0,1567,851,False,False,155.7824138460998
