feature,logistic_top20_frequency,mean_absolute_coefficient,mean_standardized_coefficient,sign_consistency,rf_top20_frequency,mean_ap_drop,ap_drop_std_across_folds,logistic_rank,rf_rank,meets_either_method_60pct_rule,meets_both_methods_60pct_rule,evidence_frequency_sum,mean_rank
feature_059,1.0,1.3094166170626083,1.3094166170626083,1.0,0.6,0.010180335321113832,0.013767145876719044,1.0,2.0,True,True,1.6,1.5
feature_205,0.7333333333333333,0.7903467512401868,0.7903467512401868,1.0,0.4,0.005335792696020061,0.007748260641018905,5.0,12.0,True,False,1.1333333333333333,8.5
feature_132,0.8666666666666667,0.9573495190615737,-0.9573495190615737,1.0,0.2,0.0017455668302474709,0.004587104733334131,3.0,89.0,True,False,1.0666666666666667,46.0
feature_216,0.9333333333333333,0.9883024792228275,0.9883024792228275,1.0,0.0,-0.00019724102886733248,0.0050619207553085615,2.0,411.0,True,False,0.9333333333333333,206.5
feature_103,0.2,0.3476541682830604,0.21275491222932133,0.7333333333333333,0.6,0.008938893704896913,0.005273160617521747,103.0,3.0,True,False,0.8,53.0
feature_033,0.0,0.1343143751257022,0.01875204389189936,0.5333333333333333,0.8,0.013397438242269372,0.01332072181373725,387.0,1.0,True,False,0.8,194.0
feature_031,0.0,0.24673375956225704,0.18628152156911285,0.8,0.6,0.004199068704416217,0.0074176064546379395,189.0,17.0,True,False,0.6,103.0
feature_056,0.6,0.7874807139334297,0.7874807139334297,1.0,0.0,-0.0017047357640828393,0.004593814067194854,6.0,538.0,True,False,0.6,272.0
feature_078,0.5333333333333333,0.7299823403415867,-0.7299823403415867,1.0,0.2,6.271191672954681e-05,0.0060448638926038235,7.0,252.0,False,False,0.7333333333333334,129.5
feature_040,0.4666666666666667,0.6121282866768265,-0.6121282866768265,1.0,0.2,0.0014032741106856522,0.0076608345039250745,19.0,111.0,False,False,0.6666666666666667,65.0
feature_563,0.26666666666666666,0.6275626991947639,-0.6275626991947639,1.0,0.4,0.0007495689201534135,0.007328674541997187,17.0,169.0,False,False,0.6666666666666667,93.0
feature_021,0.4,0.6089375651828947,0.6089375651828947,1.0,0.2,0.0036748545338718187,0.0031951679307831594,20.0,23.0,False,False,0.6000000000000001,21.5
feature_014,0.13333333333333333,0.4599265513833082,-0.4509669510296346,0.8666666666666667,0.4,0.005222999587157314,0.00548321513749621,54.0,13.0,False,False,0.5333333333333333,33.5
feature_129,0.5333333333333333,0.8134700855428149,0.8134700855428149,1.0,0.0,0.0007068170223452205,0.007585631190047082,4.0,172.0,False,False,0.5333333333333333,88.0
feature_075,0.5333333333333333,0.6368444762269821,0.6368444762269821,1.0,0.0,-0.001391052720987503,0.0038587275180181845,14.0,523.0,False,False,0.5333333333333333,268.5
feature_477,0.06666666666666667,0.4986463438951064,0.4986463438951064,1.0,0.4,0.007999044008342235,0.009978082552686202,46.0,4.0,False,False,0.4666666666666667,25.0
feature_030,0.4666666666666667,0.6630443030131107,-0.6630443030131107,1.0,0.0,0.0021006025602588446,0.004541033030596773,10.0,63.0,False,False,0.4666666666666667,36.5
feature_488,0.26666666666666666,0.5039291966514439,-0.5039291966514439,1.0,0.2,0.0008036994516935477,0.0027388838032735324,41.0,163.0,False,False,0.4666666666666667,102.0
feature_081,0.06666666666666667,0.23798846838964685,0.23798846838964685,1.0,0.4,0.0028347196848319115,0.008632428269928522,203.0,38.0,False,False,0.4666666666666667,120.5
feature_510,0.06666666666666667,0.22711180587303711,0.12505218490916029,0.6666666666666666,0.4,0.0004894080989263104,0.010799989715841746,218.0,199.0,False,False,0.4666666666666667,208.5
feature_305,0.4666666666666667,0.6600559906919419,-0.6600559906919419,1.0,0.0,-0.0005652430416452839,0.003772939221526404,11.0,456.0,False,False,0.4666666666666667,233.5
feature_415,0.4,0.6767690954461295,-0.6767690954461295,1.0,0.0,0.0017507611848100828,0.00501052252200146,8.0,87.0,False,False,0.4,47.5
feature_341,0.0,0.3508819320597887,0.34477970720685813,0.9333333333333333,0.4,0.006328874759632799,0.011411009876356293,100.0,6.0,False,False,0.4,53.0
feature_061,0.4,0.6303548373626764,0.6303548373626764,1.0,0.0,0.0013257241020304881,0.005885576534838671,16.0,120.0,False,False,0.4,68.0
feature_587,0.0,0.23938684933231322,0.14228855821282013,0.8,0.4,0.004217544408616167,0.004334402051088798,200.0,16.0,False,False,0.4,108.0
feature_130,0.0,0.26036273453506326,0.1220382951949509,0.7333333333333333,0.4,0.0022060814152693787,0.009585423275847854,173.0,58.0,False,False,0.4,115.5
feature_174,0.0,0.21999470133426471,0.21999470133426471,1.0,0.4,0.0055182501924302,0.004985497846529088,231.0,10.0,False,False,0.4,120.5
feature_577,0.2,0.5646501060866679,-0.5646501060866679,1.0,0.2,0.00033584823583146343,0.006661849817909398,28.0,217.0,False,False,0.4,122.5
feature_323,0.0,0.18578702665185265,0.160922740912563,0.9333333333333333,0.4,0.005031161186819009,0.005303663422693467,297.0,14.0,False,False,0.4,155.5
feature_307,0.0,0.1696362487166798,0.06394177669445908,0.7333333333333333,0.4,0.007761893959630646,0.005774193966455953,327.0,5.0,False,False,0.4,166.0
feature_309,0.0,0.1696368233535882,0.06361164188239272,0.7333333333333333,0.4,0.005501056593757261,0.00774707051498037,326.0,11.0,False,False,0.4,168.5
feature_152,0.0,0.1594513378836828,0.0005723757290928749,0.6666666666666667,0.4,0.004384381446572184,0.007302515009067244,350.0,15.0,False,False,0.4,182.5
feature_180,0.0,0.138572156833095,0.1101118791458134,0.8,0.4,0.002161675665586502,0.0077649166216196995,381.0,61.0,False,False,0.4,221.0
feature_425,0.4,0.6588844961213215,0.6339110005329098,0.9333333333333333,0.0,-0.00039806115664206933,0.0062926807587386025,12.0,438.0,False,False,0.4,225.0
feature_500,0.13333333333333333,0.5290424816025852,0.5290424816025852,1.0,0.2,0.0025243485290525336,0.003363128227005105,38.0,42.0,False,False,0.33333333333333337,40.0
feature_270,0.13333333333333333,0.421958480196181,-0.3280541491850441,0.8,0.2,0.002343413473826431,0.004703025780673002,66.0,49.0,False,False,0.33333333333333337,57.5
feature_025,0.3333333333333333,0.6051174913495536,0.6051174913495536,1.0,0.0,0.0014383050515262264,0.006378391792610011,21.0,110.0,False,False,0.3333333333333333,65.5
feature_041,0.3333333333333333,0.51481573334916,-0.51481573334916,1.0,0.0,0.0006784262740066327,0.0027280555366466395,40.0,175.0,False,False,0.3333333333333333,107.5
feature_277,0.3333333333333333,0.6684219026869485,0.6684219026869485,1.0,0.0,0.00039405020401180323,0.0015127893883579656,9.0,211.0,False,False,0.3333333333333333,110.0
feature_022,0.3333333333333333,0.6186105688625629,-0.6186105688625629,1.0,0.0,-0.0003966894313940557,0.0012286059341570634,18.0,437.0,False,False,0.3333333333333333,227.5
feature_348,0.3333333333333333,0.578415431700262,0.578415431700262,1.0,0.0,-0.0017843015076849638,0.001700659828860313,22.0,545.0,False,False,0.3333333333333333,283.5
feature_142,0.26666666666666666,0.5704472414932588,-0.5704472414932588,1.0,0.0,0.0032774242994595914,0.004977685176022402,26.0,30.0,False,False,0.26666666666666666,28.0
feature_111,0.06666666666666667,0.42538245502455724,-0.42538245502455724,1.0,0.2,0.0030988942177064107,0.006781135670023539,65.0,33.0,False,False,0.26666666666666666,49.0
feature_197,0.06666666666666667,0.48696329673453176,0.48696329673453176,1.0,0.2,0.0021967407349214466,0.008420316543015213,48.0,59.0,False,False,0.26666666666666666,53.5
feature_124,0.26666666666666666,0.6392303371413296,-0.6392303371413296,1.0,0.0,0.0014604277428817293,0.007427400940691707,13.0,104.0,False,False,0.26666666666666666,58.5
feature_131,0.06666666666666667,0.34911229969680396,0.34446620055231286,0.9333333333333333,0.2,0.0038723468769887104,0.0050362453269637,101.0,22.0,False,False,0.26666666666666666,61.5
feature_363,0.26666666666666666,0.534703566972005,-0.5334741224741036,0.9333333333333333,0.0,0.0006867845640545822,0.0012498937818347482,36.0,173.0,False,False,0.26666666666666666,104.5
feature_090,0.06666666666666667,0.23382101386014456,-0.06588439148092741,0.5333333333333333,0.2,0.0016412519173308513,0.004916052979990498,208.0,98.0,False,False,0.26666666666666666,153.0
feature_365,0.26666666666666666,0.5610303155159914,0.5610303155159914,1.0,0.0,-0.0005434398177933175,0.0019122105820781627,29.0,454.0,False,False,0.26666666666666666,241.5
feature_064,0.06666666666666667,0.5735339171898922,0.5735339171898922,1.0,0.2,-0.0008206718584541715,0.01515760796266419,25.0,476.0,False,False,0.26666666666666666,250.5
feature_581,0.26666666666666666,0.5415341131411583,-0.5415341131411583,1.0,0.0,-0.00126342883289427,0.0022145873772658406,33.0,518.0,False,False,0.26666666666666666,275.5
feature_115,0.0,0.38912287827727854,-0.34906053471117093,0.8666666666666667,0.2,0.005569861649073046,0.012847713806891536,81.0,9.0,False,False,0.2,45.0
feature_122,0.0,0.33641740505286205,-0.33641740505286205,1.0,0.2,0.0038915314020259105,0.005046320370391076,110.0,21.0,False,False,0.2,65.5
feature_053,0.0,0.3153148322706091,-0.3153148322706091,1.0,0.2,0.0040572348629279165,0.00998199879679146,125.0,18.0,False,False,0.2,71.5
feature_127,0.0,0.29429554140129144,-0.2908244633248899,0.9333333333333333,0.2,0.0056658072126108865,0.006378852196265898,145.0,7.0,False,False,0.2,76.0
feature_541,0.0,0.31469374339007855,0.31469374339007855,1.0,0.2,0.0031830021614335366,0.008359935624586503,126.0,31.0,False,False,0.2,78.5
feature_017,0.0,0.3295142581371769,0.3088151007376378,0.9333333333333333,0.2,0.002458507321918176,0.00702854908878773,117.0,44.0,False,False,0.2,80.5
feature_407,0.2,0.3859323737913109,-0.35802299851870834,0.8666666666666667,0.0,0.0017796281227799692,0.0051953837221939145,83.0,86.0,False,False,0.2,84.5
feature_524,0.0,0.2835872840531828,0.2835872840531828,1.0,0.2,0.002412856444356145,0.0044161916970162675,154.0,45.0,False,False,0.2,99.5
feature_067,0.2,0.6311149875624892,-0.6311149875624892,1.0,0.0,0.0005171551051483148,0.0029523493334842046,15.0,196.0,False,False,0.2,105.5
feature_354,0.2,0.5770078615314986,-0.5770078615314986,1.0,0.0,0.0003913409665353862,0.002617353260220474,23.0,213.0,False,False,0.2,118.0
feature_406,0.2,0.43831901570461806,0.4053522163741187,0.9333333333333333,0.0,0.0006749945917993494,0.002110606338631683,62.0,176.0,False,False,0.2,119.0
feature_214,0.2,0.5698518290901885,-0.5698518290901885,1.0,0.0,0.00017975403661262638,0.0012350139772745103,27.0,228.0,False,False,0.2,127.5
feature_385,0.0,0.2441453177447222,-0.11902605649601998,0.6666666666666667,0.2,0.0020450703749489785,0.005735369670104761,191.0,68.0,False,False,0.2,129.5
feature_038,0.0,0.21865553670336316,-0.1612793416988198,0.8,0.2,0.0035039027749887617,0.006986918487590798,235.0,25.0,False,False,0.2,130.0
feature_391,0.0,0.2290258712605127,0.20114435171392028,0.8666666666666667,0.2,0.0022915558121590594,0.007739167035802856,215.0,51.0,False,False,0.2,133.0
feature_446,0.0,0.22505976737895736,-0.21778455595471852,0.9333333333333333,0.2,0.002399382225036859,0.005721948309062927,222.0,46.0,False,False,0.2,134.0
feature_274,0.0,0.2266503509004327,0.17292565651141606,0.8666666666666667,0.2,0.0022180848836175103,0.007407697109246556,219.0,55.0,False,False,0.2,137.0
feature_010,0.0,0.23999396094621836,-0.17718000274592588,0.6666666666666667,0.2,0.0019143460785251826,0.00546901747615657,199.0,77.0,False,False,0.2,138.0
feature_172,0.0,0.21858230854113492,0.21858230854113492,1.0,0.2,0.0024803978336911817,0.007582159799890544,236.0,43.0,False,False,0.2,139.5
feature_168,0.2,0.5408218856916472,0.5408218856916472,1.0,0.0,9.117216083533248e-05,0.0041450024668804025,34.0,249.0,False,False,0.2,141.5
feature_125,0.0,0.18090146077475527,0.1483240163506188,0.8,0.2,0.005597589991607358,0.011129196903707289,306.0,8.0,False,False,0.2,157.0
feature_346,0.0,0.22247719569174004,0.22247719569174004,1.0,0.2,0.0015350561673060834,0.00791977137677324,227.0,101.0,False,False,0.2,164.0
feature_076,0.0,0.16343240411370819,0.07553937526252445,0.6666666666666666,0.2,0.004038455703621935,0.004776756641197627,338.0,19.0,False,False,0.2,178.5
feature_175,0.0,0.22738490079170395,-0.21994778178963695,0.9333333333333333,0.2,0.0011374335381591938,0.0029992528019236733,217.0,141.0,False,False,0.2,179.0
feature_272,0.0,0.21646377518817345,-0.1421093907718764,0.7333333333333334,0.2,0.0011381497393308274,0.003651405106927012,243.0,140.0,False,False,0.2,191.5
feature_560,0.0,0.2152816200338742,-0.14429514533672866,0.7333333333333334,0.2,0.0009588703632227396,0.002602345661952554,246.0,154.0,False,False,0.2,200.0
feature_589,0.0,0.20821544287532243,-0.014887417455313476,0.6666666666666666,0.2,0.0009918531177940135,0.005062163434651655,255.0,153.0,False,False,0.2,204.0
feature_019,0.0,0.1602523032473645,-0.014456950126581457,0.5333333333333333,0.2,0.0020930270267406916,0.008045045233942979,347.0,64.0,False,False,0.2,205.5
feature_039,0.0,0.1723717627388393,0.014369269466000768,0.5333333333333333,0.2,0.0016878441567407994,0.005108823005406228,323.0,94.0,False,False,0.2,208.5
feature_091,0.0,0.167457351200336,0.018514998124590055,0.5333333333333333,0.2,0.0014880858556995948,0.005313133567296866,332.0,102.0,False,False,0.2,217.0
feature_163,0.0,0.18631724627774526,-0.07423487629684919,0.6,0.2,0.0007942913793147525,0.0031741877911111594,294.0,164.0,False,False,0.2,229.0
feature_294,0.0,0.1783506572841815,0.1557925371592697,0.8666666666666667,0.2,0.0007679470333854003,0.0021175508958246763,312.0,167.0,False,False,0.2,239.5
feature_285,0.0,0.09252523432365706,-0.029428493225645946,0.5333333333333333,0.2,0.00260458420263955,0.004919342272261462,451.0,40.0,False,False,0.2,245.5
feature_290,0.0,0.11623243847275777,0.020056704010962045,0.6,0.2,0.0019191338167608412,0.007922571143688321,423.0,76.0,False,False,0.2,249.5
feature_585,0.0,0.06221432344261644,0.03854432142322528,0.6666666666666666,0.2,0.0030843950937260094,0.0074567116082848925,468.0,34.0,False,False,0.2,251.0
feature_169,0.0,0.1594022554335851,-0.15351044006196643,0.8666666666666667,0.2,0.0008946940201067568,0.002397203983095524,351.0,156.0,False,False,0.2,253.5
feature_137,0.0,0.13430420695112877,0.058940230051919354,0.7333333333333333,0.2,0.0011090475976085405,0.0030228849122273705,388.0,146.0,False,False,0.2,267.0
feature_286,0.0,0.1753477644391494,-0.14377986553447977,0.8,0.2,0.00021773080585400298,0.007768573947186099,318.0,227.0,False,False,0.2,272.5
feature_479,0.0,0.11574723381498767,-0.02686556912534106,0.7333333333333334,0.2,0.001299973804127843,0.0047997930186923264,424.0,125.0,False,False,0.2,274.5
feature_345,0.0,0.1566950419262169,0.0680597671965108,0.6666666666666666,0.2,0.00027323966275364964,0.005951579052100109,358.0,223.0,False,False,0.2,290.5
feature_447,0.0,0.1270617908758643,0.0019865629773512766,0.6,0.2,0.0004216897699386695,0.004125636132439186,401.0,206.0,False,False,0.2,303.5
feature_126,0.0,0.2844671437697001,0.2844671437697001,1.0,0.2,-0.0007065917157877559,0.006691752186482361,152.0,468.0,False,False,0.2,310.0
feature_102,0.0,0.25122051978839444,-0.23775625137465387,0.9333333333333333,0.2,-0.00046141022345965176,0.00442655772144333,186.0,445.0,False,False,0.2,315.5
feature_065,0.0,0.12226846026631003,-0.07868924191961993,0.6666666666666667,0.2,0.00026138590098874584,0.008219498280725848,414.0,224.0,False,False,0.2,319.0
feature_195,0.0,0.19271935746913668,0.18514867535651808,0.9333333333333333,0.2,-0.00019929869162916837,0.002907409454298445,278.0,412.0,False,False,0.2,345.0
feature_441,0.0,0.25160085554613965,0.2368823354347083,0.9333333333333333,0.2,-0.001119693804970114,0.008351138681865766,184.0,510.0,False,False,0.2,347.0
feature_213,0.0,0.2947851545587615,0.19627964079518784,0.7333333333333333,0.2,-0.00399460476477735,0.010386288253868297,143.0,584.0,False,False,0.2,363.5
feature_351,0.0,0.2543677282608742,0.07033819230263876,0.7333333333333333,0.2,-0.006773517870162918,0.012921932229829755,179.0,590.0,False,False,0.2,384.5
feature_247,0.0,0.2164682065227019,0.16242750026082026,0.8,0.2,-0.0024251638183366655,0.006625687999530448,242.0,566.0,False,False,0.2,404.0
feature_452,0.0,0.12236915137953909,0.08443409689915317,0.8,0.2,-0.001541061063203299,0.008120260994618985,412.0,529.0,False,False,0.2,470.5
feature_026,0.13333333333333333,0.474681459442397,-0.41175862761407267,0.8,0.0,0.002206539974342725,0.005481957026886593,50.0,57.0,False,False,0.13333333333333333,53.5
feature_310,0.13333333333333333,0.46088870715635905,0.45604749547016765,0.9333333333333333,0.0,0.0020716452940049202,0.004059556596946801,53.0,66.0,False,False,0.13333333333333333,59.5
feature_060,0.13333333333333333,0.39804245873552585,0.39516253593186385,0.9333333333333333,0.0,0.0018464985761089958,0.00634139696341321,76.0,79.0,False,False,0.13333333333333333,77.5
feature_499,0.13333333333333333,0.4960999260974272,-0.4960999260974272,1.0,0.0,0.0007720882028752244,0.004725875447333386,47.0,166.0,False,False,0.13333333333333333,106.5
feature_316,0.13333333333333333,0.3964858307397677,-0.38498140928836816,0.9333333333333333,0.0,0.0009540386669649736,0.006873236472698921,78.0,155.0,False,False,0.13333333333333333,116.5
feature_000,0.13333333333333333,0.3110431457030211,-0.28506771871681114,0.9333333333333333,0.0,0.0011593745195571806,0.0031260658342094337,127.0,135.0,False,False,0.13333333333333333,131.0
feature_107,0.13333333333333333,0.5367362447858585,0.5367362447858585,1.0,0.0,0.00011287557712606282,0.0038642187532322413,35.0,244.0,False,False,0.13333333333333333,139.5
feature_029,0.13333333333333333,0.41635163035122186,0.41635163035122186,1.0,0.0,0.00029603689121954956,0.0007680175701845742,69.0,219.0,False,False,0.13333333333333333,144.0
feature_249,0.13333333333333333,0.541682736747405,0.541682736747405,1.0,0.0,1.7472876090033712e-06,3.907053869974611e-06,32.0,262.0,False,False,0.13333333333333333,147.0
feature_072,0.13333333333333333,0.3434231980085949,0.30663829496540995,0.8,0.0,0.00010506066040872342,0.0015891948326766606,104.0,246.0,False,False,0.13333333333333333,175.0
feature_566,0.13333333333333333,0.5033797364447533,-0.5033797364447533,1.0,0.0,-0.00032056882935515,0.0014055828742859488,43.0,424.0,False,False,0.13333333333333333,233.5
feature_567,0.13333333333333333,0.45100192339506495,0.45100192339506495,1.0,0.0,-0.00020333393923380178,0.0019101073163411818,57.0,414.0,False,False,0.13333333333333333,235.5
feature_578,0.13333333333333333,0.5165988798023304,-0.4598133325727745,0.9333333333333333,0.0,-0.00047336409699077494,0.003513209566153766,39.0,448.0,False,False,0.13333333333333333,243.5
feature_413,0.13333333333333333,0.39220265680239846,0.11824757774837534,0.7333333333333333,0.0,-0.00022325538077428618,0.000923135437569917,80.0,415.0,False,False,0.13333333333333333,247.5
feature_094,0.13333333333333333,0.443096411300334,-0.443096411300334,1.0,0.0,-0.0003958345534885037,0.0017095694223242404,61.0,436.0,False,False,0.13333333333333333,248.5
feature_119,0.13333333333333333,0.4051575909549671,-0.40158591861465254,0.9333333333333333,0.0,-0.00047180568147598784,0.0010747845749734686,71.0,446.0,False,False,0.13333333333333333,258.5
feature_271,0.13333333333333333,0.3397289418784542,0.2776164521154469,0.8,0.0,-0.00028943142121766913,0.0032409148353686073,108.0,420.0,False,False,0.13333333333333333,264.0
feature_188,0.13333333333333333,0.4513294180920918,0.44779696677555364,0.9333333333333333,0.0,-0.0008962696197486686,0.001663684621491528,56.0,484.0,False,False,0.13333333333333333,270.0
feature_113,0.13333333333333333,0.5750744944676031,0.5750744944676031,1.0,0.0,-0.0016686013902446413,0.003703797904240001,24.0,537.0,False,False,0.13333333333333333,280.5
feature_301,0.13333333333333333,0.37278937368956516,0.37278937368956516,1.0,0.0,-0.0009678355102146522,0.003277297184152338,89.0,495.0,False,False,0.13333333333333333,292.0
feature_317,0.13333333333333333,0.3942689267405811,-0.3942689267405811,1.0,0.0,-0.003416220558676656,0.010381603612160334,79.0,577.0,False,False,0.13333333333333333,328.0
feature_016,0.13333333333333333,0.3177059607341392,0.28248750137775674,0.8666666666666667,0.0,-0.0019984335279307265,0.004203579921699085,123.0,557.0,False,False,0.13333333333333333,340.0
feature_204,0.06666666666666667,0.533221472145852,-0.533221472145852,1.0,0.0,0.0016487262497289746,0.0044144409668469085,37.0,97.0,False,False,0.06666666666666667,67.0
feature_048,0.06666666666666667,0.35946576983225825,-0.3516147992225397,0.8666666666666667,0.0,0.0021680993584994573,0.006449652804922774,97.0,60.0,False,False,0.06666666666666667,78.5
feature_562,0.06666666666666667,0.3572976820423758,-0.3572976820423758,1.0,0.0,0.0021491232746333375,0.005429495384062304,98.0,62.0,False,False,0.06666666666666667,80.0
feature_573,0.06666666666666667,0.40845225872565416,-0.40845225872565416,1.0,0.0,0.0014458012529326935,0.0075973203034329796,70.0,106.0,False,False,0.06666666666666667,88.0
feature_471,0.06666666666666667,0.45690208343705907,0.45690208343705907,1.0,0.0,0.001160957667249516,0.003932181695764285,55.0,134.0,False,False,0.06666666666666667,94.5
feature_020,0.06666666666666667,0.4022937258700837,0.388093239659802,0.9333333333333333,0.0,0.0012036153379985906,0.002052601362181333,74.0,132.0,False,False,0.06666666666666667,103.0
feature_299,0.06666666666666667,0.4484664245682082,-0.4484664245682082,1.0,0.0,0.0010064005536882027,0.0025014421171440757,58.0,152.0,False,False,0.06666666666666667,105.0
feature_100,0.06666666666666667,0.30608823806901836,0.30608823806901836,1.0,0.0,0.0017479177271519635,0.0023446199389179287,131.0,88.0,False,False,0.06666666666666667,109.5
feature_542,0.06666666666666667,0.3016822842646702,0.2815084025868823,0.8,0.0,0.0016698145396926024,0.0038118852678365013,134.0,95.0,False,False,0.06666666666666667,114.5
feature_349,0.06666666666666667,0.42924461106070294,0.41047107979582154,0.9333333333333333,0.0,0.00047544676983787463,0.0012474053204437987,64.0,202.0,False,False,0.06666666666666667,133.0
feature_388,0.06666666666666667,0.3982622535750087,0.3982622535750087,1.0,0.0,0.000502662610921852,0.00281702059994518,75.0,198.0,False,False,0.06666666666666667,136.5
feature_361,0.06666666666666667,0.3034074405412674,0.2790717528966942,0.8666666666666667,0.0,0.0011335850078351233,0.00677575406384446,132.0,143.0,False,False,0.06666666666666667,137.5
feature_282,0.06666666666666667,0.28655379961837074,0.28655379961837074,1.0,0.0,0.0011383275697219714,0.006497285948907976,151.0,139.0,False,False,0.06666666666666667,145.0
feature_387,0.06666666666666667,0.5029177666010561,0.5029177666010561,1.0,0.0,4.895840983084229e-06,1.0947433245205733e-05,44.0,261.0,False,False,0.06666666666666667,152.5
feature_006,0.06666666666666667,0.2998049617550584,-0.13551766218665617,0.7333333333333334,0.0,0.0006370797929723005,0.004115098770875252,135.0,183.0,False,False,0.06666666666666667,159.0
feature_358,0.06666666666666667,0.404600442238956,0.3682152762404983,0.8,0.0,6.786452033902268e-06,1.5174968073847179e-05,73.0,259.0,False,False,0.06666666666666667,166.0
feature_389,0.06666666666666667,0.2842902307588958,-0.27655420298509553,0.8666666666666667,0.0,0.00016867919301914434,0.0026814651887344123,153.0,231.0,False,False,0.06666666666666667,192.0
feature_210,0.06666666666666667,0.28329673098118824,-0.1916493503084655,0.6666666666666667,0.0,3.589209339652777e-05,0.008016801364862096,156.0,254.0,False,False,0.06666666666666667,205.0
feature_164,0.06666666666666667,0.5473410135994959,-0.5473410135994959,1.0,0.0,-6.515506406914999e-05,0.002226750634677233,31.0,396.0,False,False,0.06666666666666667,213.5
feature_333,0.06666666666666667,0.5035522320660367,0.5035522320660367,1.0,0.0,-0.00010661813232691313,0.0051988966116329385,42.0,400.0,False,False,0.06666666666666667,221.0
feature_302,0.06666666666666667,0.43725558054826463,0.43725558054826463,1.0,0.0,-0.0006737097806945037,0.0018037234387647321,63.0,465.0,False,False,0.06666666666666667,264.0
feature_087,0.06666666666666667,0.18812448070190255,-0.011874122703254228,0.6,0.0,1.1671769489949658e-05,0.0012750554351923097,289.0,257.0,False,False,0.06666666666666667,273.0
feature_089,0.06666666666666667,0.39654645065511324,0.18147804928106195,0.7333333333333333,0.0,-0.0007656933557133502,0.005508273303177191,77.0,471.0,False,False,0.06666666666666667,274.0
feature_292,0.06666666666666667,0.2916665261222645,0.048803917541047896,0.7333333333333333,0.0,-0.00019935949840433343,0.0006252562516757172,149.0,413.0,False,False,0.06666666666666667,281.0
feature_251,0.06666666666666667,0.2995324696724796,-0.29928595347452736,0.9333333333333333,0.0,-0.0003869687873005215,0.0019208420114027384,136.0,433.0,False,False,0.06666666666666667,284.5
feature_384,0.06666666666666667,0.26741856151308574,-0.26741856151308574,1.0,0.0,-0.0003578854914245866,0.0005453606484549424,168.0,429.0,False,False,0.06666666666666667,298.5
feature_476,0.06666666666666667,0.34799319685944863,-0.34031114752099295,0.9333333333333333,0.0,-0.0014543909546874548,0.0023178816026420326,102.0,525.0,False,False,0.06666666666666667,313.5
feature_547,0.06666666666666667,0.4620805295107932,0.4620805295107932,1.0,0.0,-0.004409964914928089,0.004105278850993009,52.0,586.0,False,False,0.06666666666666667,319.0
feature_146,0.06666666666666667,0.4170441819815118,-0.4170441819815118,1.0,0.0,-0.003554523236083925,0.00594804525505068,68.0,578.0,False,False,0.06666666666666667,323.0
feature_108,0.06666666666666667,0.2930840624396298,-0.2920994754888992,0.9333333333333333,0.0,-0.0010895438987953549,0.002895160878398187,147.0,508.0,False,False,0.06666666666666667,327.5
feature_523,0.06666666666666667,0.29122875642366386,-0.2887425471928715,0.9333333333333333,0.0,-0.0011367060921815258,0.002723624398183396,150.0,513.0,False,False,0.06666666666666667,331.5
feature_278,0.06666666666666667,0.22204657450395165,0.026623079171181983,0.5333333333333333,0.0,-0.000552624540360852,0.0021046592794204395,228.0,455.0,False,False,0.06666666666666667,341.5
feature_491,0.06666666666666667,0.2523884218479941,0.2523884218479941,1.0,0.0,-0.00145834253938113,0.002392399696978606,182.0,526.0,False,False,0.06666666666666667,354.0
feature_281,0.06666666666666667,0.2232062238529159,-0.18940866875042048,0.7333333333333334,0.0,-0.002153418442498334,0.004930918576814997,226.0,560.0,False,False,0.06666666666666667,393.0
feature_340,0.0,0.5502126370044318,-0.5502126370044318,1.0,0.0,0.0015490046196245072,0.004733453510046085,30.0,100.0,False,False,0.0,65.0
feature_058,0.0,0.316533632877071,0.30772548723650495,0.8666666666666667,0.0,0.003648916979261181,0.0077389345880606135,124.0,24.0,False,False,0.0,74.0
feature_155,0.0,0.29600142884536784,-0.29600142884536784,1.0,0.0,0.003426433176250121,0.003215567428560338,140.0,26.0,False,False,0.0,83.0
feature_548,0.0,0.33886783107048013,-0.3010609488576428,0.8666666666666667,0.0,0.0019700296015037035,0.004283662195023177,109.0,71.0,False,False,0.0,90.0
feature_576,0.0,0.33345928410245335,0.3289914061920128,0.9333333333333333,0.0,0.0019618197070018885,0.005635549908634875,112.0,74.0,False,False,0.0,93.0
feature_133,0.0,0.38814971311730173,0.3583170882064117,0.9333333333333333,0.0,0.001445428778342191,0.00541664444897436,82.0,107.0,False,False,0.0,94.5
feature_588,0.0,0.323682425500932,0.323682425500932,1.0,0.0,0.0018366112505505312,0.003747816754547548,119.0,81.0,False,False,0.0,100.0
feature_239,0.0,0.2550664787901622,0.13186119798679974,0.8,0.0,0.003412817983001977,0.005366847876531607,178.0,27.0,False,False,0.0,102.5
feature_138,0.0,0.3527012908486016,0.3527012908486016,1.0,0.0,0.0014029640885674544,0.004876407184536461,99.0,112.0,False,False,0.0,105.5
feature_469,0.0,0.3707762306898665,0.3707762306898665,1.0,0.0,0.0013536561572346268,0.006164294936619962,94.0,118.0,False,False,0.0,106.0
feature_143,0.0,0.29452089406229537,-0.29452089406229537,1.0,0.0,0.00201179550577519,0.004306933710992253,144.0,70.0,False,False,0.0,107.0
feature_215,0.0,0.2949753526393662,-0.2949753526393662,1.0,0.0,0.001801616283386015,0.002900134980540179,142.0,84.0,False,False,0.0,113.0
feature_555,0.0,0.32876205708283235,-0.2899476034901222,0.8,0.0,0.0013200988927552892,0.003930189494480083,118.0,121.0,False,False,0.0,119.5
feature_376,0.0,0.23661397641611745,0.07911887197618687,0.6666666666666666,0.0,0.0026386179371805656,0.006178885155571052,205.0,39.0,False,False,0.0,122.0
feature_431,0.0,0.2574198085294031,0.2574198085294031,1.0,0.0,0.0020243001013781495,0.004344381066260514,175.0,69.0,False,False,0.0,122.0
feature_343,0.0,0.26654582039397584,-0.26654582039397584,1.0,0.0,0.001871186115590031,0.0018366126622654387,169.0,78.0,False,False,0.0,123.5
feature_221,0.0,0.44376730072513637,-0.44376730072513637,1.0,0.0,0.0005377559972591817,0.0016277138286265084,60.0,192.0,False,False,0.0,126.0
feature_338,0.0,0.26109415143098436,-0.26109415143098436,1.0,0.0,0.0017206496116545435,0.004754697624669104,172.0,93.0,False,False,0.0,132.5
feature_104,0.0,0.40480866328821935,-0.40480866328821935,1.0,0.0,0.000509709266166423,0.001971580263836258,72.0,197.0,False,False,0.0,134.5
feature_121,0.0,0.22341382598831747,0.22341382598831747,1.0,0.0,0.002321976567250435,0.004407550048257767,225.0,50.0,False,False,0.0,137.5
feature_473,0.0,0.32071047955920223,0.31727958860754746,0.9333333333333333,0.0,0.0008641799042498771,0.0038663777430655534,122.0,157.0,False,False,0.0,139.5
feature_095,0.0,0.2539575474115774,0.2539575474115774,1.0,0.0,0.001453101833228663,0.0016896427522567368,180.0,105.0,False,False,0.0,142.5
feature_443,0.0,0.20487154364084956,0.20487154364084956,1.0,0.0,0.0032800575898533136,0.006730947168823443,257.0,29.0,False,False,0.0,143.0
feature_054,0.0,0.20978112163883111,-0.2051617678423995,0.9333333333333333,0.0,0.002584112359088714,0.005773167824102429,253.0,41.0,False,False,0.0,147.0
feature_486,0.0,0.3306884432888094,0.3306884432888094,1.0,0.0,0.0006667622025725665,0.0036277477935692144,116.0,179.0,False,False,0.0,147.5
feature_485,0.0,0.22351770585727043,-0.20270333176699365,0.7333333333333334,0.0,0.001967288132740545,0.0024444378996623176,224.0,72.0,False,False,0.0,148.0
feature_170,0.0,0.257073603305649,0.2460577989178418,0.9333333333333333,0.0,0.0013083929413599206,0.0017197284617979894,176.0,124.0,False,False,0.0,150.0
feature_283,0.0,0.30955525495760483,-0.29204796695738616,0.8666666666666667,0.0,0.0006715730500771418,0.0024055794405274384,130.0,178.0,False,False,0.0,154.0
feature_269,0.0,0.21667594250882768,0.21362117198903904,0.9333333333333333,0.0,0.0019637784507531694,0.005323960750589876,240.0,73.0,False,False,0.0,156.5
feature_493,0.0,0.46700432934469893,-0.46700432934469893,1.0,0.0,1.553591000569613e-07,0.0026289026222474123,51.0,264.0,False,False,0.0,157.5
feature_062,0.0,0.3793559320431275,-0.3793559320431275,1.0,0.0,0.00015502946873627164,0.005466960358225365,86.0,233.0,False,False,0.0,159.5
feature_157,0.0,0.4452386163977478,-0.4452386163977478,1.0,0.0,5.834855142379983e-06,0.00016960596902947957,59.0,260.0,False,False,0.0,159.5
feature_238,0.0,0.18390133011603887,0.006628393484189571,0.5333333333333333,0.0,0.003929041123161566,0.006173812627900243,302.0,20.0,False,False,0.0,161.0
feature_066,0.0,0.30319313548110727,0.30319313548110727,1.0,0.0,0.0005555109551567182,0.0056572510065576904,133.0,191.0,False,False,0.0,162.0
feature_248,0.0,0.3355522280126656,-0.3355522280126656,1.0,0.0,0.0003640189248692749,0.00523235773229227,111.0,215.0,False,False,0.0,163.0
feature_101,0.0,0.2925485630464942,-0.22505908784301878,0.8,0.0,0.0006243383588079797,0.0015321192526617654,148.0,184.0,False,False,0.0,166.0
feature_320,0.0,0.18965019565725383,-0.14250665137768995,0.8,0.0,0.0022268568842504794,0.005277142934595119,283.0,54.0,False,False,0.0,168.5
feature_183,0.0,0.2381372844231752,0.23550233751582136,0.9333333333333333,0.0,0.0011525758627278855,0.007770735164692332,201.0,137.0,False,False,0.0,169.0
feature_153,0.0,0.18022444810016475,-0.18022444810016475,1.0,0.0,0.0028648712280279023,0.006208873369953511,308.0,37.0,False,False,0.0,172.5
feature_549,0.0,0.18513504860103847,-0.18416852599881947,0.9333333333333333,0.0,0.00237543513982044,0.00497469270581334,298.0,48.0,False,False,0.0,173.0
feature_084,0.0,0.203996728400363,-0.06349232620896486,0.5333333333333333,0.0,0.0016599788490448204,0.0022630916247588727,259.0,96.0,False,False,0.0,177.5
feature_184,0.0,0.23069566828390203,0.14986498444407176,0.8666666666666667,0.0,0.001113369063670992,0.00523684841536539,211.0,145.0,False,False,0.0,178.0
feature_484,0.0,0.18621280963333517,-0.13402208833261745,0.7333333333333334,0.0,0.002081247464398454,0.0017061022626160473,295.0,65.0,False,False,0.0,180.0
feature_182,0.0,0.18133212804125776,-0.18133212804125776,1.0,0.0,0.002211948045617227,0.006937071691409887,305.0,56.0,False,False,0.0,180.5
feature_200,0.0,0.20384513598415474,0.16257819669458456,0.8,0.0,0.0014387681549133577,0.0071192431839946675,260.0,109.0,False,False,0.0,184.5
feature_445,0.0,0.21602497142411312,0.21602497142411312,1.0,0.0,0.0012691724127208794,0.004077138495894367,245.0,127.0,False,False,0.0,186.0
feature_474,0.0,0.22023195846364413,0.09332360051893027,0.6666666666666666,0.0,0.0011336702296908456,0.004020864980253097,230.0,142.0,False,False,0.0,186.0
feature_289,0.0,0.26821349239858056,-0.23729424453381961,0.8666666666666667,0.0,0.0004126176321346653,0.002297360642784552,166.0,208.0,False,False,0.0,187.0
feature_570,0.0,0.2193188691354828,0.03249259618481735,0.6,0.0,0.0010589168524156646,0.005367346605602425,233.0,148.0,False,False,0.0,190.5
feature_377,0.0,0.16110283769015668,-0.06747247776469353,0.6666666666666667,0.0,0.002917450079190291,0.005189528597108433,346.0,36.0,False,False,0.0,191.0
feature_028,0.0,0.293653470436675,-0.27271923927627423,0.9333333333333333,0.0,0.00011602950817085977,0.004063088388512599,146.0,243.0,False,False,0.0,194.5
feature_070,0.0,0.2990324740327002,-0.2990324740327002,1.0,0.0,1.703297093658319e-05,0.0032684628869669697,138.0,256.0,False,False,0.0,197.0
feature_291,0.0,0.17494714433712358,0.03051519356311884,0.5333333333333333,0.0,0.0018389889308322882,0.004787195828784827,319.0,80.0,False,False,0.0,199.5
feature_569,0.0,0.2015239064338491,-0.151098382183111,0.8666666666666667,0.0,0.0011578322887192665,0.0031636218920721463,264.0,136.0,False,False,0.0,200.0
feature_287,0.0,0.15010387307451858,-0.13648030861001823,0.8666666666666667,0.0,0.0030571268548273893,0.0029463121282006545,368.0,35.0,False,False,0.0,201.5
feature_128,0.0,0.17671916274707009,-0.12947441251738903,0.7333333333333334,0.0,0.0017373786323175023,0.006804257414845791,314.0,91.0,False,False,0.0,202.5
feature_448,0.0,0.2622800680130924,-0.2622800680130924,1.0,0.0,0.0001489681057085913,0.005736108101882535,171.0,234.0,False,False,0.0,202.5
feature_579,0.0,0.1931829425495478,0.09464640363479689,0.6666666666666666,0.0,0.001253295884070112,0.0013804035527857474,277.0,128.0,False,False,0.0,202.5
feature_109,0.0,0.20544133081738522,-0.18562039018048238,0.8,0.0,0.001017959791384321,0.0022876881000091346,256.0,150.0,False,False,0.0,203.0
feature_096,0.0,0.23806542032131178,-0.1196332884934111,0.8,0.0,0.0004368609411523525,0.0019431294179575662,202.0,205.0,False,False,0.0,203.5
feature_417,0.0,0.15920244300319364,-0.12323795782641181,0.8666666666666667,0.0,0.0022498799050182016,0.005244835840111956,354.0,53.0,False,False,0.0,203.5
feature_027,0.0,0.2817757478279504,0.2739285008854476,0.9333333333333333,0.0,2.9143162806364753e-05,0.003313742683492987,158.0,255.0,False,False,0.0,206.5
feature_148,0.0,0.2597097096816012,-0.21434231633557396,0.8666666666666667,0.0,0.00013396483512567167,0.0017630003993804905,174.0,239.0,False,False,0.0,206.5
feature_159,0.0,0.1766251086363804,0.14667241755041943,0.9333333333333333,0.0,0.0016203297838856955,0.004228000591808923,315.0,99.0,False,False,0.0,207.0
feature_440,0.0,0.23461754815457928,-0.23325891532929763,0.9333333333333333,0.0,0.00041554035062752283,0.002562913842632553,207.0,207.0,False,False,0.0,207.0
feature_167,0.0,0.24741924700324386,-0.1388112418629724,0.8,0.0,0.00017923980444582247,0.0023349714392371427,187.0,229.0,False,False,0.0,208.0
feature_047,0.0,0.2676241260274492,0.22866564565177755,0.8,0.0,8.404906615820384e-05,0.005155414858976063,167.0,250.0,False,False,0.0,208.5
feature_224,0.0,0.1868173502969567,-0.15920517091328923,0.9333333333333333,0.0,0.001202557080787986,0.005729327301514207,292.0,133.0,False,False,0.0,212.5
feature_227,0.0,0.2000252421110135,-0.14225092250616692,0.8,0.0,0.0008073274806482345,0.0042592640032079986,267.0,162.0,False,False,0.0,214.5
feature_522,0.0,0.16257208847720564,0.16257208847720564,1.0,0.0,0.001727165387928185,0.004402920015132515,341.0,92.0,False,False,0.0,216.5
feature_429,0.0,0.12704924351919977,-0.0941171255118637,0.6666666666666667,0.0,0.0031072926256046664,0.006474390098498096,402.0,32.0,False,False,0.0,217.0
feature_335,0.0,0.24716570083664557,-0.22723502581363875,0.9333333333333333,0.0,9.284031795718968e-05,0.004216242797818789,188.0,248.0,False,False,0.0,218.0
feature_546,0.0,0.2362097078515158,0.11657832319934937,0.7333333333333333,0.0,0.00017856349552885877,0.0014026897614796462,206.0,230.0,False,False,0.0,218.0
feature_428,0.0,0.22659530479117407,-0.22659530479117407,1.0,0.0,0.0002859707039184773,0.001955301369697425,220.0,220.0,False,False,0.0,220.0
feature_306,0.0,0.15265176863695368,0.10498595762793199,0.6666666666666666,0.0,0.0019225013876390418,0.0035964806968309753,366.0,75.0,False,False,0.0,220.5
feature_489,0.0,0.2171145770101304,0.16172494858486144,0.7333333333333333,0.0,0.0004495412802919188,0.0018996674974388788,239.0,203.0,False,False,0.0,221.0
feature_552,0.0,0.12185715000050713,0.02278134356513069,0.5333333333333333,0.0,0.0032903447113989326,0.006533067737466288,416.0,28.0,False,False,0.0,222.0
feature_416,0.0,0.19879077548616167,-0.17432922266942763,0.8666666666666667,0.0,0.0006569615730495044,0.006051145690228893,268.0,180.0,False,False,0.0,224.0
feature_158,0.0,0.2291359594649907,0.17699058738759937,0.8,0.0,0.00014261621087045354,0.0004742948631128947,214.0,238.0,False,False,0.0,226.0
feature_105,0.0,0.16196401436217922,0.10090704177225024,0.6666666666666666,0.0,0.001354806627953222,0.00206638078881899,342.0,117.0,False,False,0.0,229.5
feature_586,0.0,0.17640686436001365,0.07535766584660701,0.5333333333333333,0.0,0.0011230542971124371,0.006754733845671439,316.0,144.0,False,False,0.0,230.0
feature_080,0.0,0.16171393209540483,-0.11622180617035459,0.8,0.0,0.0013435211685946709,0.0038464489546389258,344.0,119.0,False,False,0.0,231.5
feature_023,0.0,0.19455141943348617,0.18758458051483642,0.8666666666666667,0.0,0.0005813028120349063,0.004877009286585126,276.0,188.0,False,False,0.0,232.0
feature_112,0.0,0.16392831425879414,0.10308633794322268,0.8,0.0,0.0012464653680961668,0.002981259014343089,336.0,129.0,False,False,0.0,232.5
feature_456,0.0,0.16400361341822156,-0.07420733122474488,0.5333333333333333,0.0,0.001242869386142644,0.0020660373537799526,335.0,130.0,False,False,0.0,232.5
feature_495,0.0,0.2119437774055398,-0.1702154226112356,0.8,0.0,0.0003779167689339261,0.004248626540814577,252.0,214.0,False,False,0.0,233.0
feature_419,0.0,0.18464394314970614,0.12410711956473533,0.7333333333333333,0.0,0.0007276053900277986,0.002371167892879722,299.0,170.0,False,False,0.0,234.5
feature_218,0.0,0.2183026810967444,-0.19682231333437503,0.9333333333333333,0.0,0.00014498675067854582,0.0026277068691417105,237.0,236.0,False,False,0.0,236.5
feature_034,0.0,0.2133916743749145,-0.21194946005895382,0.9333333333333333,0.0,0.00026044437266102647,0.0031448188067828503,249.0,225.0,False,False,0.0,237.0
feature_043,0.0,0.1979639398612627,-0.059208236306575075,0.5333333333333333,0.0,0.000404376946040802,0.0012085416093214364,271.0,209.0,False,False,0.0,240.0
feature_187,0.0,0.17105170075383117,0.11843512119112125,0.7333333333333333,0.0,0.0008412546295744541,0.0032928850371027906,324.0,159.0,False,False,0.0,241.5
feature_207,0.0,0.1491785553906606,-0.1107287943894423,0.8,0.0,0.0013978261152914487,0.0024125598456575864,370.0,114.0,False,False,0.0,242.0
feature_405,0.0,0.14288251900433066,-0.08233897254455703,0.6,0.0,0.0014436805739226047,0.004054731655845846,378.0,108.0,False,False,0.0,243.0
feature_051,0.0,0.14850387737971807,-0.06323899886631719,0.7333333333333334,0.0,0.001362404025979569,0.0021093134739333446,371.0,116.0,False,False,0.0,243.5
feature_079,0.0,0.14712640332368493,-0.039944587131779584,0.5333333333333333,0.0,0.0013659358523053853,0.005099610702491096,372.0,115.0,False,False,0.0,243.5
feature_408,0.0,0.10514105318385028,0.06103513750854472,0.6666666666666666,0.0,0.002254629146268346,0.005281741117485376,435.0,52.0,False,False,0.0,243.5
feature_318,0.0,0.14928785665666824,-0.03978358042830668,0.5333333333333333,0.0,0.0013099414626121983,0.005229745924372818,369.0,123.0,False,False,0.0,246.0
feature_487,0.0,0.2019778622760193,0.07170280766324752,0.6,0.0,0.00016130951812990034,0.001681434617010951,263.0,232.0,False,False,0.0,247.5
feature_211,0.0,0.15959060615386148,0.06288181990914773,0.5333333333333333,0.0,0.0011023120232297866,0.002434562973560169,349.0,147.0,False,False,0.0,248.0
feature_511,0.0,0.37118690152619904,0.37118690152619904,1.0,0.0,-0.0001472577715449507,0.0031160607331370735,92.0,406.0,False,False,0.0,249.0
feature_436,0.0,0.12102571032758551,-0.11505508329265905,0.8666666666666667,0.0,0.0018244648021704872,0.004499647890566272,417.0,83.0,False,False,0.0,250.0
feature_480,0.0,0.19003665673088427,-0.1459536953618684,0.7333333333333334,0.0,0.00027937877424560333,0.007011532185734066,281.0,221.0,False,False,0.0,251.0
feature_201,0.0,0.3416750429314786,0.3416750429314786,1.0,0.0,-0.00010841306789488772,0.0032225663414627466,106.0,402.0,False,False,0.0,254.0
feature_202,0.0,0.08191511563392263,-0.012331753300301125,0.6666666666666667,0.0,0.0023864184123019217,0.004002935780253163,462.0,47.0,False,False,0.0,254.5
feature_427,0.0,0.16866871494078145,-0.037096389580554424,0.6,0.0,0.0006527958543357284,0.005025371362848917,329.0,181.0,False,False,0.0,255.0
feature_225,0.0,0.10890668037559195,-0.0034042911491850183,0.6666666666666667,0.0,0.0018349420796718104,0.0034909823687718196,431.0,82.0,False,False,0.0,256.5
feature_273,0.0,0.15340826792590714,-0.04103479784038733,0.6,0.0,0.0010451636326156441,0.0031838531051770684,365.0,149.0,False,False,0.0,257.0
feature_572,0.0,0.13377794619449007,0.13377794619449007,1.0,0.0,0.0012968908856919481,0.0036188454492743854,389.0,126.0,False,False,0.0,257.5
feature_383,0.0,0.1134336114169883,0.09519701196792053,0.9333333333333333,0.0,0.001741586401751947,0.004200529557097622,426.0,90.0,False,False,0.0,258.0
feature_393,0.0,0.16519563239014784,-0.05196193972732858,0.5333333333333333,0.0,0.0006083398950146405,0.004056449043893871,334.0,186.0,False,False,0.0,260.0
feature_171,0.0,0.11671170748220065,-0.06607320395410157,0.7333333333333334,0.0,0.0014651034678176522,0.004338477071765933,422.0,103.0,False,False,0.0,262.5
feature_412,0.0,0.1516658923182807,0.02130726105370393,0.6,0.0,0.0008377260037536841,0.004275037592214118,367.0,160.0,False,False,0.0,263.5
feature_114,0.0,0.19826487366647647,0.02289984054976226,0.5333333333333333,0.0,1.0081576752561199e-05,2.2543090939108417e-05,270.0,258.0,False,False,0.0,264.0
feature_557,0.0,0.2985809783271119,0.2985809783271119,1.0,0.0,-2.0873705104542372e-05,0.004125673746205429,139.0,389.0,False,False,0.0,264.0
feature_324,0.0,0.2990504920313308,-0.21926673624390033,0.7333333333333334,0.0,-5.479710056298659e-05,0.0027489844533407346,137.0,392.0,False,False,0.0,264.5
feature_005,0.0,,,,0.0,0.0,0.0,,265.0,False,False,0.0,265.0
feature_013,0.0,,,,0.0,0.0,0.0,,265.0,False,False,0.0,265.0
feature_042,0.0,,,,0.0,0.0,0.0,,265.0,False,False,0.0,265.0
feature_049,0.0,,,,0.0,0.0,0.0,,265.0,False,False,0.0,265.0
feature_052,0.0,,,,0.0,0.0,0.0,,265.0,False,False,0.0,265.0
feature_069,0.0,,,,0.0,0.0,0.0,,265.0,False,False,0.0,265.0
feature_097,0.0,,,,0.0,0.0,0.0,,265.0,False,False,0.0,265.0
feature_141,0.0,,,,0.0,0.0,0.0,,265.0,False,False,0.0,265.0
feature_149,0.0,,,,0.0,0.0,0.0,,265.0,False,False,0.0,265.0
feature_178,0.0,,,,0.0,0.0,0.0,,265.0,False,False,0.0,265.0
feature_179,0.0,,,,0.0,0.0,0.0,,265.0,False,False,0.0,265.0
feature_186,0.0,,,,0.0,0.0,0.0,,265.0,False,False,0.0,265.0
feature_189,0.0,,,,0.0,0.0,0.0,,265.0,False,False,0.0,265.0
feature_190,0.0,,,,0.0,0.0,0.0,,265.0,False,False,0.0,265.0
feature_191,0.0,,,,0.0,0.0,0.0,,265.0,False,False,0.0,265.0
feature_192,0.0,,,,0.0,0.0,0.0,,265.0,False,False,0.0,265.0
feature_193,0.0,,,,0.0,0.0,0.0,,265.0,False,False,0.0,265.0
feature_194,0.0,,,,0.0,0.0,0.0,,265.0,False,False,0.0,265.0
feature_226,0.0,,,,0.0,0.0,0.0,,265.0,False,False,0.0,265.0
feature_229,0.0,,,,0.0,0.0,0.0,,265.0,False,False,0.0,265.0
feature_230,0.0,,,,0.0,0.0,0.0,,265.0,False,False,0.0,265.0
feature_231,0.0,,,,0.0,0.0,0.0,,265.0,False,False,0.0,265.0
feature_232,0.0,,,,0.0,0.0,0.0,,265.0,False,False,0.0,265.0
feature_233,0.0,,,,0.0,0.0,0.0,,265.0,False,False,0.0,265.0
feature_234,0.0,,,,0.0,0.0,0.0,,265.0,False,False,0.0,265.0
feature_235,0.0,,,,0.0,0.0,0.0,,265.0,False,False,0.0,265.0
feature_236,0.0,,,,0.0,0.0,0.0,,265.0,False,False,0.0,265.0
feature_237,0.0,,,,0.0,0.0,0.0,,265.0,False,False,0.0,265.0
feature_240,0.0,,,,0.0,0.0,0.0,,265.0,False,False,0.0,265.0
feature_241,0.0,,,,0.0,0.0,0.0,,265.0,False,False,0.0,265.0
feature_242,0.0,,,,0.0,0.0,0.0,,265.0,False,False,0.0,265.0
feature_243,0.0,,,,0.0,0.0,0.0,,265.0,False,False,0.0,265.0
feature_256,0.0,,,,0.0,0.0,0.0,,265.0,False,False,0.0,265.0
feature_257,0.0,,,,0.0,0.0,0.0,,265.0,False,False,0.0,265.0
feature_258,0.0,,,,0.0,0.0,0.0,,265.0,False,False,0.0,265.0
feature_259,0.0,,,,0.0,0.0,0.0,,265.0,False,False,0.0,265.0
feature_260,0.0,,,,0.0,0.0,0.0,,265.0,False,False,0.0,265.0
feature_261,0.0,,,,0.0,0.0,0.0,,265.0,False,False,0.0,265.0
feature_262,0.0,,,,0.0,0.0,0.0,,265.0,False,False,0.0,265.0
feature_263,0.0,,,,0.0,0.0,0.0,,265.0,False,False,0.0,265.0
feature_264,0.0,,,,0.0,0.0,0.0,,265.0,False,False,0.0,265.0
feature_265,0.0,,,,0.0,0.0,0.0,,265.0,False,False,0.0,265.0
feature_266,0.0,,,,0.0,0.0,0.0,,265.0,False,False,0.0,265.0
feature_276,0.0,,,,0.0,0.0,0.0,,265.0,False,False,0.0,265.0
feature_284,0.0,,,,0.0,0.0,0.0,,265.0,False,False,0.0,265.0
feature_313,0.0,,,,0.0,0.0,0.0,,265.0,False,False,0.0,265.0
feature_314,0.0,,,,0.0,0.0,0.0,,265.0,False,False,0.0,265.0
feature_315,0.0,,,,0.0,0.0,0.0,,265.0,False,False,0.0,265.0
feature_322,0.0,,,,0.0,0.0,0.0,,265.0,False,False,0.0,265.0
feature_325,0.0,,,,0.0,0.0,0.0,,265.0,False,False,0.0,265.0
feature_326,0.0,,,,0.0,0.0,0.0,,265.0,False,False,0.0,265.0
feature_327,0.0,,,,0.0,0.0,0.0,,265.0,False,False,0.0,265.0
feature_328,0.0,,,,0.0,0.0,0.0,,265.0,False,False,0.0,265.0
feature_329,0.0,,,,0.0,0.0,0.0,,265.0,False,False,0.0,265.0
feature_330,0.0,,,,0.0,0.0,0.0,,265.0,False,False,0.0,265.0
feature_364,0.0,,,,0.0,0.0,0.0,,265.0,False,False,0.0,265.0
feature_369,0.0,,,,0.0,0.0,0.0,,265.0,False,False,0.0,265.0
feature_370,0.0,,,,0.0,0.0,0.0,,265.0,False,False,0.0,265.0
feature_371,0.0,,,,0.0,0.0,0.0,,265.0,False,False,0.0,265.0
feature_372,0.0,,,,0.0,0.0,0.0,,265.0,False,False,0.0,265.0
feature_373,0.0,,,,0.0,0.0,0.0,,265.0,False,False,0.0,265.0
feature_374,0.0,,,,0.0,0.0,0.0,,265.0,False,False,0.0,265.0
feature_375,0.0,,,,0.0,0.0,0.0,,265.0,False,False,0.0,265.0
feature_378,0.0,,,,0.0,0.0,0.0,,265.0,False,False,0.0,265.0
feature_379,0.0,,,,0.0,0.0,0.0,,265.0,False,False,0.0,265.0
feature_380,0.0,,,,0.0,0.0,0.0,,265.0,False,False,0.0,265.0
feature_381,0.0,,,,0.0,0.0,0.0,,265.0,False,False,0.0,265.0
feature_394,0.0,,,,0.0,0.0,0.0,,265.0,False,False,0.0,265.0
feature_395,0.0,,,,0.0,0.0,0.0,,265.0,False,False,0.0,265.0
feature_396,0.0,,,,0.0,0.0,0.0,,265.0,False,False,0.0,265.0
feature_397,0.0,,,,0.0,0.0,0.0,,265.0,False,False,0.0,265.0
feature_398,0.0,,,,0.0,0.0,0.0,,265.0,False,False,0.0,265.0
feature_399,0.0,,,,0.0,0.0,0.0,,265.0,False,False,0.0,265.0
feature_400,0.0,,,,0.0,0.0,0.0,,265.0,False,False,0.0,265.0
feature_401,0.0,,,,0.0,0.0,0.0,,265.0,False,False,0.0,265.0
feature_402,0.0,,,,0.0,0.0,0.0,,265.0,False,False,0.0,265.0
feature_403,0.0,,,,0.0,0.0,0.0,,265.0,False,False,0.0,265.0
feature_404,0.0,,,,0.0,0.0,0.0,,265.0,False,False,0.0,265.0
feature_414,0.0,,,,0.0,0.0,0.0,,265.0,False,False,0.0,265.0
feature_422,0.0,,,,0.0,0.0,0.0,,265.0,False,False,0.0,265.0
feature_449,0.0,,,,0.0,0.0,0.0,,265.0,False,False,0.0,265.0
feature_450,0.0,,,,0.0,0.0,0.0,,265.0,False,False,0.0,265.0
feature_451,0.0,,,,0.0,0.0,0.0,,265.0,False,False,0.0,265.0
feature_458,0.0,,,,0.0,0.0,0.0,,265.0,False,False,0.0,265.0
feature_461,0.0,,,,0.0,0.0,0.0,,265.0,False,False,0.0,265.0
feature_462,0.0,,,,0.0,0.0,0.0,,265.0,False,False,0.0,265.0
feature_463,0.0,,,,0.0,0.0,0.0,,265.0,False,False,0.0,265.0
feature_464,0.0,,,,0.0,0.0,0.0,,265.0,False,False,0.0,265.0
feature_465,0.0,,,,0.0,0.0,0.0,,265.0,False,False,0.0,265.0
feature_466,0.0,,,,0.0,0.0,0.0,,265.0,False,False,0.0,265.0
feature_481,0.0,,,,0.0,0.0,0.0,,265.0,False,False,0.0,265.0
feature_498,0.0,,,,0.0,0.0,0.0,,265.0,False,False,0.0,265.0
feature_501,0.0,,,,0.0,0.0,0.0,,265.0,False,False,0.0,265.0
feature_502,0.0,,,,0.0,0.0,0.0,,265.0,False,False,0.0,265.0
feature_503,0.0,,,,0.0,0.0,0.0,,265.0,False,False,0.0,265.0
feature_504,0.0,,,,0.0,0.0,0.0,,265.0,False,False,0.0,265.0
feature_505,0.0,,,,0.0,0.0,0.0,,265.0,False,False,0.0,265.0
feature_506,0.0,,,,0.0,0.0,0.0,,265.0,False,False,0.0,265.0
feature_507,0.0,,,,0.0,0.0,0.0,,265.0,False,False,0.0,265.0
feature_508,0.0,,,,0.0,0.0,0.0,,265.0,False,False,0.0,265.0
feature_509,0.0,,,,0.0,0.0,0.0,,265.0,False,False,0.0,265.0
feature_512,0.0,,,,0.0,0.0,0.0,,265.0,False,False,0.0,265.0
feature_513,0.0,,,,0.0,0.0,0.0,,265.0,False,False,0.0,265.0
feature_514,0.0,,,,0.0,0.0,0.0,,265.0,False,False,0.0,265.0
feature_515,0.0,,,,0.0,0.0,0.0,,265.0,False,False,0.0,265.0
feature_516,0.0,0.1318469027134278,-0.08174469054930682,0.9333333333333333,0.0,0.0011400892609156146,0.0026080819958827182,392.0,138.0,False,False,0.0,265.0
feature_528,0.0,,,,0.0,0.0,0.0,,265.0,False,False,0.0,265.0
feature_529,0.0,,,,0.0,0.0,0.0,,265.0,False,False,0.0,265.0
feature_530,0.0,,,,0.0,0.0,0.0,,265.0,False,False,0.0,265.0
feature_531,0.0,,,,0.0,0.0,0.0,,265.0,False,False,0.0,265.0
feature_532,0.0,,,,0.0,0.0,0.0,,265.0,False,False,0.0,265.0
feature_533,0.0,,,,0.0,0.0,0.0,,265.0,False,False,0.0,265.0
feature_534,0.0,,,,0.0,0.0,0.0,,265.0,False,False,0.0,265.0
feature_535,0.0,,,,0.0,0.0,0.0,,265.0,False,False,0.0,265.0
feature_536,0.0,,,,0.0,0.0,0.0,,265.0,False,False,0.0,265.0
feature_537,0.0,,,,0.0,0.0,0.0,,265.0,False,False,0.0,265.0
feature_538,0.0,,,,0.0,0.0,0.0,,265.0,False,False,0.0,265.0
feature_135,0.0,0.07951342514824362,-0.007971245452656957,0.6,0.0,0.0020489104360171635,0.003475558281299591,465.0,67.0,False,False,0.0,266.0
feature_545,0.0,0.09094912609302483,-0.08098331697852218,0.8,0.0,0.001795477959745993,0.003178692626891324,455.0,85.0,False,False,0.0,270.0
feature_554,0.0,0.15436551880219176,0.14986707766821358,0.9333333333333333,0.0,0.0006736614450537525,0.0051180133351933065,364.0,177.0,False,False,0.0,270.5
feature_085,0.0,0.28206826510685606,-0.28206826510685606,1.0,0.0,-9.443635466227506e-06,0.00011454101941869393,157.0,387.0,False,False,0.0,272.0
feature_217,0.0,0.14352098010525718,0.05438752209676898,0.6666666666666666,0.0,0.0007221602823202167,0.001420041469571948,376.0,171.0,False,False,0.0,273.5
feature_556,0.0,0.14214199812614348,-0.13938093573423058,0.9333333333333333,0.0,0.0006792777695848574,0.002029373746179022,379.0,174.0,False,False,0.0,276.5
feature_521,0.0,0.1863923193903301,-0.1096821849463469,0.7333333333333334,0.0,1.7472876090033712e-06,3.907053869974611e-06,293.0,262.0,False,False,0.0,277.5
feature_219,0.0,0.12520382200412433,-0.11109810646133847,0.8666666666666667,0.0,0.0010173011751826702,0.0033496465611315878,406.0,151.0,False,False,0.0,278.5
feature_475,0.0,0.15755780633107735,0.12370967150843713,0.8,0.0,0.00047698337460497784,0.00312706290408327,357.0,201.0,False,False,0.0,279.0
feature_181,0.0,0.0976306941898899,0.05968645594865287,0.7333333333333333,0.0,0.001402617359181383,0.004984146594131649,446.0,113.0,False,False,0.0,279.5
feature_460,0.0,0.3230163494909383,0.3136559132946379,0.9333333333333333,0.0,-0.0004452875881786167,0.0010762506315882539,120.0,442.0,False,False,0.0,281.0
feature_332,0.0,0.5012296246392663,-0.5012296246392663,1.0,0.0,-0.001270132221035584,0.0015259940175085531,45.0,519.0,False,False,0.0,282.0
feature_071,0.0,0.3782420579516118,0.3326754295367699,0.8666666666666667,0.0,-0.000884221387068381,0.0029690512242281646,87.0,483.0,False,False,0.0,285.0
feature_176,0.0,0.12353871278411689,-0.0038313331093142843,0.6,0.0,0.0007879387850213526,0.002748664756793259,408.0,165.0,False,False,0.0,286.5
feature_344,0.0,0.36465763021732395,-0.34356690249286964,0.8666666666666667,0.0,-0.0008400675759426286,0.005143000641402756,95.0,478.0,False,False,0.0,286.5
feature_539,0.0,0.13549421963407918,-0.11367642808508115,0.8,0.0,0.0005579084328618015,0.00202462496788584,384.0,190.0,False,False,0.0,287.0
feature_438,0.0,0.48227601774336487,-0.48227601774336487,1.0,0.0,-0.001465924288709081,0.0045985425019242155,49.0,527.0,False,False,0.0,288.0
feature_386,0.0,0.32162264980646327,-0.32118501284375467,0.9333333333333333,0.0,-0.000593043845095435,0.0010737035167100316,121.0,457.0,False,False,0.0,289.0
feature_551,0.0,0.2639120038794678,0.2639120038794678,1.0,0.0,-0.00015343329877306647,0.003073992114527152,170.0,408.0,False,False,0.0,289.0
feature_123,0.0,0.11757741579755748,0.0913007725149744,0.8,0.0,0.0008613381727121357,0.005716582193078681,421.0,158.0,False,False,0.0,289.5
feature_245,0.0,0.12975646771233498,0.06030224039672778,0.7333333333333333,0.0,0.000620491740468428,0.001954433024307863,398.0,185.0,False,False,0.0,291.5
feature_352,0.0,0.3421873180683982,-0.3255028049255884,0.9333333333333333,0.0,-0.000854817720738053,0.0018079746736910788,105.0,479.0,False,False,0.0,292.0
feature_455,0.0,0.2717281599752484,0.2717281599752484,1.0,0.0,-0.00030236202846271046,0.0028203794131137403,163.0,422.0,False,False,0.0,292.5
feature_045,0.0,0.340764216586809,0.340764216586809,1.0,0.0,-0.0008784027892353534,0.004490588045320104,107.0,482.0,False,False,0.0,294.5
feature_185,0.0,0.07704888318270216,-0.02064806193776725,0.6,0.0,0.001310178544272015,0.004419301400525233,467.0,122.0,False,False,0.0,294.5
feature_517,0.0,0.10884550167837434,0.03886644966878348,0.6666666666666666,0.0,0.0008238938153415328,0.0011646564735813341,433.0,161.0,False,False,0.0,297.0
feature_540,0.0,0.16175762872233454,-0.14776752970435786,0.8666666666666667,0.0,7.7121037935729e-05,0.002561501155904008,343.0,251.0,False,False,0.0,297.0
feature_156,0.0,0.14616096115987315,-0.11939036610763513,0.6,0.0,0.00027574874307264023,0.0038426320510879025,375.0,222.0,False,False,0.0,298.5
feature_336,0.0,0.07830452570127018,-0.03573509811726717,0.7333333333333334,0.0,0.0012423010191482194,0.004890716709747561,466.0,131.0,False,False,0.0,298.5
feature_012,0.0,0.15937452398386195,0.040998164176677544,0.5333333333333333,0.0,0.00011019143259491017,0.001597037457664727,353.0,245.0,False,False,0.0,299.0
feature_177,0.0,0.2434729715305557,-0.2434729715305557,1.0,0.0,-0.00015184730108788733,0.003010445807616902,192.0,407.0,False,False,0.0,299.5
feature_367,0.0,0.1545468138001228,-0.06461825990894327,0.6666666666666667,0.0,0.00012462031816861692,0.003923429506730153,363.0,241.0,False,False,0.0,302.0
feature_472,0.0,0.22780327211851253,-0.05764140999054203,0.6666666666666667,0.0,-1.368355040378133e-05,0.002653655699219353,216.0,388.0,False,False,0.0,302.0
feature_355,0.0,0.330969375449107,0.330969375449107,1.0,0.0,-0.0009408062183544064,0.002401179332440643,115.0,490.0,False,False,0.0,302.5
feature_368,0.0,0.31060196999907136,-0.31060196999907136,1.0,0.0,-0.0008321301048944683,0.0041484551328265385,128.0,477.0,False,False,0.0,302.5
feature_468,0.0,0.23705823055293576,-0.22659735544375578,0.9333333333333333,0.0,-0.00012237616628761144,0.0029880324492559365,204.0,403.0,False,False,0.0,303.5
feature_434,0.0,0.1000643391458518,0.016495946512408745,0.5333333333333333,0.0,0.0007659506523396956,0.005391569451874528,442.0,168.0,False,False,0.0,305.0
feature_077,0.0,0.1191611717017675,0.05139737693812051,0.6,0.0,0.0005309688627965713,0.0031311866266188434,419.0,193.0,False,False,0.0,306.0
feature_312,0.0,0.15593767245032525,-0.15593767245032525,1.0,0.0,4.887210093752841e-05,0.001824075586969154,359.0,253.0,False,False,0.0,306.0
feature_564,0.0,0.24346004875598762,0.24346004875598762,1.0,0.0,-0.00027920333504221083,0.00183628319947202,193.0,419.0,False,False,0.0,306.0
feature_139,0.0,0.11826933680507516,0.03527944064591089,0.5333333333333333,0.0,0.0005299848696793598,0.005957062456994107,420.0,194.0,False,False,0.0,307.0
feature_520,0.0,0.3324437914043699,-0.3324437914043699,1.0,0.0,-0.0010421541831626894,0.0020634801553274964,113.0,502.0,False,False,0.0,307.5
feature_086,0.0,0.38469000323503094,0.38469000323503094,1.0,0.0,-0.0015912602457512452,0.001714162104350115,84.0,532.0,False,False,0.0,308.0
feature_267,0.0,0.10288107450174173,-0.08446584681056803,0.8666666666666667,0.0,0.0006488259058705907,0.004028594253589329,437.0,182.0,False,False,0.0,309.5
feature_165,0.0,0.3310450430770283,-0.3310450430770283,1.0,0.0,-0.0010518404993850815,0.002695156260663464,114.0,506.0,False,False,0.0,310.0
feature_360,0.0,0.12577631158378721,0.06078939271572495,0.7333333333333333,0.0,0.0003396168639190697,0.0028775483077446173,405.0,216.0,False,False,0.0,310.5
feature_150,0.0,0.2702329499016025,0.22183934154556487,0.8,0.0,-0.000607117518220888,0.0033869328093834865,164.0,458.0,False,False,0.0,311.0
feature_093,0.0,0.3766770021688414,-0.3766770021688414,1.0,0.0,-0.0016670354202369454,0.002299361047070549,88.0,536.0,False,False,0.0,312.0
feature_293,0.0,0.23289720415963985,0.09797127629763769,0.6666666666666666,0.0,-0.00025448238101162437,0.00031244936561468817,209.0,416.0,False,False,0.0,312.5
feature_518,0.0,0.13488926158753065,0.045458482420501996,0.5333333333333333,0.0,0.00013297440508346726,0.0013005533450831735,385.0,240.0,False,False,0.0,312.5
feature_161,0.0,0.26876298042619434,-0.26876298042619434,1.0,0.0,-0.0006489609654205754,0.0061135141765949925,165.0,462.0,False,False,0.0,313.5
feature_553,0.0,0.2763383858334001,-0.22491060302747784,0.7333333333333334,0.0,-0.0006940991610143257,0.004708203663659198,162.0,466.0,False,False,0.0,314.0
feature_550,0.0,0.10887226053653656,-0.09659048611159478,0.8666666666666667,0.0,0.0004788870869763187,0.002303918390275723,432.0,200.0,False,False,0.0,316.0
feature_068,0.0,0.4173889783613907,-0.3934676864764698,0.8666666666666667,0.0,-0.00250481659555901,0.002328895127427008,67.0,568.0,False,False,0.0,317.5
feature_583,0.0,0.09428930314730224,0.07977269700142214,0.8,0.0,0.0005687824099619933,0.0063452453497372064,449.0,189.0,False,False,0.0,319.0
feature_001,0.0,0.09865439789413787,-0.0642635934800516,0.7333333333333334,0.0,0.0005248156213521463,0.004875751597592991,444.0,195.0,False,False,0.0,319.5
feature_046,0.0,0.3796961499865129,0.3796961499865129,1.0,0.0,-0.0019447219011528999,0.003865261728074835,85.0,555.0,False,False,0.0,320.0
feature_497,0.0,0.12420562638940627,-0.04454202301549023,0.6,0.0,0.00014692387361282716,0.001194680197826543,407.0,235.0,False,False,0.0,321.0
feature_366,0.0,0.37242580906066414,-0.37242580906066414,1.0,0.0,-0.0018475953525786443,0.003444741909690243,91.0,552.0,False,False,0.0,321.5
feature_009,0.0,0.31050968322495376,-0.31050968322495376,1.0,0.0,-0.001200519873802671,0.0018646293224128573,129.0,515.0,False,False,0.0,322.0
feature_250,0.0,0.10071910857787741,0.004127049981836757,0.6666666666666667,0.0,0.000440796755762866,0.007428627151026249,440.0,204.0,False,False,0.0,322.0
feature_288,0.0,0.10623101927681393,-0.015820996341628236,0.6,0.0,0.0003919962847284095,0.005826060941659229,434.0,212.0,False,False,0.0,323.0
feature_421,0.0,0.27800598895274803,-0.2371915299016531,0.8666666666666667,0.0,-0.0009062266984924312,0.004516931160113385,161.0,486.0,False,False,0.0,323.5
feature_220,0.0,0.08091158915422467,-0.07315006968085011,0.7333333333333334,0.0,0.0006034692577867632,0.0014792620701365694,463.0,187.0,False,False,0.0,325.0
feature_430,0.0,0.20356726286268503,0.20356726286268503,1.0,0.0,-3.457151848214419e-05,0.007494219884621721,261.0,391.0,False,False,0.0,326.0
feature_117,0.0,0.3711292136444085,-0.36871727422320355,0.9333333333333333,0.0,-0.002422611799280609,0.003126950986913257,93.0,565.0,False,False,0.0,329.0
feature_280,0.0,0.37268857764582286,-0.3502211737524922,0.8,0.0,-0.0027128093263871817,0.005950935659742358,90.0,572.0,False,False,0.0,331.0
feature_454,0.0,0.28351492530877354,-0.28351492530877354,1.0,0.0,-0.0011022959469766595,0.006687464816943193,155.0,509.0,False,False,0.0,332.0
feature_574,0.0,0.2296285458891454,-0.22674056944447823,0.9333333333333333,0.0,-0.000495801441506577,0.003193650280565605,213.0,451.0,False,False,0.0,332.0
feature_300,0.0,0.24123438778103015,-0.24123438778103015,1.0,0.0,-0.000773999542989817,0.004113432013695826,195.0,473.0,False,False,0.0,334.0
feature_492,0.0,0.08701671049628554,-0.038006073078107994,0.7333333333333334,0.0,0.00040408916066770885,0.0007875269040284663,458.0,210.0,False,False,0.0,334.0
feature_308,0.0,0.21733455995428377,-0.16255972911582905,0.7333333333333334,0.0,-0.00037996782000426224,0.004345381880026889,238.0,431.0,False,False,0.0,334.5
feature_162,0.0,0.36284206001019925,-0.34428586347134027,0.9333333333333333,0.0,-0.002932893134314287,0.006414389601212011,96.0,575.0,False,False,0.0,335.5
feature_390,0.0,0.19573115971075444,-0.06893970188364065,0.6,0.0,-0.0001041073570955898,0.0035042640127382046,274.0,399.0,False,False,0.0,336.5
feature_442,0.0,0.09629671650710075,-0.04347108369274135,0.8,0.0,0.00022972265702291824,0.0018706002743099765,448.0,226.0,False,False,0.0,337.0
feature_467,0.0,0.18927276779301866,0.18927276779301866,1.0,0.0,-3.03503829660174e-05,0.006166367070279009,284.0,390.0,False,False,0.0,337.0
feature_032,0.0,0.256410773738215,0.21035322454719893,0.8,0.0,-0.000980594139871257,0.007535374526874141,177.0,498.0,False,False,0.0,337.5
feature_275,0.0,0.10260483533358769,0.0007914625793226141,0.6,0.0,0.00014268010835980508,0.002826761542733178,438.0,237.0,False,False,0.0,337.5
feature_222,0.0,0.08379961498898697,-0.05705657707503266,0.7333333333333334,0.0,0.000316860308297895,0.002268003925846693,460.0,218.0,False,False,0.0,339.0
feature_297,0.0,0.22524833252616178,0.18029002676840905,0.8666666666666667,0.0,-0.0006379840766674712,0.002538312907922794,221.0,461.0,False,False,0.0,341.0
feature_057,0.0,0.21626139574076927,-0.20814021354297058,0.8666666666666667,0.0,-0.00045908799412992156,0.002144882879229672,244.0,443.0,False,False,0.0,343.5
feature_082,0.0,0.24629618994824146,-0.05723962260099331,0.6,0.0,-0.0010282750379798163,0.0029677298649841495,190.0,500.0,False,False,0.0,345.0
feature_252,0.0,0.18596322482063815,0.1707841977912389,0.8666666666666667,0.0,-5.95653464454857e-05,0.0034409639057399444,296.0,394.0,False,False,0.0,345.0
feature_319,0.0,0.21882324840017678,0.1399742454143328,0.7333333333333333,0.0,-0.0006245458271292139,0.010380285087370468,234.0,459.0,False,False,0.0,346.5
feature_356,0.0,0.24037501705192063,-0.09125637381026167,0.6,0.0,-0.0009799782395454038,0.0013503244996450688,197.0,497.0,False,False,0.0,347.0
feature_382,0.0,0.09671263664151149,-0.08636994019009703,0.9333333333333333,0.0,9.785351025733968e-05,0.0029828472230561437,447.0,247.0,False,False,0.0,347.0
feature_544,0.0,0.21293809134352717,-0.21065657143436214,0.9333333333333333,0.0,-0.00045957787343497053,0.00024397924232802534,250.0,444.0,False,False,0.0,347.0
feature_494,0.0,0.09120783079186746,-0.04778310689223883,0.7333333333333334,0.0,0.00011773313846399902,0.0008309232797730625,454.0,242.0,False,False,0.0,348.0
feature_036,0.0,0.2134317290781871,0.21198948165232814,0.9333333333333333,0.0,-0.0004851233588877976,0.0010683612656600607,248.0,449.0,False,False,0.0,348.5
feature_145,0.0,0.2807705251764858,-0.27017336794269214,0.8666666666666667,0.0,-0.001732789173017235,0.002584788962607482,159.0,540.0,False,False,0.0,349.5
feature_018,0.0,0.2428895917099605,-0.21836813013760178,0.8666666666666667,0.0,-0.0011212930254350423,0.0016284215278743156,194.0,511.0,False,False,0.0,352.5
feature_212,0.0,0.20486396431947576,-0.20014332989776765,0.9333333333333333,0.0,-0.0004987661617044189,0.004792497473387644,258.0,452.0,False,False,0.0,355.0
feature_223,0.0,0.178851752430345,-0.1066130357744592,0.6666666666666667,0.0,-0.00010783892542150144,0.005115254934989977,310.0,401.0,False,False,0.0,355.5
feature_568,0.0,0.19776959523242357,0.19655590159838934,0.9333333333333333,0.0,-0.00043272470641490536,0.0005621475760062787,272.0,440.0,False,False,0.0,356.0
feature_303,0.0,0.18830139617025238,-0.04869284693267003,0.5333333333333333,0.0,-0.0003559526808404878,0.0014581212508626388,286.0,428.0,False,False,0.0,357.0
feature_035,0.0,0.2297622456925587,-0.2297622456925587,1.0,0.0,-0.0010864866122431577,0.0030909284900308815,212.0,507.0,False,False,0.0,359.5
feature_228,0.0,0.20971429101551078,0.18606949090791694,0.8,0.0,-0.0007670497874447532,0.003040581666680013,254.0,472.0,False,False,0.0,363.0
feature_295,0.0,0.29581293789217966,0.2747044085858222,0.8666666666666667,0.0,-0.004437196411839232,0.008902863641767702,141.0,587.0,False,False,0.0,364.0
feature_002,0.0,0.17483539573515694,0.05282849552914777,0.6666666666666666,0.0,-0.0001645331794174198,0.0020966025563063716,320.0,409.0,False,False,0.0,364.5
feature_439,0.0,0.200676881949239,-0.14786409980560897,0.7333333333333334,0.0,-0.0006551342450114554,0.0023956599031867178,266.0,463.0,False,False,0.0,364.5
feature_359,0.0,0.2514722651235152,0.22791469136986295,0.8666666666666667,0.0,-0.0017963017742730109,0.0042673902680345375,185.0,547.0,False,False,0.0,366.0
feature_116,0.0,0.22146565048610453,0.03225000684074733,0.6,0.0,-0.0010495445397937138,0.004237836539852348,229.0,505.0,False,False,0.0,367.0
feature_206,0.0,0.04785053528258537,-0.024289030696503247,0.6666666666666667,0.0,0.0,0.0,469.0,265.0,False,False,0.0,367.0
feature_418,0.0,0.25297715908900464,-0.25297715908900464,1.0,0.0,-0.0018636744107147368,0.004369504920140061,181.0,553.0,False,False,0.0,367.0
feature_347,0.0,0.047850535282585364,-0.024289030696503223,0.6666666666666667,0.0,0.0,0.0,470.0,265.0,False,False,0.0,367.5
feature_478,0.0,0.047850535282585364,-0.024289030696503223,0.6666666666666667,0.0,0.0,0.0,470.0,265.0,False,False,0.0,367.5
feature_433,0.0,0.2789522558729178,0.22968891111977377,0.8,0.0,-0.0031455126083251737,0.0034222775580304778,160.0,576.0,False,False,0.0,368.0
feature_342,0.0,0.047850535282585344,-0.024289030696503146,0.6666666666666667,0.0,0.0,0.0,472.0,265.0,False,False,0.0,368.5
feature_209,0.0,0.04785053528258534,-0.024289030696503237,0.6666666666666667,0.0,0.0,0.0,473.0,265.0,False,False,0.0,369.0
feature_074,0.0,0.04785053528258532,-0.024289030696503122,0.6666666666666667,0.0,0.0,0.0,474.0,265.0,False,False,0.0,369.5
feature_432,0.0,0.19457346312688167,-0.15203004181325944,0.8666666666666667,0.0,-0.0006569905762306797,0.003981001776152777,275.0,464.0,False,False,0.0,369.5
feature_483,0.0,0.2521581221534663,0.17996392458173285,0.8666666666666667,0.0,-0.002141067951472351,0.003452605966635992,183.0,559.0,False,False,0.0,371.0
feature_571,0.0,0.22391853751291815,-0.21477845689139355,0.9333333333333333,0.0,-0.0012848640637679969,0.0036223275270337372,223.0,520.0,False,False,0.0,371.5
feature_044,0.0,0.24042691721170423,0.18321852425200108,0.8,0.0,-0.0018143109516234844,0.002515613168787244,196.0,550.0,False,False,0.0,373.0
feature_160,0.0,0.2312038777545134,0.2312038777545134,1.0,0.0,-0.0017229170470283053,0.010654750725378921,210.0,539.0,False,False,0.0,374.5
feature_279,0.0,0.21409850273519934,0.0662186904474524,0.6,0.0,-0.0010488510810908367,0.001536743412140149,247.0,504.0,False,False,0.0,375.5
feature_073,0.0,0.18819260807963845,-0.045555039032197736,0.5333333333333333,0.0,-0.0007581875771004628,0.002482036737492931,288.0,469.0,False,False,0.0,378.5
feature_575,0.0,0.24023480704633962,0.21615435805918656,0.7333333333333333,0.0,-0.002177266805848057,0.0051471840704539465,198.0,561.0,False,False,0.0,379.5
feature_459,0.0,0.1840610301035672,0.14101746456757253,0.8,0.0,-0.0006301425979694372,0.004635453618149601,300.0,460.0,False,False,0.0,380.0
feature_304,0.0,0.1986827184214122,-0.1840923768701462,0.8666666666666667,0.0,-0.0009642179477955149,0.000765351499252265,269.0,494.0,False,False,0.0,381.5
feature_003,0.0,0.18746012193877554,-0.018165449742491204,0.6,0.0,-0.0007798362861801708,0.0009412347318675462,291.0,474.0,False,False,0.0,382.5
feature_268,0.0,0.16262939143439323,-0.15146264624398517,0.8666666666666667,0.0,-0.0003320574031964229,0.0022668609648013554,340.0,426.0,False,False,0.0,383.0
feature_339,0.0,0.18822342059141853,-0.1784573730479333,0.8666666666666667,0.0,-0.0008719292158330691,0.002167257327810759,287.0,480.0,False,False,0.0,383.5
feature_334,0.0,0.18402462190363084,-0.1592728593992479,0.8,0.0,-0.0007586368870649746,0.0025803442842406016,301.0,470.0,False,False,0.0,385.5
feature_154,0.0,0.18079339059688435,-0.021763733147926814,0.6,0.0,-0.0007056906499883553,0.0010801628686944442,307.0,467.0,False,False,0.0,387.0
feature_196,0.0,0.19591934399384828,-0.15592930888522158,0.7333333333333334,0.0,-0.0010399459123077307,0.0019004514238492253,273.0,501.0,False,False,0.0,387.0
feature_331,0.0,0.16276040566762282,0.10323937045641887,0.6666666666666666,0.0,-0.00039167691792989874,0.004669515779284891,339.0,435.0,False,False,0.0,387.0
feature_110,0.0,0.1614911889388823,-0.053978226175892624,0.6,0.0,-0.00044152307646738357,0.0011893698164693579,345.0,441.0,False,False,0.0,393.0
feature_015,0.0,0.13110299646351456,0.0771744790120709,0.6,0.0,-8.670220311216749e-05,0.002328818440481871,394.0,398.0,False,False,0.0,396.0
feature_063,0.0,0.2011716039394156,-0.09060998612954144,0.7333333333333334,0.0,-0.0014692820220947517,0.004517033976850655,265.0,528.0,False,False,0.0,396.5
feature_350,0.0,0.1278427456567553,-0.10820713393463972,0.8,0.0,-5.8040770817618806e-05,0.004426003829407867,400.0,393.0,False,False,0.0,396.5
feature_246,0.0,0.13264607227013014,0.044775454599009654,0.5333333333333333,0.0,-0.0001303524322133672,0.0015005810211092259,390.0,404.0,False,False,0.0,397.0
feature_357,0.0,0.18166908061623774,0.06994871939261683,0.6666666666666666,0.0,-0.0009447909982405875,0.0016539191445419088,304.0,491.0,False,False,0.0,397.5
feature_166,0.0,0.14699591633100806,-0.06317306923640237,0.5333333333333333,0.0,-0.00030367959215608627,0.0034015891529457112,373.0,423.0,False,False,0.0,398.0
feature_423,0.0,0.18310670825716016,0.1579915744501737,0.7333333333333333,0.0,-0.001016873989263306,0.005316753343531289,303.0,499.0,False,False,0.0,401.0
feature_004,0.0,0.1347148928193568,-0.03819580153589583,0.6,0.0,-0.00026169198369683784,0.0023465791456731156,386.0,417.0,False,False,0.0,401.5
feature_208,0.0,0.1463825313265642,-0.03574255009899453,0.5333333333333333,0.0,-0.00036772610523728885,0.0029809248758718644,374.0,430.0,False,False,0.0,402.0
feature_411,0.0,0.20336029010148646,0.1936817614306518,0.9333333333333333,0.0,-0.001783892984934924,0.002488970029139039,262.0,544.0,False,False,0.0,403.0
feature_561,0.0,0.2196519772919889,0.21257735183058954,0.8666666666666667,0.0,-0.0037747001841414683,0.008925664334670848,232.0,580.0,False,False,0.0,406.0
feature_147,0.0,0.1762733045870287,0.1762733045870287,1.0,0.0,-0.0009697769287650076,0.005828888881660392,317.0,496.0,False,False,0.0,406.5
feature_584,0.0,0.13135916939871928,0.12895176333052213,0.9333333333333333,0.0,-0.0003460991240187653,0.0015040082850065097,393.0,427.0,False,False,0.0,410.0
feature_244,0.0,0.1147565806945392,-0.06958449902490872,0.9333333333333333,0.0,-6.853600354858415e-05,0.0008486477037065116,425.0,397.0,False,False,0.0,411.0
feature_426,0.0,0.16861548152865483,-0.16861548152865483,1.0,0.0,-0.0009544185023723284,0.0032265875390076176,330.0,493.0,False,False,0.0,411.5
feature_120,0.0,0.17835690420872946,-0.12537394594397286,0.8,0.0,-0.0011666082164617341,0.005245138522570814,311.0,514.0,False,False,0.0,412.5
feature_050,0.0,0.12081977647361346,0.07919878995134269,0.6,0.0,-0.00016679485281023525,0.0057923479528275545,418.0,410.0,False,False,0.0,414.0
feature_203,0.0,0.12661786160631697,0.06922641242930656,0.8,0.0,-0.00032276052823039075,0.0056981747892528405,403.0,425.0,False,False,0.0,414.0
feature_565,0.0,0.1637932671173064,0.16161726058480008,0.8666666666666667,0.0,-0.0009508768844525229,0.0017102461184497718,337.0,492.0,False,False,0.0,414.5
feature_088,0.0,0.21657906367280114,-0.1199714291795344,0.6666666666666667,0.0,-0.006141306170678205,0.008834539364584726,241.0,589.0,False,False,0.0,415.0
feature_055,0.0,0.19005978587045708,0.07907660911777571,0.7333333333333333,0.0,-0.0018300499413231996,0.0040262642791082425,280.0,551.0,False,False,0.0,415.5
feature_151,0.0,0.21206543731428418,-0.21012647961765293,0.9333333333333333,0.0,-0.0038593741658496583,0.0065199154977415965,251.0,582.0,False,False,0.0,416.5
feature_253,0.0,0.11164759503622856,-0.10750115966743176,0.8666666666666667,0.0,-0.00013504018156687724,0.00852448308189547,428.0,405.0,False,False,0.0,416.5
feature_008,0.0,0.1885728698854365,-0.08014327130596192,0.6,0.0,-0.00180240495734779,0.0021473733190645146,285.0,549.0,False,False,0.0,417.0
feature_024,0.0,0.17752151123887489,-0.12036764774685044,0.8,0.0,-0.0012920836134806951,0.0042015258098188025,313.0,521.0,False,False,0.0,417.0
feature_435,0.0,0.10093025270321293,-0.03595108014891771,0.6,0.0,-6.12743280025049e-05,0.0011729884847731017,439.0,395.0,False,False,0.0,417.0
feature_543,0.0,0.13817762178567133,-0.13817762178567133,1.0,0.0,-0.0005350130297734271,0.0010823505673531353,382.0,453.0,False,False,0.0,417.5
feature_083,0.0,0.16722733633383577,-0.005899344788373733,0.6,0.0,-0.0010448232408987292,0.0035336324611275074,333.0,503.0,False,False,0.0,418.0
feature_098,0.0,0.17452035887289577,0.04581287047462558,0.5333333333333333,0.0,-0.0012631508474002424,0.0020376773831361516,321.0,517.0,False,False,0.0,419.0
feature_144,0.0,0.13223170887165164,0.0173827034794094,0.5333333333333333,0.0,-0.0004725079392679836,0.002260910556508006,391.0,447.0,False,False,0.0,419.0
feature_437,0.0,0.18969706384485485,0.12393369604572596,0.6,0.0,-0.0020252337802607817,0.004335486831920008,282.0,558.0,False,False,0.0,420.0
feature_134,0.0,0.17986552967770766,-0.17986552967770766,1.0,0.0,-0.0016293714194131597,0.0059453465199023284,309.0,533.0,False,False,0.0,421.0
feature_099,0.0,0.15827359174614616,0.10051556224261514,0.7333333333333333,0.0,-0.0009360725123046737,0.0037400410656980164,355.0,489.0,False,False,0.0,422.0
feature_392,0.0,0.12282389690333338,-0.024165848709690345,0.5333333333333333,0.0,-0.00038898846640684397,0.0020842238437915024,411.0,434.0,False,False,0.0,422.5
feature_420,0.0,0.1554623518113683,0.14963355492335448,0.8,0.0,-0.0008989587992599968,0.0011143798866572112,360.0,485.0,False,False,0.0,422.5
feature_362,0.0,0.14296413902192068,-0.14296413902192068,1.0,0.0,-0.0007995304404851634,0.00592378857749567,377.0,475.0,False,False,0.0,426.0
feature_482,0.0,0.173771235963211,0.10476023748533736,0.6666666666666666,0.0,-0.001556829760506512,0.004991563951320763,322.0,530.0,False,False,0.0,426.0
feature_321,0.0,0.17006931830896177,-0.11737910403572796,0.6666666666666667,0.0,-0.0015876657919469239,0.0034173208693359493,325.0,531.0,False,False,0.0,428.0
feature_011,0.0,0.19268322240885383,-0.00962921166161602,0.5333333333333333,0.0,-0.004871182523641414,0.008100619306427245,279.0,588.0,False,False,0.0,433.5
feature_410,0.0,0.1577986211809587,0.09398943642038475,0.8,0.0,-0.0011340724247512403,0.0021239772830367173,356.0,512.0,False,False,0.0,434.0
feature_457,0.0,0.13725636374860967,0.05792337244916736,0.6666666666666666,0.0,-0.0009360400885661072,0.0034943893807402263,383.0,488.0,False,False,0.0,435.5
feature_037,0.0,0.18798999345682463,-0.010383668599262697,0.6666666666666667,0.0,-0.003923221305795173,0.006852432940677476,290.0,583.0,False,False,0.0,436.5
feature_311,0.0,0.16789148150300712,-0.07574513928898335,0.6666666666666667,0.0,-0.0017687439445989602,0.004526131844557592,331.0,542.0,False,False,0.0,436.5
feature_526,0.0,0.0844043628160506,-0.0040734434271749425,0.5333333333333333,0.0,-0.00027087872915692603,0.004991573743571024,459.0,418.0,False,False,0.0,438.5
feature_559,0.0,0.08901313280702226,0.048824046986706976,0.7333333333333333,0.0,-0.000296456418178026,0.0014174534176075485,456.0,421.0,False,False,0.0,438.5
feature_582,0.0,0.16887897182011732,0.12924198808053472,0.7333333333333333,0.0,-0.0019025124366430983,0.002812777916048489,328.0,554.0,False,False,0.0,441.0
feature_470,0.0,0.08788721377972136,-0.025286974328284455,0.6,0.0,-0.00038388168491650945,0.0030631385452990567,457.0,432.0,False,False,0.0,444.5
feature_453,0.0,0.10027208791209657,0.05736125826588991,0.6666666666666666,0.0,-0.0004956319017219306,0.004192630519820588,441.0,450.0,False,False,0.0,445.5
feature_525,0.0,0.15539750924860535,-0.15539750924860535,1.0,0.0,-0.0016484170508730817,0.00731211051327667,361.0,535.0,False,False,0.0,448.0
feature_409,0.0,0.1593928732739194,-0.1527232419041584,0.8666666666666667,0.0,-0.0017907698971373343,0.002738548582766145,352.0,546.0,False,False,0.0,449.0
feature_255,0.0,0.08266883735394157,0.06840168483383254,0.6666666666666666,0.0,-0.00042668713102876144,0.002533198693669153,461.0,439.0,False,False,0.0,450.0
feature_298,0.0,0.1300021448350436,-0.04544587902374146,0.6666666666666667,0.0,-0.00122215640564442,0.0036697542214504633,397.0,516.0,False,False,0.0,456.5
feature_353,0.0,0.1596983096312433,0.14388138098699382,0.9333333333333333,0.0,-0.00269205395418346,0.006155150547194101,348.0,571.0,False,False,0.0,459.5
feature_580,0.0,0.15535353798281085,0.09562796473461949,0.6,0.0,-0.0025471670596611314,0.004348630128941311,362.0,569.0,False,False,0.0,465.5
feature_198,0.0,0.09223622849141938,0.026408903122054357,0.6666666666666666,0.0,-0.0008746912111750975,0.0010951901571242743,452.0,481.0,False,False,0.0,466.5
feature_496,0.0,0.13865635254035094,0.08846081465641145,0.6666666666666666,0.0,-0.00197095575898462,0.0010982076180436038,380.0,556.0,False,False,0.0,468.0
feature_254,0.0,0.0914708857847463,0.010635409729064236,0.5333333333333333,0.0,-0.0009106587576348061,0.001174136580316981,453.0,487.0,False,False,0.0,470.0
feature_424,0.0,0.12942369663667086,-0.1270827553417454,0.8,0.0,-0.0017613801777746723,0.002082087611388375,399.0,541.0,False,False,0.0,470.0
feature_007,0.0,0.13011834561250787,0.07149400707618718,0.6,0.0,-0.0017968072772315397,0.003584192689083466,395.0,548.0,False,False,0.0,471.5
feature_199,0.0,0.10377564151209466,0.06019183523584372,0.6666666666666666,0.0,-0.0014242485610171198,0.0014871188895552749,436.0,524.0,False,False,0.0,480.0
feature_337,0.0,0.09871737389071485,0.07251925109247276,0.6666666666666666,0.0,-0.0013096930205055463,0.0012643648148017688,443.0,522.0,False,False,0.0,482.5
feature_118,0.0,0.13004281834882347,-0.011429802343120906,0.6666666666666667,0.0,-0.002916612519300223,0.007703646371590936,396.0,574.0,False,False,0.0,485.0
feature_106,0.0,0.12335366287518944,-0.0008932361813700865,0.6,0.0,-0.0026887582911631585,0.0030086465769780433,409.0,570.0,False,False,0.0,489.5
feature_140,0.0,0.12203172392856881,-0.018903453122739843,0.6,0.0,-0.0023426437493399106,0.0023636404608825584,415.0,564.0,False,False,0.0,489.5
feature_173,0.0,0.12236890659416876,-0.10020725080713042,0.8666666666666667,0.0,-0.0024536053479240223,0.004198238392445067,413.0,567.0,False,False,0.0,490.0
feature_527,0.0,0.09392758869609638,0.06486529547950276,0.7333333333333333,0.0,-0.001644063888358993,0.0010250346330448442,450.0,534.0,False,False,0.0,492.0
feature_490,0.0,0.12608958167324474,-0.09229440949886329,0.8,0.0,-0.004322143364238256,0.006710707259619176,404.0,585.0,False,False,0.0,494.5
feature_136,0.0,0.12333447844556256,-0.10648262016919913,0.8,0.0,-0.0038219212930122592,0.00555913730006431,410.0,581.0,False,False,0.0,495.5
feature_519,0.0,0.10919957919158807,0.04405716957355419,0.6666666666666666,0.0,-0.0022434873632767765,0.006630706203023844,430.0,562.0,False,False,0.0,496.0
feature_296,0.0,0.11248746278438392,0.03442911947306617,0.6,0.0,-0.002866725179414842,0.007976805232536589,427.0,573.0,False,False,0.0,500.0
feature_092,0.0,0.08066014948241008,0.05705121602650514,0.6,0.0,-0.0017751967557531963,0.004161591089007764,464.0,543.0,False,False,0.0,503.5
feature_444,0.0,0.09854342415171878,-0.06348782111665043,0.6666666666666667,0.0,-0.0022961893811271226,0.0031858240878277796,445.0,563.0,False,False,0.0,504.0
feature_558,0.0,0.11089496008988846,-0.005334771505980271,0.6,0.0,-0.0036504529832824704,0.007392754290599087,429.0,579.0,False,False,0.0,504.0
