feature,impurity_importance
feature_103,0.016086887812041876
feature_033,0.013277408528947966
feature_059,0.013230752061418953
feature_519,0.009783289521856968
feature_205,0.009679262215735158
feature_213,0.008200318970160493
feature_510,0.007906430603552223
feature_125,0.007173137992493298
feature_341,0.007142413677033077
feature_129,0.007116746115356098
feature_247,0.007018581079778074
feature_130,0.006959683339009164
feature_477,0.0069570448890472585
feature_031,0.006462809686329297
feature_065,0.006162638405613813
feature_064,0.00606967318330944
feature_021,0.006009886173525384
feature_180,0.006008556436893832
feature_351,0.0058209002121497235
feature_183,0.005620641259411033
feature_452,0.004865835982094589
feature_281,0.004821514272804184
feature_385,0.004449088266948335
feature_081,0.004420623043818472
feature_270,0.004411364098853166
feature_200,0.004402759109065262
feature_091,0.004238589898980915
feature_075,0.004145559903839901
feature_014,0.004141781750084475
feature_126,0.004122489430275834
feature_028,0.004066074058790644
feature_152,0.003881796814851054
feature_587,0.003845099911297276
feature_122,0.0038219044832062394
feature_410,0.003816538173978152
feature_008,0.0038054796841519543
feature_460,0.003719906486485393
feature_124,0.0037011283199242105
feature_280,0.0036982221936815605
feature_333,0.0036379660885094357
feature_455,0.0036334380264021067
feature_127,0.003593310336902828
feature_182,0.003593180775046713
feature_056,0.003586389693036076
feature_390,0.0035769767805475805
feature_086,0.00346325457907469
feature_524,0.003402949807277798
feature_573,0.0033616155282043397
feature_090,0.003361605651941653
feature_102,0.003360924613458228
feature_336,0.0033595482311265246
feature_160,0.003338138024161534
feature_417,0.0033233538220485076
feature_307,0.003303873198387072
feature_009,0.003299891183871621
feature_319,0.003243620814051619
feature_469,0.0032385443437407476
feature_131,0.0032277223652910437
feature_488,0.0031870514696778003
feature_425,0.0031728017646857607
feature_043,0.003107823699450858
feature_309,0.0030947886773129724
feature_132,0.003093127223815079
feature_577,0.0030697344232287877
feature_316,0.003062543212205186
feature_144,0.0030623289316656934
feature_121,0.003018079730433915
feature_159,0.002985841131652891
feature_282,0.002960402657327122
feature_431,0.0029537808246369946
feature_016,0.002933781737777093
feature_137,0.0029247565124173873
feature_317,0.002923549159311801
feature_480,0.002918930640273667
feature_295,0.0029161221181746035
feature_563,0.0029160159030556737
feature_172,0.0029023650309924352
feature_045,0.002882803769480962
feature_035,0.0028632819936536685
feature_197,0.002863179962479932
feature_272,0.002848264545145077
feature_323,0.0028436413010998656
feature_000,0.002833210264726901
feature_345,0.002829938306556052
feature_066,0.0028190911264325907
feature_433,0.0028067542847945333
feature_070,0.0027614421741513863
feature_161,0.0027455827871138644
feature_039,0.002743293735414584
feature_346,0.0027418681134568313
feature_411,0.002739103365835969
feature_423,0.0027097136757329703
feature_575,0.002701484876000796
feature_468,0.002694630948726921
feature_348,0.002691787735824396
feature_048,0.0026865452331549296
feature_175,0.00268344505051351
feature_582,0.002670594852774882
feature_490,0.002663777060722031
feature_268,0.0026497735416648716
feature_146,0.002648510117145487
feature_195,0.002642802662479169
feature_216,0.0026161672483417907
feature_078,0.0026078889090722906
feature_225,0.0026032710117260744
feature_063,0.0026003540309289096
feature_274,0.002587274634493868
feature_037,0.0025797301170517135
feature_430,0.002577861895190843
feature_377,0.002567581772252289
feature_426,0.0025649636536746534
feature_215,0.0025432110140219577
feature_227,0.0025362678725943315
feature_100,0.0025303545905503455
feature_405,0.002508293096114298
feature_076,0.0025031956126505676
feature_484,0.0025014163716217323
feature_290,0.0025007965840886702
feature_489,0.0024957668692935095
feature_318,0.0024796238336987084
feature_088,0.0024473077457506155
feature_267,0.0024151473692690904
feature_416,0.0023955033887818923
feature_128,0.002392347540784734
feature_252,0.002383351289362417
feature_356,0.002373540809100719
feature_298,0.002372081071563134
feature_054,0.002371729119927694
feature_163,0.002357983080702043
feature_525,0.0023498940551802505
feature_588,0.002347654468022587
feature_062,0.0023414281477634035
feature_117,0.002332283210368684
feature_287,0.002327666450228279
feature_523,0.0023217473448109587
feature_040,0.0023200385345351756
feature_047,0.002306938365248001
feature_098,0.0023029931067906875
feature_511,0.0022935963463207665
feature_352,0.0022863593666811333
feature_187,0.0022786141255952104
feature_058,0.002272772540573061
feature_446,0.0022621024995618287
feature_571,0.002253790756671871
feature_034,0.0022481808334483553
feature_181,0.002246452282865206
feature_204,0.0022329510575045657
feature_120,0.0022285316164056238
feature_491,0.0022064816644194827
feature_310,0.002195451388649494
feature_184,0.002188261030821656
feature_562,0.002187928959452051
feature_254,0.0021488636711193164
feature_133,0.0021441796945993043
feature_479,0.0021341669013329894
feature_428,0.0021259726075662957
feature_010,0.0021220716566614124
feature_092,0.002114343272866534
feature_286,0.0021137935135554205
feature_017,0.0021099387147995256
feature_541,0.0020991803859693233
feature_338,0.002098292359610127
feature_285,0.002093634482759787
feature_067,0.002088075357248644
feature_392,0.002086539637512062
feature_331,0.002072557698841874
feature_279,0.0020709453109391865
feature_344,0.0020626134456612827
feature_218,0.0020608759889398955
feature_113,0.0020533269196670156
feature_447,0.0020452103059155
feature_111,0.0020368029083209756
feature_099,0.002034893534760744
feature_139,0.002032588322683629
feature_068,0.0020325081228176165
feature_136,0.002030692041704727
feature_549,0.0020228719803281232
feature_115,0.0020122158738823544
feature_497,0.002005937458830527
feature_288,0.001999546350304461
feature_147,0.001997495156938016
feature_050,0.0019903036652046376
feature_467,0.001989813670727017
feature_296,0.0019769838901527114
feature_475,0.001976238940667958
feature_365,0.0019756625870244807
feature_413,0.0019745786742086575
feature_443,0.001966235581941969
feature_162,0.001960691465708932
feature_353,0.0019540378330837383
feature_459,0.001954013187511797
feature_429,0.0019526331274837857
feature_454,0.001950976427988568
feature_134,0.001939991288366216
feature_551,0.001933004197280552
feature_343,0.0019324855177920838
feature_203,0.0019310697487681266
feature_083,0.0019298321594870302
feature_019,0.0019262224176273815
feature_445,0.0019253152681249547
feature_339,0.001920236602125284
feature_444,0.0019193145629633466
feature_321,0.0019174296318825693
feature_547,0.0019060580458876153
feature_145,0.001887202391691257
feature_552,0.0018851133653207746
feature_165,0.001884979146538411
feature_361,0.0018828549341962683
feature_561,0.0018824128719368623
feature_202,0.0018823840093288254
feature_105,0.0018810008869169286
feature_526,0.00188077298521393
feature_207,0.0018792748970482978
feature_294,0.0018790851621173878
feature_560,0.001877449908167032
feature_255,0.0018733590601579028
feature_015,0.0018640751149537514
feature_224,0.0018640232770513333
feature_212,0.0018546429627051403
feature_355,0.0018472627578248967
feature_018,0.001845307151537856
feature_032,0.0018379274648287478
feature_499,0.0018379114320587135
feature_408,0.0018378353163158228
feature_012,0.001833827143951371
feature_585,0.0018300949472092598
feature_419,0.00182887415806852
feature_153,0.0018203142472416067
feature_087,0.0018194011783179993
feature_214,0.001819202781523482
feature_030,0.001817017691802222
feature_453,0.0018105458295653814
feature_349,0.0018101738913512799
feature_308,0.0018085631193510796
feature_273,0.0018060366580969526
feature_557,0.0018028678892838628
feature_002,0.001796174103845514
feature_471,0.0017888361590878649
feature_007,0.0017845960385254758
feature_409,0.0017840323779102453
feature_583,0.0017655884489055603
feature_170,0.001763601907177022
feature_107,0.0017532757340752425
feature_060,0.0017521220209529278
feature_027,0.0017366745346850065
feature_135,0.0017337828305241437
feature_185,0.0017245799926494394
feature_250,0.0017217082270336729
feature_079,0.001719928839418666
feature_386,0.0017176605572650186
feature_003,0.0017148015455959273
feature_022,0.001710446738364741
feature_283,0.0017102946485260387
feature_123,0.0016982404267592086
feature_435,0.0016916154225435985
feature_219,0.0016912890337403377
feature_275,0.0016908408483390467
feature_456,0.0016838751070529826
feature_439,0.0016767097000889952
feature_304,0.00167211954924008
feature_150,0.0016607593492965382
feature_196,0.0016551662159387862
feature_038,0.0016517968353047569
feature_391,0.001650685388953105
feature_148,0.0016489913645731497
feature_421,0.0016469865602923247
feature_061,0.0016416100376700335
feature_041,0.0016398938277161854
feature_176,0.0016394280560088615
feature_173,0.0016363861051557475
feature_080,0.0016362107716294736
feature_239,0.0016331103096120178
feature_188,0.001626845170157024
feature_299,0.001622480701470671
feature_217,0.0016134838077327628
feature_174,0.0016035134660479747
feature_025,0.0015902340152105718
feature_143,0.0015900969929860803
feature_020,0.0015898042058814193
feature_574,0.001566680981465614
feature_357,0.0015639690423818581
feature_324,0.0015594406088048458
feature_228,0.0015577290303557692
feature_572,0.0015565481273031368
feature_438,0.0015469883231972814
feature_567,0.0015465166873776773
feature_354,0.0015453381624444054
feature_140,0.0015414221159632344
feature_118,0.0015411938004662503
feature_437,0.0015375688107981508
feature_558,0.0015285792368507731
feature_210,0.001527399430543545
feature_211,0.0015227229641790094
feature_142,0.0015217807057028747
feature_253,0.0015217747918343796
feature_104,0.0015174993379396685
feature_494,0.0015163513372816702
feature_476,0.0015156640919925517
feature_539,0.0015130914085126803
feature_570,0.0015107620122099404
feature_393,0.0015060574646433914
feature_093,0.0015046473678747326
feature_055,0.0014998342081831003
feature_051,0.0014998162714438704
feature_171,0.0014884946152873178
feature_589,0.0014847252816385349
feature_553,0.0014843405553408109
feature_559,0.0014820152261474713
feature_096,0.001481582142214546
feature_168,0.001479655201498864
feature_116,0.0014569019649917825
feature_332,0.0014549143295105814
feature_223,0.0014527237171160026
feature_108,0.0014359434355754464
feature_221,0.001435500951740676
feature_340,0.001426487311190605
feature_082,0.0014164487653549657
feature_556,0.0014153969477233958
feature_320,0.0014149868213690147
feature_026,0.0014144206025235642
feature_470,0.0014094927993445056
feature_522,0.0014086456807528768
feature_388,0.0014074529660569575
feature_006,0.0014057152363410835
feature_302,0.001404429415876219
feature_306,0.0014042242442691977
feature_156,0.0014031683695290603
feature_291,0.0014006715612987198
feature_432,0.0013917237318560322
feature_071,0.001390805464931187
feature_057,0.001389348287878536
feature_138,0.0013783992914729614
feature_427,0.0013657215831963034
feature_289,0.0013644750031457406
feature_483,0.0013643783306034728
feature_024,0.0013627375779700476
feature_442,0.0013622162655483763
feature_169,0.0013622021789504403
feature_297,0.0013590595804083836
feature_151,0.0013573140910454144
feature_222,0.001356197442075793
feature_053,0.0013537944932737556
feature_586,0.0013456995560882595
feature_359,0.0013453715113662579
feature_271,0.0013379831394511469
feature_335,0.0013295376333004403
feature_363,0.0013250368308613705
feature_540,0.0013232208831869758
feature_406,0.0013156971285598548
feature_004,0.0013144723683683134
feature_198,0.0013114837621666204
feature_473,0.0013090839739668535
feature_269,0.0013086648463062878
feature_073,0.0013014718886111265
feature_001,0.0013002861839449837
feature_412,0.0012999683325894218
feature_376,0.0012977908541306816
feature_440,0.0012966057565438039
feature_457,0.0012950831635168089
feature_337,0.0012933723715058967
feature_407,0.001285979801255424
feature_011,0.0012800645432681325
feature_044,0.0012725829861837876
feature_424,0.001269455618779776
feature_576,0.0012693375814086633
feature_495,0.0012688323403061766
feature_072,0.0012604709087122947
feature_542,0.001257512232759539
feature_334,0.0012552502405985344
feature_238,0.0012503138430694889
feature_311,0.001249901972431921
feature_303,0.0012482491394400811
feature_199,0.001246748716524527
feature_208,0.0012447570905793721
feature_312,0.0012407999083528774
feature_554,0.001240264874979908
feature_486,0.001239760677320899
feature_368,0.001238770528950121
feature_301,0.0012205592999355993
feature_155,0.001213680150365258
feature_545,0.0012048822460574331
feature_550,0.00120482995699435
feature_036,0.0012025811468138927
feature_555,0.001189624368526455
feature_360,0.0011866464500951252
feature_077,0.0011828949519524623
feature_420,0.0011808700321978257
feature_527,0.0011801501268073548
feature_517,0.0011690378326155513
feature_095,0.001168944578089687
feature_415,0.001161389527272891
feature_474,0.0011576917370100493
feature_472,0.001152169305058064
feature_367,0.0011489393885559343
feature_166,0.0011385817387568795
feature_548,0.0011351817406886735
feature_584,0.0011302472654747642
feature_089,0.0011285889790440915
feature_436,0.001127346222533041
feature_546,0.0011245110861590579
feature_362,0.001120234023094672
feature_565,0.001115611775629227
feature_441,0.00110512918815551
feature_277,0.0010908359201664485
feature_084,0.0010785789335568618
feature_244,0.0010767921562546748
feature_119,0.0010757510139880854
feature_493,0.0010736710413203187
feature_350,0.0010735866463576658
feature_448,0.0010689165324250004
feature_496,0.0010681205427845299
feature_248,0.0010671733367725708
feature_579,0.0010552638344714898
feature_300,0.001046742940268487
feature_487,0.001035336879677578
feature_366,0.0010347642327890934
feature_154,0.001021692124726184
feature_246,0.000989496069602872
feature_305,0.0009455887375859389
feature_482,0.0009415193315490241
feature_485,0.000931075647381812
feature_245,0.0009131046097773431
feature_046,0.0009126637123787057
feature_023,0.0009062713610853383
feature_418,0.0009022516785447833
feature_566,0.0008816860865951732
feature_112,0.0008259436883771184
feature_109,0.0008231168345719459
feature_029,0.0008197652649283329
feature_177,0.0008160727522083014
feature_383,0.0008093586645365424
feature_164,0.0008091171423689992
feature_520,0.0008062554264845221
feature_251,0.00078422462556132
feature_569,0.0007725772093647853
feature_201,0.0007454973458691129
feature_106,0.0007419179292522664
feature_568,0.0007392278701139473
feature_578,0.0007184304801796309
feature_516,0.0007173152190871019
feature_278,0.0007106515892901249
feature_500,0.0007035008578061791
feature_564,0.0006979570467337919
feature_434,0.0006668808373001315
feature_580,0.0006470054568942657
feature_167,0.0005866073226539611
feature_581,0.0005413748343643141
feature_543,0.00048751613800224175
feature_382,0.00048464678907869505
feature_094,0.00047402199580238736
feature_384,0.000467244969586017
feature_157,0.00045433125833640157
feature_544,0.00042632401723632305
feature_110,0.00040453256643168095
feature_293,0.0004017737871475181
feature_389,0.0003894371973441184
feature_101,0.00037188100859007045
feature_518,0.00032113479631222167
feature_492,0.0003042829099841113
feature_158,0.00029769553168886427
feature_358,0.00020439370719500276
feature_292,0.000164878867443794
feature_220,0.000124816838222878
feature_387,7.747471234072647e-05
feature_249,4.939339444210501e-05
feature_085,3.631195339515274e-05
feature_478,0.0
feature_342,0.0
feature_347,0.0
feature_521,0.0
feature_114,0.0
feature_209,0.0
feature_206,0.0
feature_074,0.0
