feature,top_k_count,mean_ap_drop,ap_drop_std_across_folds,top_k_frequency
feature_033,4,0.013397438242269372,0.01332072181373725,0.8
feature_059,3,0.010180335321113832,0.013767145876719044,0.6
feature_103,3,0.008938893704896913,0.005273160617521747,0.6
feature_031,3,0.004199068704416217,0.0074176064546379395,0.6
feature_477,2,0.007999044008342235,0.009978082552686202,0.4
feature_307,2,0.007761893959630646,0.005774193966455953,0.4
feature_341,2,0.006328874759632799,0.011411009876356293,0.4
feature_174,2,0.0055182501924302,0.004985497846529088,0.4
feature_309,2,0.005501056593757261,0.00774707051498037,0.4
feature_205,2,0.005335792696020061,0.007748260641018905,0.4
feature_014,2,0.005222999587157314,0.00548321513749621,0.4
feature_323,2,0.005031161186819009,0.005303663422693467,0.4
feature_152,2,0.004384381446572184,0.007302515009067244,0.4
feature_587,2,0.004217544408616167,0.004334402051088798,0.4
feature_081,2,0.0028347196848319115,0.008632428269928522,0.4
feature_130,2,0.0022060814152693787,0.009585423275847854,0.4
feature_180,2,0.002161675665586502,0.0077649166216196995,0.4
feature_563,2,0.0007495689201534135,0.007328674541997187,0.4
feature_510,2,0.0004894080989263104,0.010799989715841746,0.4
feature_127,1,0.0056658072126108865,0.006378852196265898,0.2
feature_125,1,0.005597589991607358,0.011129196903707289,0.2
feature_115,1,0.005569861649073046,0.012847713806891536,0.2
feature_053,1,0.0040572348629279165,0.00998199879679146,0.2
feature_076,1,0.004038455703621935,0.004776756641197627,0.2
feature_122,1,0.0038915314020259105,0.005046320370391076,0.2
feature_131,1,0.0038723468769887104,0.0050362453269637,0.2
feature_021,1,0.0036748545338718187,0.0031951679307831594,0.2
feature_038,1,0.0035039027749887617,0.006986918487590798,0.2
feature_541,1,0.0031830021614335366,0.008359935624586503,0.2
feature_111,1,0.0030988942177064107,0.006781135670023539,0.2
feature_585,1,0.0030843950937260094,0.0074567116082848925,0.2
feature_285,1,0.00260458420263955,0.004919342272261462,0.2
feature_500,1,0.0025243485290525336,0.003363128227005105,0.2
feature_172,1,0.0024803978336911817,0.007582159799890544,0.2
feature_017,1,0.002458507321918176,0.00702854908878773,0.2
feature_524,1,0.002412856444356145,0.0044161916970162675,0.2
feature_446,1,0.002399382225036859,0.005721948309062927,0.2
feature_270,1,0.002343413473826431,0.004703025780673002,0.2
feature_391,1,0.0022915558121590594,0.007739167035802856,0.2
feature_274,1,0.0022180848836175103,0.007407697109246556,0.2
feature_197,1,0.0021967407349214466,0.008420316543015213,0.2
feature_019,1,0.0020930270267406916,0.008045045233942979,0.2
feature_385,1,0.0020450703749489785,0.005735369670104761,0.2
feature_290,1,0.0019191338167608412,0.007922571143688321,0.2
feature_010,1,0.0019143460785251826,0.00546901747615657,0.2
feature_132,1,0.0017455668302474709,0.004587104733334131,0.2
feature_039,1,0.0016878441567407994,0.005108823005406228,0.2
feature_090,1,0.0016412519173308513,0.004916052979990498,0.2
feature_346,1,0.0015350561673060834,0.00791977137677324,0.2
feature_091,1,0.0014880858556995948,0.005313133567296866,0.2
feature_040,1,0.0014032741106856522,0.0076608345039250745,0.2
feature_479,1,0.001299973804127843,0.0047997930186923264,0.2
feature_272,1,0.0011381497393308274,0.003651405106927012,0.2
feature_175,1,0.0011374335381591938,0.0029992528019236733,0.2
feature_137,1,0.0011090475976085405,0.0030228849122273705,0.2
feature_589,1,0.0009918531177940135,0.005062163434651655,0.2
feature_560,1,0.0009588703632227396,0.002602345661952554,0.2
feature_169,1,0.0008946940201067568,0.002397203983095524,0.2
feature_488,1,0.0008036994516935477,0.0027388838032735324,0.2
feature_163,1,0.0007942913793147525,0.0031741877911111594,0.2
feature_294,1,0.0007679470333854003,0.0021175508958246763,0.2
feature_447,1,0.0004216897699386695,0.004125636132439186,0.2
feature_577,1,0.00033584823583146343,0.006661849817909398,0.2
feature_345,1,0.00027323966275364964,0.005951579052100109,0.2
feature_065,1,0.00026138590098874584,0.008219498280725848,0.2
feature_286,1,0.00021773080585400298,0.007768573947186099,0.2
feature_078,1,6.271191672954681e-05,0.0060448638926038235,0.2
feature_195,1,-0.00019929869162916837,0.002907409454298445,0.2
feature_102,1,-0.00046141022345965176,0.00442655772144333,0.2
feature_126,1,-0.0007065917157877559,0.006691752186482361,0.2
feature_064,1,-0.0008206718584541715,0.01515760796266419,0.2
feature_441,1,-0.001119693804970114,0.008351138681865766,0.2
feature_452,1,-0.001541061063203299,0.008120260994618985,0.2
feature_247,1,-0.0024251638183366655,0.006625687999530448,0.2
feature_213,1,-0.00399460476477735,0.010386288253868297,0.2
feature_351,1,-0.006773517870162918,0.012921932229829755,0.2
feature_238,0,0.003929041123161566,0.006173812627900243,0.0
feature_058,0,0.003648916979261181,0.0077389345880606135,0.0
feature_155,0,0.003426433176250121,0.003215567428560338,0.0
feature_239,0,0.003412817983001977,0.005366847876531607,0.0
feature_552,0,0.0032903447113989326,0.006533067737466288,0.0
feature_443,0,0.0032800575898533136,0.006730947168823443,0.0
feature_142,0,0.0032774242994595914,0.004977685176022402,0.0
feature_429,0,0.0031072926256046664,0.006474390098498096,0.0
feature_287,0,0.0030571268548273893,0.0029463121282006545,0.0
feature_377,0,0.002917450079190291,0.005189528597108433,0.0
feature_153,0,0.0028648712280279023,0.006208873369953511,0.0
feature_376,0,0.0026386179371805656,0.006178885155571052,0.0
feature_054,0,0.002584112359088714,0.005773167824102429,0.0
feature_202,0,0.0023864184123019217,0.004002935780253163,0.0
feature_549,0,0.00237543513982044,0.00497469270581334,0.0
feature_121,0,0.002321976567250435,0.004407550048257767,0.0
feature_408,0,0.002254629146268346,0.005281741117485376,0.0
feature_417,0,0.0022498799050182016,0.005244835840111956,0.0
feature_320,0,0.0022268568842504794,0.005277142934595119,0.0
feature_182,0,0.002211948045617227,0.006937071691409887,0.0
feature_026,0,0.002206539974342725,0.005481957026886593,0.0
feature_048,0,0.0021680993584994573,0.006449652804922774,0.0
feature_562,0,0.0021491232746333375,0.005429495384062304,0.0
feature_030,0,0.0021006025602588446,0.004541033030596773,0.0
feature_484,0,0.002081247464398454,0.0017061022626160473,0.0
feature_310,0,0.0020716452940049202,0.004059556596946801,0.0
feature_135,0,0.0020489104360171635,0.003475558281299591,0.0
feature_431,0,0.0020243001013781495,0.004344381066260514,0.0
feature_143,0,0.00201179550577519,0.004306933710992253,0.0
feature_548,0,0.0019700296015037035,0.004283662195023177,0.0
feature_485,0,0.001967288132740545,0.0024444378996623176,0.0
feature_269,0,0.0019637784507531694,0.005323960750589876,0.0
feature_576,0,0.0019618197070018885,0.005635549908634875,0.0
feature_306,0,0.0019225013876390418,0.0035964806968309753,0.0
feature_343,0,0.001871186115590031,0.0018366126622654387,0.0
feature_060,0,0.0018464985761089958,0.00634139696341321,0.0
feature_291,0,0.0018389889308322882,0.004787195828784827,0.0
feature_588,0,0.0018366112505505312,0.003747816754547548,0.0
feature_225,0,0.0018349420796718104,0.0034909823687718196,0.0
feature_436,0,0.0018244648021704872,0.004499647890566272,0.0
feature_215,0,0.001801616283386015,0.002900134980540179,0.0
feature_545,0,0.001795477959745993,0.003178692626891324,0.0
feature_407,0,0.0017796281227799692,0.0051953837221939145,0.0
feature_415,0,0.0017507611848100828,0.00501052252200146,0.0
feature_100,0,0.0017479177271519635,0.0023446199389179287,0.0
feature_383,0,0.001741586401751947,0.004200529557097622,0.0
feature_128,0,0.0017373786323175023,0.006804257414845791,0.0
feature_522,0,0.001727165387928185,0.004402920015132515,0.0
feature_338,0,0.0017206496116545435,0.004754697624669104,0.0
feature_542,0,0.0016698145396926024,0.0038118852678365013,0.0
feature_084,0,0.0016599788490448204,0.0022630916247588727,0.0
feature_204,0,0.0016487262497289746,0.0044144409668469085,0.0
feature_159,0,0.0016203297838856955,0.004228000591808923,0.0
feature_340,0,0.0015490046196245072,0.004733453510046085,0.0
feature_171,0,0.0014651034678176522,0.004338477071765933,0.0
feature_124,0,0.0014604277428817293,0.007427400940691707,0.0
feature_095,0,0.001453101833228663,0.0016896427522567368,0.0
feature_573,0,0.0014458012529326935,0.0075973203034329796,0.0
feature_133,0,0.001445428778342191,0.00541664444897436,0.0
feature_405,0,0.0014436805739226047,0.004054731655845846,0.0
feature_200,0,0.0014387681549133577,0.0071192431839946675,0.0
feature_025,0,0.0014383050515262264,0.006378391792610011,0.0
feature_138,0,0.0014029640885674544,0.004876407184536461,0.0
feature_181,0,0.001402617359181383,0.004984146594131649,0.0
feature_207,0,0.0013978261152914487,0.0024125598456575864,0.0
feature_079,0,0.0013659358523053853,0.005099610702491096,0.0
feature_051,0,0.001362404025979569,0.0021093134739333446,0.0
feature_105,0,0.001354806627953222,0.00206638078881899,0.0
feature_469,0,0.0013536561572346268,0.006164294936619962,0.0
feature_080,0,0.0013435211685946709,0.0038464489546389258,0.0
feature_061,0,0.0013257241020304881,0.005885576534838671,0.0
feature_555,0,0.0013200988927552892,0.003930189494480083,0.0
feature_185,0,0.001310178544272015,0.004419301400525233,0.0
feature_318,0,0.0013099414626121983,0.005229745924372818,0.0
feature_170,0,0.0013083929413599206,0.0017197284617979894,0.0
feature_572,0,0.0012968908856919481,0.0036188454492743854,0.0
feature_445,0,0.0012691724127208794,0.004077138495894367,0.0
feature_579,0,0.001253295884070112,0.0013804035527857474,0.0
feature_112,0,0.0012464653680961668,0.002981259014343089,0.0
feature_456,0,0.001242869386142644,0.0020660373537799526,0.0
feature_336,0,0.0012423010191482194,0.004890716709747561,0.0
feature_020,0,0.0012036153379985906,0.002052601362181333,0.0
feature_224,0,0.001202557080787986,0.005729327301514207,0.0
feature_471,0,0.001160957667249516,0.003932181695764285,0.0
feature_000,0,0.0011593745195571806,0.0031260658342094337,0.0
feature_569,0,0.0011578322887192665,0.0031636218920721463,0.0
feature_183,0,0.0011525758627278855,0.007770735164692332,0.0
feature_516,0,0.0011400892609156146,0.0026080819958827182,0.0
feature_282,0,0.0011383275697219714,0.006497285948907976,0.0
feature_474,0,0.0011336702296908456,0.004020864980253097,0.0
feature_361,0,0.0011335850078351233,0.00677575406384446,0.0
feature_586,0,0.0011230542971124371,0.006754733845671439,0.0
feature_184,0,0.001113369063670992,0.00523684841536539,0.0
feature_211,0,0.0011023120232297866,0.002434562973560169,0.0
feature_570,0,0.0010589168524156646,0.005367346605602425,0.0
feature_273,0,0.0010451636326156441,0.0031838531051770684,0.0
feature_109,0,0.001017959791384321,0.0022876881000091346,0.0
feature_219,0,0.0010173011751826702,0.0033496465611315878,0.0
feature_299,0,0.0010064005536882027,0.0025014421171440757,0.0
feature_316,0,0.0009540386669649736,0.006873236472698921,0.0
feature_473,0,0.0008641799042498771,0.0038663777430655534,0.0
feature_123,0,0.0008613381727121357,0.005716582193078681,0.0
feature_187,0,0.0008412546295744541,0.0032928850371027906,0.0
feature_412,0,0.0008377260037536841,0.004275037592214118,0.0
feature_517,0,0.0008238938153415328,0.0011646564735813341,0.0
feature_227,0,0.0008073274806482345,0.0042592640032079986,0.0
feature_176,0,0.0007879387850213526,0.002748664756793259,0.0
feature_499,0,0.0007720882028752244,0.004725875447333386,0.0
feature_434,0,0.0007659506523396956,0.005391569451874528,0.0
feature_419,0,0.0007276053900277986,0.002371167892879722,0.0
feature_217,0,0.0007221602823202167,0.001420041469571948,0.0
feature_129,0,0.0007068170223452205,0.007585631190047082,0.0
feature_363,0,0.0006867845640545822,0.0012498937818347482,0.0
feature_556,0,0.0006792777695848574,0.002029373746179022,0.0
feature_041,0,0.0006784262740066327,0.0027280555366466395,0.0
feature_406,0,0.0006749945917993494,0.002110606338631683,0.0
feature_554,0,0.0006736614450537525,0.0051180133351933065,0.0
feature_283,0,0.0006715730500771418,0.0024055794405274384,0.0
feature_486,0,0.0006667622025725665,0.0036277477935692144,0.0
feature_416,0,0.0006569615730495044,0.006051145690228893,0.0
feature_427,0,0.0006527958543357284,0.005025371362848917,0.0
feature_267,0,0.0006488259058705907,0.004028594253589329,0.0
feature_006,0,0.0006370797929723005,0.004115098770875252,0.0
feature_101,0,0.0006243383588079797,0.0015321192526617654,0.0
feature_245,0,0.000620491740468428,0.001954433024307863,0.0
feature_393,0,0.0006083398950146405,0.004056449043893871,0.0
feature_220,0,0.0006034692577867632,0.0014792620701365694,0.0
feature_023,0,0.0005813028120349063,0.004877009286585126,0.0
feature_583,0,0.0005687824099619933,0.0063452453497372064,0.0
feature_539,0,0.0005579084328618015,0.00202462496788584,0.0
feature_066,0,0.0005555109551567182,0.0056572510065576904,0.0
feature_221,0,0.0005377559972591817,0.0016277138286265084,0.0
feature_077,0,0.0005309688627965713,0.0031311866266188434,0.0
feature_139,0,0.0005299848696793598,0.005957062456994107,0.0
feature_001,0,0.0005248156213521463,0.004875751597592991,0.0
feature_067,0,0.0005171551051483148,0.0029523493334842046,0.0
feature_104,0,0.000509709266166423,0.001971580263836258,0.0
feature_388,0,0.000502662610921852,0.00281702059994518,0.0
feature_550,0,0.0004788870869763187,0.002303918390275723,0.0
feature_475,0,0.00047698337460497784,0.00312706290408327,0.0
feature_349,0,0.00047544676983787463,0.0012474053204437987,0.0
feature_489,0,0.0004495412802919188,0.0018996674974388788,0.0
feature_250,0,0.000440796755762866,0.007428627151026249,0.0
feature_096,0,0.0004368609411523525,0.0019431294179575662,0.0
feature_440,0,0.00041554035062752283,0.002562913842632553,0.0
feature_289,0,0.0004126176321346653,0.002297360642784552,0.0
feature_043,0,0.000404376946040802,0.0012085416093214364,0.0
feature_492,0,0.00040408916066770885,0.0007875269040284663,0.0
feature_277,0,0.00039405020401180323,0.0015127893883579656,0.0
feature_288,0,0.0003919962847284095,0.005826060941659229,0.0
feature_354,0,0.0003913409665353862,0.002617353260220474,0.0
feature_495,0,0.0003779167689339261,0.004248626540814577,0.0
feature_248,0,0.0003640189248692749,0.00523235773229227,0.0
feature_360,0,0.0003396168639190697,0.0028775483077446173,0.0
feature_222,0,0.000316860308297895,0.002268003925846693,0.0
feature_029,0,0.00029603689121954956,0.0007680175701845742,0.0
feature_428,0,0.0002859707039184773,0.001955301369697425,0.0
feature_480,0,0.00027937877424560333,0.007011532185734066,0.0
feature_156,0,0.00027574874307264023,0.0038426320510879025,0.0
feature_034,0,0.00026044437266102647,0.0031448188067828503,0.0
feature_442,0,0.00022972265702291824,0.0018706002743099765,0.0
feature_214,0,0.00017975403661262638,0.0012350139772745103,0.0
feature_167,0,0.00017923980444582247,0.0023349714392371427,0.0
feature_546,0,0.00017856349552885877,0.0014026897614796462,0.0
feature_389,0,0.00016867919301914434,0.0026814651887344123,0.0
feature_487,0,0.00016130951812990034,0.001681434617010951,0.0
feature_062,0,0.00015502946873627164,0.005466960358225365,0.0
feature_448,0,0.0001489681057085913,0.005736108101882535,0.0
feature_497,0,0.00014692387361282716,0.001194680197826543,0.0
feature_218,0,0.00014498675067854582,0.0026277068691417105,0.0
feature_275,0,0.00014268010835980508,0.002826761542733178,0.0
feature_158,0,0.00014261621087045354,0.0004742948631128947,0.0
feature_148,0,0.00013396483512567167,0.0017630003993804905,0.0
feature_518,0,0.00013297440508346726,0.0013005533450831735,0.0
feature_367,0,0.00012462031816861692,0.003923429506730153,0.0
feature_494,0,0.00011773313846399902,0.0008309232797730625,0.0
feature_028,0,0.00011602950817085977,0.004063088388512599,0.0
feature_107,0,0.00011287557712606282,0.0038642187532322413,0.0
feature_012,0,0.00011019143259491017,0.001597037457664727,0.0
feature_072,0,0.00010506066040872342,0.0015891948326766606,0.0
feature_382,0,9.785351025733968e-05,0.0029828472230561437,0.0
feature_335,0,9.284031795718968e-05,0.004216242797818789,0.0
feature_168,0,9.117216083533248e-05,0.0041450024668804025,0.0
feature_047,0,8.404906615820384e-05,0.005155414858976063,0.0
feature_540,0,7.7121037935729e-05,0.002561501155904008,0.0
feature_312,0,4.887210093752841e-05,0.001824075586969154,0.0
feature_210,0,3.589209339652777e-05,0.008016801364862096,0.0
feature_027,0,2.9143162806364753e-05,0.003313742683492987,0.0
feature_070,0,1.703297093658319e-05,0.0032684628869669697,0.0
feature_087,0,1.1671769489949658e-05,0.0012750554351923097,0.0
feature_114,0,1.0081576752561199e-05,2.2543090939108417e-05,0.0
feature_358,0,6.786452033902268e-06,1.5174968073847179e-05,0.0
feature_157,0,5.834855142379983e-06,0.00016960596902947957,0.0
feature_387,0,4.895840983084229e-06,1.0947433245205733e-05,0.0
feature_249,0,1.7472876090033712e-06,3.907053869974611e-06,0.0
feature_521,0,1.7472876090033712e-06,3.907053869974611e-06,0.0
feature_493,0,1.553591000569613e-07,0.0026289026222474123,0.0
feature_005,0,0.0,0.0,0.0
feature_013,0,0.0,0.0,0.0
feature_042,0,0.0,0.0,0.0
feature_049,0,0.0,0.0,0.0
feature_052,0,0.0,0.0,0.0
feature_069,0,0.0,0.0,0.0
feature_074,0,0.0,0.0,0.0
feature_097,0,0.0,0.0,0.0
feature_141,0,0.0,0.0,0.0
feature_149,0,0.0,0.0,0.0
feature_178,0,0.0,0.0,0.0
feature_179,0,0.0,0.0,0.0
feature_186,0,0.0,0.0,0.0
feature_189,0,0.0,0.0,0.0
feature_190,0,0.0,0.0,0.0
feature_191,0,0.0,0.0,0.0
feature_192,0,0.0,0.0,0.0
feature_193,0,0.0,0.0,0.0
feature_194,0,0.0,0.0,0.0
feature_206,0,0.0,0.0,0.0
feature_209,0,0.0,0.0,0.0
feature_226,0,0.0,0.0,0.0
feature_229,0,0.0,0.0,0.0
feature_230,0,0.0,0.0,0.0
feature_231,0,0.0,0.0,0.0
feature_232,0,0.0,0.0,0.0
feature_233,0,0.0,0.0,0.0
feature_234,0,0.0,0.0,0.0
feature_235,0,0.0,0.0,0.0
feature_236,0,0.0,0.0,0.0
feature_237,0,0.0,0.0,0.0
feature_240,0,0.0,0.0,0.0
feature_241,0,0.0,0.0,0.0
feature_242,0,0.0,0.0,0.0
feature_243,0,0.0,0.0,0.0
feature_256,0,0.0,0.0,0.0
feature_257,0,0.0,0.0,0.0
feature_258,0,0.0,0.0,0.0
feature_259,0,0.0,0.0,0.0
feature_260,0,0.0,0.0,0.0
feature_261,0,0.0,0.0,0.0
feature_262,0,0.0,0.0,0.0
feature_263,0,0.0,0.0,0.0
feature_264,0,0.0,0.0,0.0
feature_265,0,0.0,0.0,0.0
feature_266,0,0.0,0.0,0.0
feature_276,0,0.0,0.0,0.0
feature_284,0,0.0,0.0,0.0
feature_313,0,0.0,0.0,0.0
feature_314,0,0.0,0.0,0.0
feature_315,0,0.0,0.0,0.0
feature_322,0,0.0,0.0,0.0
feature_325,0,0.0,0.0,0.0
feature_326,0,0.0,0.0,0.0
feature_327,0,0.0,0.0,0.0
feature_328,0,0.0,0.0,0.0
feature_329,0,0.0,0.0,0.0
feature_330,0,0.0,0.0,0.0
feature_342,0,0.0,0.0,0.0
feature_347,0,0.0,0.0,0.0
feature_364,0,0.0,0.0,0.0
feature_369,0,0.0,0.0,0.0
feature_370,0,0.0,0.0,0.0
feature_371,0,0.0,0.0,0.0
feature_372,0,0.0,0.0,0.0
feature_373,0,0.0,0.0,0.0
feature_374,0,0.0,0.0,0.0
feature_375,0,0.0,0.0,0.0
feature_378,0,0.0,0.0,0.0
feature_379,0,0.0,0.0,0.0
feature_380,0,0.0,0.0,0.0
feature_381,0,0.0,0.0,0.0
feature_394,0,0.0,0.0,0.0
feature_395,0,0.0,0.0,0.0
feature_396,0,0.0,0.0,0.0
feature_397,0,0.0,0.0,0.0
feature_398,0,0.0,0.0,0.0
feature_399,0,0.0,0.0,0.0
feature_400,0,0.0,0.0,0.0
feature_401,0,0.0,0.0,0.0
feature_402,0,0.0,0.0,0.0
feature_403,0,0.0,0.0,0.0
feature_404,0,0.0,0.0,0.0
feature_414,0,0.0,0.0,0.0
feature_422,0,0.0,0.0,0.0
feature_449,0,0.0,0.0,0.0
feature_450,0,0.0,0.0,0.0
feature_451,0,0.0,0.0,0.0
feature_458,0,0.0,0.0,0.0
feature_461,0,0.0,0.0,0.0
feature_462,0,0.0,0.0,0.0
feature_463,0,0.0,0.0,0.0
feature_464,0,0.0,0.0,0.0
feature_465,0,0.0,0.0,0.0
feature_466,0,0.0,0.0,0.0
feature_478,0,0.0,0.0,0.0
feature_481,0,0.0,0.0,0.0
feature_498,0,0.0,0.0,0.0
feature_501,0,0.0,0.0,0.0
feature_502,0,0.0,0.0,0.0
feature_503,0,0.0,0.0,0.0
feature_504,0,0.0,0.0,0.0
feature_505,0,0.0,0.0,0.0
feature_506,0,0.0,0.0,0.0
feature_507,0,0.0,0.0,0.0
feature_508,0,0.0,0.0,0.0
feature_509,0,0.0,0.0,0.0
feature_512,0,0.0,0.0,0.0
feature_513,0,0.0,0.0,0.0
feature_514,0,0.0,0.0,0.0
feature_515,0,0.0,0.0,0.0
feature_528,0,0.0,0.0,0.0
feature_529,0,0.0,0.0,0.0
feature_530,0,0.0,0.0,0.0
feature_531,0,0.0,0.0,0.0
feature_532,0,0.0,0.0,0.0
feature_533,0,0.0,0.0,0.0
feature_534,0,0.0,0.0,0.0
feature_535,0,0.0,0.0,0.0
feature_536,0,0.0,0.0,0.0
feature_537,0,0.0,0.0,0.0
feature_538,0,0.0,0.0,0.0
feature_085,0,-9.443635466227506e-06,0.00011454101941869393,0.0
feature_472,0,-1.368355040378133e-05,0.002653655699219353,0.0
feature_557,0,-2.0873705104542372e-05,0.004125673746205429,0.0
feature_467,0,-3.03503829660174e-05,0.006166367070279009,0.0
feature_430,0,-3.457151848214419e-05,0.007494219884621721,0.0
feature_324,0,-5.479710056298659e-05,0.0027489844533407346,0.0
feature_350,0,-5.8040770817618806e-05,0.004426003829407867,0.0
feature_252,0,-5.95653464454857e-05,0.0034409639057399444,0.0
feature_435,0,-6.12743280025049e-05,0.0011729884847731017,0.0
feature_164,0,-6.515506406914999e-05,0.002226750634677233,0.0
feature_244,0,-6.853600354858415e-05,0.0008486477037065116,0.0
feature_015,0,-8.670220311216749e-05,0.002328818440481871,0.0
feature_390,0,-0.0001041073570955898,0.0035042640127382046,0.0
feature_333,0,-0.00010661813232691313,0.0051988966116329385,0.0
feature_223,0,-0.00010783892542150144,0.005115254934989977,0.0
feature_201,0,-0.00010841306789488772,0.0032225663414627466,0.0
feature_468,0,-0.00012237616628761144,0.0029880324492559365,0.0
feature_246,0,-0.0001303524322133672,0.0015005810211092259,0.0
feature_253,0,-0.00013504018156687724,0.00852448308189547,0.0
feature_511,0,-0.0001472577715449507,0.0031160607331370735,0.0
feature_177,0,-0.00015184730108788733,0.003010445807616902,0.0
feature_551,0,-0.00015343329877306647,0.003073992114527152,0.0
feature_002,0,-0.0001645331794174198,0.0020966025563063716,0.0
feature_050,0,-0.00016679485281023525,0.0057923479528275545,0.0
feature_216,0,-0.00019724102886733248,0.0050619207553085615,0.0
feature_292,0,-0.00019935949840433343,0.0006252562516757172,0.0
feature_567,0,-0.00020333393923380178,0.0019101073163411818,0.0
feature_413,0,-0.00022325538077428618,0.000923135437569917,0.0
feature_293,0,-0.00025448238101162437,0.00031244936561468817,0.0
feature_004,0,-0.00026169198369683784,0.0023465791456731156,0.0
feature_526,0,-0.00027087872915692603,0.004991573743571024,0.0
feature_564,0,-0.00027920333504221083,0.00183628319947202,0.0
feature_271,0,-0.00028943142121766913,0.0032409148353686073,0.0
feature_559,0,-0.000296456418178026,0.0014174534176075485,0.0
feature_455,0,-0.00030236202846271046,0.0028203794131137403,0.0
feature_166,0,-0.00030367959215608627,0.0034015891529457112,0.0
feature_566,0,-0.00032056882935515,0.0014055828742859488,0.0
feature_203,0,-0.00032276052823039075,0.0056981747892528405,0.0
feature_268,0,-0.0003320574031964229,0.0022668609648013554,0.0
feature_584,0,-0.0003460991240187653,0.0015040082850065097,0.0
feature_303,0,-0.0003559526808404878,0.0014581212508626388,0.0
feature_384,0,-0.0003578854914245866,0.0005453606484549424,0.0
feature_208,0,-0.00036772610523728885,0.0029809248758718644,0.0
feature_308,0,-0.00037996782000426224,0.004345381880026889,0.0
feature_470,0,-0.00038388168491650945,0.0030631385452990567,0.0
feature_251,0,-0.0003869687873005215,0.0019208420114027384,0.0
feature_392,0,-0.00038898846640684397,0.0020842238437915024,0.0
feature_331,0,-0.00039167691792989874,0.004669515779284891,0.0
feature_094,0,-0.0003958345534885037,0.0017095694223242404,0.0
feature_022,0,-0.0003966894313940557,0.0012286059341570634,0.0
feature_425,0,-0.00039806115664206933,0.0062926807587386025,0.0
feature_255,0,-0.00042668713102876144,0.002533198693669153,0.0
feature_568,0,-0.00043272470641490536,0.0005621475760062787,0.0
feature_110,0,-0.00044152307646738357,0.0011893698164693579,0.0
feature_460,0,-0.0004452875881786167,0.0010762506315882539,0.0
feature_057,0,-0.00045908799412992156,0.002144882879229672,0.0
feature_544,0,-0.00045957787343497053,0.00024397924232802534,0.0
feature_119,0,-0.00047180568147598784,0.0010747845749734686,0.0
feature_144,0,-0.0004725079392679836,0.002260910556508006,0.0
feature_578,0,-0.00047336409699077494,0.003513209566153766,0.0
feature_036,0,-0.0004851233588877976,0.0010683612656600607,0.0
feature_453,0,-0.0004956319017219306,0.004192630519820588,0.0
feature_574,0,-0.000495801441506577,0.003193650280565605,0.0
feature_212,0,-0.0004987661617044189,0.004792497473387644,0.0
feature_543,0,-0.0005350130297734271,0.0010823505673531353,0.0
feature_365,0,-0.0005434398177933175,0.0019122105820781627,0.0
feature_278,0,-0.000552624540360852,0.0021046592794204395,0.0
feature_305,0,-0.0005652430416452839,0.003772939221526404,0.0
feature_386,0,-0.000593043845095435,0.0010737035167100316,0.0
feature_150,0,-0.000607117518220888,0.0033869328093834865,0.0
feature_319,0,-0.0006245458271292139,0.010380285087370468,0.0
feature_459,0,-0.0006301425979694372,0.004635453618149601,0.0
feature_297,0,-0.0006379840766674712,0.002538312907922794,0.0
feature_161,0,-0.0006489609654205754,0.0061135141765949925,0.0
feature_439,0,-0.0006551342450114554,0.0023956599031867178,0.0
feature_432,0,-0.0006569905762306797,0.003981001776152777,0.0
feature_302,0,-0.0006737097806945037,0.0018037234387647321,0.0
feature_553,0,-0.0006940991610143257,0.004708203663659198,0.0
feature_154,0,-0.0007056906499883553,0.0010801628686944442,0.0
feature_073,0,-0.0007581875771004628,0.002482036737492931,0.0
feature_334,0,-0.0007586368870649746,0.0025803442842406016,0.0
feature_089,0,-0.0007656933557133502,0.005508273303177191,0.0
feature_228,0,-0.0007670497874447532,0.003040581666680013,0.0
feature_300,0,-0.000773999542989817,0.004113432013695826,0.0
feature_003,0,-0.0007798362861801708,0.0009412347318675462,0.0
feature_362,0,-0.0007995304404851634,0.00592378857749567,0.0
feature_368,0,-0.0008321301048944683,0.0041484551328265385,0.0
feature_344,0,-0.0008400675759426286,0.005143000641402756,0.0
feature_352,0,-0.000854817720738053,0.0018079746736910788,0.0
feature_339,0,-0.0008719292158330691,0.002167257327810759,0.0
feature_198,0,-0.0008746912111750975,0.0010951901571242743,0.0
feature_045,0,-0.0008784027892353534,0.004490588045320104,0.0
feature_071,0,-0.000884221387068381,0.0029690512242281646,0.0
feature_188,0,-0.0008962696197486686,0.001663684621491528,0.0
feature_420,0,-0.0008989587992599968,0.0011143798866572112,0.0
feature_421,0,-0.0009062266984924312,0.004516931160113385,0.0
feature_254,0,-0.0009106587576348061,0.001174136580316981,0.0
feature_457,0,-0.0009360400885661072,0.0034943893807402263,0.0
feature_099,0,-0.0009360725123046737,0.0037400410656980164,0.0
feature_355,0,-0.0009408062183544064,0.002401179332440643,0.0
feature_357,0,-0.0009447909982405875,0.0016539191445419088,0.0
feature_565,0,-0.0009508768844525229,0.0017102461184497718,0.0
feature_426,0,-0.0009544185023723284,0.0032265875390076176,0.0
feature_304,0,-0.0009642179477955149,0.000765351499252265,0.0
feature_301,0,-0.0009678355102146522,0.003277297184152338,0.0
feature_147,0,-0.0009697769287650076,0.005828888881660392,0.0
feature_356,0,-0.0009799782395454038,0.0013503244996450688,0.0
feature_032,0,-0.000980594139871257,0.007535374526874141,0.0
feature_423,0,-0.001016873989263306,0.005316753343531289,0.0
feature_082,0,-0.0010282750379798163,0.0029677298649841495,0.0
feature_196,0,-0.0010399459123077307,0.0019004514238492253,0.0
feature_520,0,-0.0010421541831626894,0.0020634801553274964,0.0
feature_083,0,-0.0010448232408987292,0.0035336324611275074,0.0
feature_279,0,-0.0010488510810908367,0.001536743412140149,0.0
feature_116,0,-0.0010495445397937138,0.004237836539852348,0.0
feature_165,0,-0.0010518404993850815,0.002695156260663464,0.0
feature_035,0,-0.0010864866122431577,0.0030909284900308815,0.0
feature_108,0,-0.0010895438987953549,0.002895160878398187,0.0
feature_454,0,-0.0011022959469766595,0.006687464816943193,0.0
feature_018,0,-0.0011212930254350423,0.0016284215278743156,0.0
feature_410,0,-0.0011340724247512403,0.0021239772830367173,0.0
feature_523,0,-0.0011367060921815258,0.002723624398183396,0.0
feature_120,0,-0.0011666082164617341,0.005245138522570814,0.0
feature_009,0,-0.001200519873802671,0.0018646293224128573,0.0
feature_298,0,-0.00122215640564442,0.0036697542214504633,0.0
feature_098,0,-0.0012631508474002424,0.0020376773831361516,0.0
feature_581,0,-0.00126342883289427,0.0022145873772658406,0.0
feature_332,0,-0.001270132221035584,0.0015259940175085531,0.0
feature_571,0,-0.0012848640637679969,0.0036223275270337372,0.0
feature_024,0,-0.0012920836134806951,0.0042015258098188025,0.0
feature_337,0,-0.0013096930205055463,0.0012643648148017688,0.0
feature_075,0,-0.001391052720987503,0.0038587275180181845,0.0
feature_199,0,-0.0014242485610171198,0.0014871188895552749,0.0
feature_476,0,-0.0014543909546874548,0.0023178816026420326,0.0
feature_491,0,-0.00145834253938113,0.002392399696978606,0.0
feature_438,0,-0.001465924288709081,0.0045985425019242155,0.0
feature_063,0,-0.0014692820220947517,0.004517033976850655,0.0
feature_482,0,-0.001556829760506512,0.004991563951320763,0.0
feature_321,0,-0.0015876657919469239,0.0034173208693359493,0.0
feature_086,0,-0.0015912602457512452,0.001714162104350115,0.0
feature_134,0,-0.0016293714194131597,0.0059453465199023284,0.0
feature_527,0,-0.001644063888358993,0.0010250346330448442,0.0
feature_525,0,-0.0016484170508730817,0.00731211051327667,0.0
feature_093,0,-0.0016670354202369454,0.002299361047070549,0.0
feature_113,0,-0.0016686013902446413,0.003703797904240001,0.0
feature_056,0,-0.0017047357640828393,0.004593814067194854,0.0
feature_160,0,-0.0017229170470283053,0.010654750725378921,0.0
feature_145,0,-0.001732789173017235,0.002584788962607482,0.0
feature_424,0,-0.0017613801777746723,0.002082087611388375,0.0
feature_311,0,-0.0017687439445989602,0.004526131844557592,0.0
feature_092,0,-0.0017751967557531963,0.004161591089007764,0.0
feature_411,0,-0.001783892984934924,0.002488970029139039,0.0
feature_348,0,-0.0017843015076849638,0.001700659828860313,0.0
feature_409,0,-0.0017907698971373343,0.002738548582766145,0.0
feature_359,0,-0.0017963017742730109,0.0042673902680345375,0.0
feature_007,0,-0.0017968072772315397,0.003584192689083466,0.0
feature_008,0,-0.00180240495734779,0.0021473733190645146,0.0
feature_044,0,-0.0018143109516234844,0.002515613168787244,0.0
feature_055,0,-0.0018300499413231996,0.0040262642791082425,0.0
feature_366,0,-0.0018475953525786443,0.003444741909690243,0.0
feature_418,0,-0.0018636744107147368,0.004369504920140061,0.0
feature_582,0,-0.0019025124366430983,0.002812777916048489,0.0
feature_046,0,-0.0019447219011528999,0.003865261728074835,0.0
feature_496,0,-0.00197095575898462,0.0010982076180436038,0.0
feature_016,0,-0.0019984335279307265,0.004203579921699085,0.0
feature_437,0,-0.0020252337802607817,0.004335486831920008,0.0
feature_483,0,-0.002141067951472351,0.003452605966635992,0.0
feature_281,0,-0.002153418442498334,0.004930918576814997,0.0
feature_575,0,-0.002177266805848057,0.0051471840704539465,0.0
feature_519,0,-0.0022434873632767765,0.006630706203023844,0.0
feature_444,0,-0.0022961893811271226,0.0031858240878277796,0.0
feature_140,0,-0.0023426437493399106,0.0023636404608825584,0.0
feature_117,0,-0.002422611799280609,0.003126950986913257,0.0
feature_173,0,-0.0024536053479240223,0.004198238392445067,0.0
feature_068,0,-0.00250481659555901,0.002328895127427008,0.0
feature_580,0,-0.0025471670596611314,0.004348630128941311,0.0
feature_106,0,-0.0026887582911631585,0.0030086465769780433,0.0
feature_353,0,-0.00269205395418346,0.006155150547194101,0.0
feature_280,0,-0.0027128093263871817,0.005950935659742358,0.0
feature_296,0,-0.002866725179414842,0.007976805232536589,0.0
feature_118,0,-0.002916612519300223,0.007703646371590936,0.0
feature_162,0,-0.002932893134314287,0.006414389601212011,0.0
feature_433,0,-0.0031455126083251737,0.0034222775580304778,0.0
feature_317,0,-0.003416220558676656,0.010381603612160334,0.0
feature_146,0,-0.003554523236083925,0.00594804525505068,0.0
feature_558,0,-0.0036504529832824704,0.007392754290599087,0.0
feature_561,0,-0.0037747001841414683,0.008925664334670848,0.0
feature_136,0,-0.0038219212930122592,0.00555913730006431,0.0
feature_151,0,-0.0038593741658496583,0.0065199154977415965,0.0
feature_037,0,-0.003923221305795173,0.006852432940677476,0.0
feature_490,0,-0.004322143364238256,0.006710707259619176,0.0
feature_547,0,-0.004409964914928089,0.004105278850993009,0.0
feature_295,0,-0.004437196411839232,0.008902863641767702,0.0
feature_011,0,-0.004871182523641414,0.008100619306427245,0.0
feature_088,0,-0.006141306170678205,0.008834539364584726,0.0
