sample_id,timestamp,label,split
sample_0000,2008-07-19 11:55:00,PASS,train
sample_0001,2008-07-19 12:32:00,PASS,test
sample_0002,2008-07-19 13:17:00,FAIL,train
sample_0003,2008-07-19 14:43:00,PASS,train
sample_0004,2008-07-19 15:22:00,PASS,train
sample_0005,2008-07-19 17:53:00,PASS,train
sample_0006,2008-07-19 19:44:00,PASS,train
sample_0007,2008-07-19 19:45:00,PASS,train
sample_0008,2008-07-19 20:24:00,PASS,train
sample_0009,2008-07-19 21:35:00,PASS,test
sample_0010,2008-07-19 21:57:00,FAIL,train
sample_0011,2008-07-19 22:52:00,FAIL,test
sample_0012,2008-07-20 03:35:00,PASS,train
sample_0013,2008-07-21 08:21:00,PASS,train
sample_0014,2008-07-21 11:53:00,FAIL,train
sample_0015,2008-07-22 00:03:00,PASS,train
sample_0016,2008-07-22 02:59:00,PASS,train
sample_0017,2008-07-22 08:41:00,PASS,test
sample_0018,2008-07-22 11:47:00,PASS,test
sample_0019,2008-07-22 14:00:00,PASS,train
sample_0020,2008-07-22 15:30:00,PASS,train
sample_0021,2008-07-23 05:15:00,PASS,train
sample_0022,2008-07-23 19:22:00,PASS,train
sample_0023,2008-07-25 15:23:00,FAIL,test
sample_0024,2008-07-27 04:18:00,PASS,train
sample_0025,2008-07-27 09:37:00,PASS,test
sample_0026,2008-07-27 11:10:00,PASS,test
sample_0027,2008-07-27 15:46:00,PASS,train
sample_0028,2008-07-27 16:06:00,PASS,train
sample_0029,2008-07-27 16:49:00,PASS,train
sample_0030,2008-07-27 20:24:00,PASS,train
sample_0031,2008-07-27 22:28:00,PASS,test
sample_0032,2008-07-27 22:28:00,PASS,train
sample_0033,2008-07-27 23:14:00,PASS,train
sample_0034,2008-07-28 03:31:00,PASS,train
sample_0035,2008-07-28 03:48:00,PASS,train
sample_0036,2008-07-28 04:37:00,PASS,train
sample_0037,2008-07-28 05:36:00,PASS,train
sample_0038,2008-07-28 06:45:00,FAIL,train
sample_0039,2008-07-28 08:36:00,PASS,train
sample_0040,2008-07-28 15:11:00,FAIL,train
sample_0041,2008-07-28 23:57:00,PASS,test
sample_0042,2008-07-29 04:08:00,PASS,train
sample_0043,2008-07-29 05:16:00,PASS,train
sample_0044,2008-07-29 06:19:00,PASS,test
sample_0045,2008-07-29 08:23:00,FAIL,train
sample_0046,2008-07-29 11:47:00,PASS,train
sample_0047,2008-07-29 15:41:00,PASS,train
sample_0048,2008-07-29 15:49:00,FAIL,test
sample_0049,2008-07-29 17:05:00,FAIL,train
sample_0050,2008-07-29 18:08:00,FAIL,test
sample_0051,2008-07-29 21:07:00,PASS,test
sample_0052,2008-07-29 23:14:00,PASS,train
sample_0053,2008-07-29 23:19:00,PASS,train
sample_0054,2008-07-30 06:30:00,PASS,train
sample_0055,2008-07-30 07:08:00,PASS,train
sample_0056,2008-07-30 12:02:00,PASS,train
sample_0057,2008-07-30 12:29:00,FAIL,train
sample_0058,2008-07-30 21:16:00,FAIL,test
sample_0059,2008-07-31 13:57:00,PASS,train
sample_0060,2008-07-31 15:36:00,PASS,train
sample_0061,2008-07-31 17:07:00,PASS,train
sample_0062,2008-07-31 20:18:00,FAIL,test
sample_0063,2008-08-01 02:02:00,PASS,train
sample_0064,2008-08-01 05:52:00,FAIL,train
sample_0065,2008-08-01 10:20:00,PASS,train
sample_0066,2008-08-01 10:26:00,PASS,train
sample_0067,2008-08-01 11:28:00,PASS,train
sample_0068,2008-08-01 12:29:00,PASS,test
sample_0069,2008-08-01 14:07:00,PASS,train
sample_0070,2008-08-01 15:10:00,PASS,train
sample_0071,2008-08-02 03:39:00,PASS,train
sample_0072,2008-08-03 13:09:00,PASS,train
sample_0073,2008-08-03 14:06:00,PASS,train
sample_0074,2008-08-03 14:25:00,PASS,train
sample_0075,2008-08-03 15:03:00,PASS,train
sample_0076,2008-08-03 15:27:00,PASS,train
sample_0077,2008-08-03 16:00:00,PASS,train
sample_0078,2008-08-03 17:00:00,PASS,train
sample_0079,2008-08-03 17:58:00,PASS,test
sample_0080,2008-08-03 20:23:00,PASS,train
sample_0081,2008-08-03 22:52:00,PASS,train
sample_0082,2008-08-04 00:39:00,FAIL,train
sample_0083,2008-08-04 03:45:00,PASS,train
sample_0084,2008-08-04 03:49:00,PASS,train
sample_0085,2008-08-04 13:19:00,PASS,train
sample_0086,2008-08-04 14:04:00,PASS,train
sample_0087,2008-08-04 14:31:00,PASS,train
sample_0088,2008-08-04 15:29:00,PASS,train
sample_0089,2008-08-04 16:15:00,PASS,train
sample_0090,2008-08-04 16:31:00,PASS,train
sample_0091,2008-08-04 17:11:00,PASS,train
sample_0092,2008-08-04 17:46:00,PASS,train
sample_0093,2008-08-04 18:24:00,PASS,train
sample_0094,2008-08-04 19:58:00,PASS,train
sample_0095,2008-08-04 20:32:00,PASS,train
sample_0096,2008-08-04 20:58:00,FAIL,test
sample_0097,2008-08-04 21:43:00,PASS,train
sample_0098,2008-08-04 22:51:00,PASS,train
sample_0099,2008-08-04 23:33:00,PASS,train
sample_0100,2008-08-05 00:04:00,PASS,train
sample_0101,2008-08-05 01:12:00,PASS,train
sample_0102,2008-08-05 02:15:00,PASS,train
sample_0103,2008-08-05 02:36:00,PASS,train
sample_0104,2008-08-05 02:45:00,PASS,test
sample_0105,2008-08-05 03:17:00,PASS,train
sample_0106,2008-08-05 03:36:00,PASS,train
sample_0107,2008-08-05 03:54:00,PASS,train
sample_0108,2008-08-05 04:32:00,PASS,test
sample_0109,2008-08-05 04:35:00,PASS,train
sample_0110,2008-08-05 05:11:00,PASS,train
sample_0111,2008-08-05 06:10:00,PASS,train
sample_0112,2008-08-05 06:11:00,PASS,test
sample_0113,2008-08-05 06:21:00,PASS,train
sample_0114,2008-08-05 07:12:00,PASS,train
sample_0115,2008-08-05 07:12:00,FAIL,train
sample_0116,2008-08-05 07:48:00,PASS,test
sample_0117,2008-08-05 08:50:00,PASS,train
sample_0118,2008-08-05 09:48:00,PASS,train
sample_0119,2008-08-05 14:17:00,PASS,train
sample_0120,2008-08-05 14:45:00,PASS,train
sample_0121,2008-08-05 15:45:00,PASS,test
sample_0122,2008-08-05 20:04:00,PASS,train
sample_0123,2008-08-05 21:07:00,PASS,train
sample_0124,2008-08-05 21:22:00,PASS,train
sample_0125,2008-08-05 23:02:00,PASS,train
sample_0126,2008-08-05 23:06:00,PASS,train
sample_0127,2008-08-05 23:38:00,PASS,train
sample_0128,2008-08-06 00:04:00,PASS,train
sample_0129,2008-08-06 02:20:00,PASS,train
sample_0130,2008-08-06 03:22:00,PASS,test
sample_0131,2008-08-06 05:40:00,FAIL,train
sample_0132,2008-08-06 09:56:00,PASS,train
sample_0133,2008-08-06 09:57:00,PASS,train
sample_0134,2008-08-06 12:33:00,PASS,train
sample_0135,2008-08-06 13:35:00,PASS,train
sample_0136,2008-08-06 17:35:00,PASS,train
sample_0137,2008-08-06 18:00:00,PASS,train
sample_0138,2008-08-06 18:34:00,PASS,train
sample_0139,2008-08-06 19:13:00,PASS,train
sample_0140,2008-08-06 19:24:00,PASS,test
sample_0141,2008-08-06 20:00:00,PASS,test
sample_0142,2008-08-06 20:17:00,PASS,train
sample_0143,2008-08-06 21:15:00,PASS,train
sample_0144,2008-08-06 22:27:00,PASS,train
sample_0145,2008-08-06 23:40:00,PASS,train
sample_0146,2008-08-06 23:45:00,PASS,train
sample_0147,2008-08-07 00:51:00,PASS,train
sample_0148,2008-08-07 07:30:00,PASS,train
sample_0149,2008-08-07 08:21:00,PASS,test
sample_0150,2008-08-07 08:45:00,PASS,train
sample_0151,2008-08-07 08:55:00,PASS,train
sample_0152,2008-08-07 10:12:00,PASS,train
sample_0153,2008-08-07 11:10:00,PASS,test
sample_0154,2008-08-07 11:40:00,FAIL,test
sample_0155,2008-08-08 04:55:00,PASS,train
sample_0156,2008-08-08 07:26:00,PASS,train
sample_0157,2008-08-08 08:44:00,FAIL,train
sample_0158,2008-08-08 12:37:00,FAIL,train
sample_0159,2008-08-08 20:21:00,PASS,train
sample_0160,2008-08-08 21:22:00,PASS,train
sample_0161,2008-08-08 21:53:00,PASS,train
sample_0162,2008-08-08 22:06:00,PASS,train
sample_0163,2008-08-08 22:25:00,PASS,train
sample_0164,2008-08-09 02:15:00,PASS,train
sample_0165,2008-08-09 02:37:00,PASS,test
sample_0166,2008-08-09 06:05:00,PASS,train
sample_0167,2008-08-09 09:16:00,FAIL,train
sample_0168,2008-08-09 09:22:00,PASS,train
sample_0169,2008-08-09 11:42:00,FAIL,train
sample_0170,2008-08-09 17:34:00,PASS,test
sample_0171,2008-08-09 19:03:00,PASS,train
sample_0172,2008-08-09 20:04:00,PASS,train
sample_0173,2008-08-09 21:07:00,PASS,train
sample_0174,2008-08-09 22:15:00,PASS,test
sample_0175,2008-08-09 22:37:00,PASS,test
sample_0176,2008-08-09 23:17:00,PASS,test
sample_0177,2008-08-09 23:34:00,PASS,train
sample_0178,2008-08-10 00:09:00,PASS,train
sample_0179,2008-08-10 00:46:00,PASS,train
sample_0180,2008-08-10 06:00:00,FAIL,train
sample_0181,2008-08-10 06:41:00,PASS,train
sample_0182,2008-08-10 07:01:00,FAIL,train
sample_0183,2008-08-10 11:16:00,PASS,train
sample_0184,2008-08-10 11:49:00,PASS,train
sample_0185,2008-08-10 12:22:00,PASS,train
sample_0186,2008-08-10 15:59:00,FAIL,train
sample_0187,2008-08-10 19:07:00,PASS,test
sample_0188,2008-08-10 20:07:00,FAIL,train
sample_0189,2008-08-10 22:26:00,FAIL,train
sample_0190,2008-08-11 03:06:00,PASS,test
sample_0191,2008-08-11 04:09:00,PASS,train
sample_0192,2008-08-11 05:15:00,PASS,train
sample_0193,2008-08-11 11:35:00,PASS,train
sample_0194,2008-08-11 12:38:00,PASS,train
sample_0195,2008-08-12 04:23:00,PASS,test
sample_0196,2008-08-12 06:16:00,PASS,train
sample_0197,2008-08-12 10:54:00,PASS,train
sample_0198,2008-08-12 11:29:00,PASS,train
sample_0199,2008-08-12 12:04:00,PASS,train
sample_0200,2008-08-13 02:48:00,PASS,train
sample_0201,2008-08-15 03:26:00,PASS,train
sample_0202,2008-08-15 04:14:00,PASS,train
sample_0203,2008-08-15 05:13:00,PASS,train
sample_0204,2008-08-15 09:38:00,PASS,train
sample_0205,2008-08-15 10:14:00,PASS,train
sample_0206,2008-08-15 11:42:00,PASS,train
sample_0207,2008-08-15 18:19:00,PASS,train
sample_0208,2008-08-15 19:19:00,PASS,train
sample_0209,2008-08-15 20:00:00,PASS,train
sample_0210,2008-08-15 20:03:00,PASS,train
sample_0211,2008-08-15 23:31:00,PASS,train
sample_0212,2008-08-16 02:21:00,PASS,train
sample_0213,2008-08-16 05:47:00,PASS,train
sample_0214,2008-08-16 06:52:00,PASS,train
sample_0215,2008-08-16 07:33:00,PASS,test
sample_0216,2008-08-16 08:39:00,PASS,test
sample_0217,2008-08-16 08:41:00,PASS,train
sample_0218,2008-08-16 09:44:00,FAIL,train
sample_0219,2008-08-16 13:51:00,PASS,test
sample_0220,2008-08-16 14:30:00,PASS,train
sample_0221,2008-08-16 15:16:00,PASS,train
sample_0222,2008-08-16 15:19:00,FAIL,train
sample_0223,2008-08-16 23:48:00,PASS,train
sample_0224,2008-08-17 00:52:00,PASS,train
sample_0225,2008-08-17 01:53:00,PASS,train
sample_0226,2008-08-17 03:17:00,PASS,train
sample_0227,2008-08-17 03:18:00,PASS,train
sample_0228,2008-08-17 03:46:00,PASS,test
sample_0229,2008-08-17 04:19:00,PASS,train
sample_0230,2008-08-17 05:21:00,PASS,train
sample_0231,2008-08-17 12:16:00,FAIL,test
sample_0232,2008-08-17 13:34:00,PASS,test
sample_0233,2008-08-17 14:21:00,PASS,test
sample_0234,2008-08-17 15:25:00,PASS,test
sample_0235,2008-08-17 21:26:00,FAIL,train
sample_0236,2008-08-17 22:03:00,FAIL,train
sample_0237,2008-08-17 22:21:00,PASS,train
sample_0238,2008-08-17 23:04:00,FAIL,test
sample_0239,2008-08-17 23:20:00,PASS,train
sample_0240,2008-08-17 23:55:00,FAIL,train
sample_0241,2008-08-18 00:02:00,FAIL,train
sample_0242,2008-08-18 00:20:00,PASS,test
sample_0243,2008-08-18 01:23:00,FAIL,train
sample_0244,2008-08-18 04:01:00,FAIL,train
sample_0245,2008-08-18 04:12:00,PASS,test
sample_0246,2008-08-18 04:35:00,PASS,test
sample_0247,2008-08-18 05:03:00,PASS,train
sample_0248,2008-08-18 05:25:00,PASS,train
sample_0249,2008-08-18 06:07:00,PASS,train
sample_0250,2008-08-18 06:11:00,PASS,train
sample_0251,2008-08-18 06:26:00,PASS,train
sample_0252,2008-08-18 07:11:00,PASS,train
sample_0253,2008-08-18 07:23:00,PASS,train
sample_0254,2008-08-18 07:29:00,PASS,train
sample_0255,2008-08-18 08:18:00,PASS,test
sample_0256,2008-08-18 08:31:00,PASS,train
sample_0257,2008-08-18 10:13:00,PASS,train
sample_0258,2008-08-18 11:04:00,PASS,test
sample_0259,2008-08-18 12:00:00,PASS,train
sample_0260,2008-08-18 12:06:00,PASS,train
sample_0261,2008-08-18 12:22:00,PASS,train
sample_0262,2008-08-18 12:49:00,PASS,train
sample_0263,2008-08-18 13:07:00,PASS,train
sample_0264,2008-08-18 14:01:00,PASS,test
sample_0265,2008-08-18 14:04:00,PASS,train
sample_0266,2008-08-18 14:45:00,PASS,train
sample_0267,2008-08-18 15:00:00,PASS,train
sample_0268,2008-08-18 15:26:00,PASS,test
sample_0269,2008-08-18 15:30:00,PASS,test
sample_0270,2008-08-18 15:33:00,PASS,train
sample_0271,2008-08-18 15:41:00,PASS,train
sample_0272,2008-08-18 16:19:00,PASS,train
sample_0273,2008-08-18 17:13:00,FAIL,train
sample_0274,2008-08-18 17:16:00,PASS,train
sample_0275,2008-08-18 17:37:00,PASS,train
sample_0276,2008-08-18 19:24:00,PASS,train
sample_0277,2008-08-18 19:54:00,FAIL,train
sample_0278,2008-08-18 23:00:00,PASS,train
sample_0279,2008-08-18 23:03:00,PASS,train
sample_0280,2008-08-18 23:47:00,PASS,train
sample_0281,2008-08-19 01:10:00,PASS,train
sample_0282,2008-08-19 03:59:00,FAIL,train
sample_0283,2008-08-19 04:58:00,PASS,test
sample_0284,2008-08-19 05:09:00,PASS,train
sample_0285,2008-08-19 05:11:00,PASS,train
sample_0286,2008-08-19 05:11:00,PASS,train
sample_0287,2008-08-19 05:40:00,PASS,train
sample_0288,2008-08-19 05:41:00,PASS,test
sample_0289,2008-08-19 05:53:00,PASS,train
sample_0290,2008-08-19 05:54:00,PASS,train
sample_0291,2008-08-19 05:56:00,FAIL,train
sample_0292,2008-08-19 06:24:00,PASS,train
sample_0293,2008-08-19 07:43:00,PASS,train
sample_0294,2008-08-19 07:58:00,FAIL,train
sample_0295,2008-08-19 08:01:00,PASS,train
sample_0296,2008-08-19 08:07:00,PASS,test
sample_0297,2008-08-19 08:33:00,PASS,test
sample_0298,2008-08-19 09:04:00,PASS,train
sample_0299,2008-08-19 09:05:00,PASS,train
sample_0300,2008-08-19 10:46:00,PASS,train
sample_0301,2008-08-19 11:11:00,PASS,train
sample_0302,2008-08-19 11:13:00,PASS,train
sample_0303,2008-08-19 11:13:00,PASS,train
sample_0304,2008-08-19 11:28:00,PASS,train
sample_0305,2008-08-19 11:44:00,PASS,train
sample_0306,2008-08-19 11:46:00,PASS,test
sample_0307,2008-08-19 11:57:00,PASS,train
sample_0308,2008-08-19 11:58:00,PASS,train
sample_0309,2008-08-19 12:30:00,PASS,train
sample_0310,2008-08-19 15:33:00,PASS,train
sample_0311,2008-08-19 18:12:00,PASS,train
sample_0312,2008-08-19 18:12:00,PASS,train
sample_0313,2008-08-19 18:30:00,PASS,test
sample_0314,2008-08-19 18:30:00,PASS,train
sample_0315,2008-08-19 19:38:00,PASS,train
sample_0316,2008-08-19 20:53:00,PASS,train
sample_0317,2008-08-20 00:05:00,PASS,train
sample_0318,2008-08-20 01:33:00,PASS,train
sample_0319,2008-08-20 01:42:00,PASS,train
sample_0320,2008-08-20 02:13:00,PASS,test
sample_0321,2008-08-20 02:27:00,FAIL,train
sample_0322,2008-08-20 03:00:00,PASS,train
sample_0323,2008-08-20 03:12:00,FAIL,train
sample_0324,2008-08-20 06:36:00,PASS,train
sample_0325,2008-08-20 07:12:00,PASS,test
sample_0326,2008-08-20 08:40:00,FAIL,test
sample_0327,2008-08-20 09:17:00,FAIL,train
sample_0328,2008-08-20 10:26:00,PASS,train
sample_0329,2008-08-20 16:08:00,PASS,train
sample_0330,2008-08-20 16:16:00,PASS,train
sample_0331,2008-08-20 17:09:00,PASS,test
sample_0332,2008-08-20 17:35:00,PASS,train
sample_0333,2008-08-20 17:36:00,PASS,train
sample_0334,2008-08-20 18:29:00,PASS,train
sample_0335,2008-08-20 18:35:00,PASS,train
sample_0336,2008-08-20 19:20:00,FAIL,test
sample_0337,2008-08-20 20:19:00,PASS,test
sample_0338,2008-08-20 21:33:00,PASS,train
sample_0339,2008-08-20 21:41:00,PASS,train
sample_0340,2008-08-20 21:58:00,PASS,train
sample_0341,2008-08-20 22:13:00,PASS,train
sample_0342,2008-08-20 22:45:00,PASS,test
sample_0343,2008-08-20 23:18:00,PASS,train
sample_0344,2008-08-20 23:43:00,FAIL,test
sample_0345,2008-08-21 02:11:00,PASS,test
sample_0346,2008-08-21 02:46:00,PASS,train
sample_0347,2008-08-21 04:22:00,PASS,train
sample_0348,2008-08-21 04:29:00,PASS,train
sample_0349,2008-08-21 05:06:00,PASS,train
sample_0350,2008-08-21 05:15:00,PASS,train
sample_0351,2008-08-21 06:10:00,FAIL,train
sample_0352,2008-08-21 11:22:00,PASS,train
sample_0353,2008-08-21 12:00:00,PASS,train
sample_0354,2008-08-21 12:31:00,PASS,train
sample_0355,2008-08-21 12:33:00,PASS,train
sample_0356,2008-08-21 12:43:00,PASS,train
sample_0357,2008-08-21 12:52:00,PASS,train
sample_0358,2008-08-21 13:11:00,PASS,train
sample_0359,2008-08-21 13:19:00,PASS,train
sample_0360,2008-08-21 13:29:00,PASS,train
sample_0361,2008-08-21 13:45:00,PASS,train
sample_0362,2008-08-21 14:47:00,PASS,train
sample_0363,2008-08-21 15:05:00,PASS,train
sample_0364,2008-08-21 15:06:00,PASS,train
sample_0365,2008-08-21 15:32:00,PASS,train
sample_0366,2008-08-21 15:48:00,PASS,test
sample_0367,2008-08-21 15:50:00,PASS,train
sample_0368,2008-08-21 16:19:00,FAIL,train
sample_0369,2008-08-21 16:36:00,PASS,test
sample_0370,2008-08-21 17:25:00,PASS,train
sample_0371,2008-08-21 17:44:00,PASS,train
sample_0372,2008-08-21 18:04:00,PASS,train
sample_0373,2008-08-21 18:05:00,FAIL,train
sample_0374,2008-08-21 18:39:00,PASS,train
sample_0375,2008-08-21 18:53:00,PASS,train
sample_0376,2008-08-21 19:12:00,PASS,train
sample_0377,2008-08-21 19:12:00,PASS,train
sample_0378,2008-08-21 19:46:00,PASS,train
sample_0379,2008-08-21 20:19:00,PASS,train
sample_0380,2008-08-21 20:21:00,PASS,train
sample_0381,2008-08-21 20:37:00,PASS,train
sample_0382,2008-08-21 21:32:00,PASS,train
sample_0383,2008-08-21 22:25:00,PASS,test
sample_0384,2008-08-21 22:41:00,PASS,train
sample_0385,2008-08-21 23:08:00,PASS,train
sample_0386,2008-08-21 23:27:00,PASS,train
sample_0387,2008-08-21 23:53:00,PASS,train
sample_0388,2008-08-21 23:57:00,PASS,train
sample_0389,2008-08-22 00:43:00,PASS,train
sample_0390,2008-08-22 00:44:00,PASS,test
sample_0391,2008-08-22 00:47:00,PASS,train
sample_0392,2008-08-22 01:04:00,FAIL,test
sample_0393,2008-08-22 01:26:00,PASS,train
sample_0394,2008-08-22 01:27:00,PASS,train
sample_0395,2008-08-22 01:54:00,PASS,train
sample_0396,2008-08-22 02:01:00,PASS,train
sample_0397,2008-08-22 02:25:00,PASS,test
sample_0398,2008-08-22 02:52:00,PASS,train
sample_0399,2008-08-22 03:18:00,PASS,test
sample_0400,2008-08-22 03:58:00,PASS,train
sample_0401,2008-08-22 04:40:00,PASS,train
sample_0402,2008-08-22 04:57:00,PASS,train
sample_0403,2008-08-22 05:21:00,PASS,train
sample_0404,2008-08-22 05:31:00,PASS,train
sample_0405,2008-08-22 05:32:00,PASS,train
sample_0406,2008-08-22 06:00:00,FAIL,train
sample_0407,2008-08-22 07:04:00,PASS,train
sample_0408,2008-08-22 07:17:00,PASS,train
sample_0409,2008-08-22 07:27:00,PASS,train
sample_0410,2008-08-22 09:29:00,PASS,train
sample_0411,2008-08-22 09:29:00,PASS,train
sample_0412,2008-08-22 10:01:00,PASS,train
sample_0413,2008-08-22 10:18:00,PASS,train
sample_0414,2008-08-22 10:47:00,PASS,train
sample_0415,2008-08-22 11:32:00,PASS,train
sample_0416,2008-08-22 12:13:00,PASS,train
sample_0417,2008-08-22 12:37:00,PASS,train
sample_0418,2008-08-22 12:42:00,PASS,train
sample_0419,2008-08-22 13:22:00,PASS,train
sample_0420,2008-08-22 14:45:00,PASS,train
sample_0421,2008-08-22 15:25:00,PASS,train
sample_0422,2008-08-22 15:39:00,PASS,train
sample_0423,2008-08-22 15:54:00,PASS,train
sample_0424,2008-08-22 19:14:00,FAIL,train
sample_0425,2008-08-22 23:46:00,PASS,train
sample_0426,2008-08-22 23:47:00,PASS,train
sample_0427,2008-08-22 23:49:00,PASS,train
sample_0428,2008-08-22 23:56:00,PASS,train
sample_0429,2008-08-23 02:04:00,PASS,train
sample_0430,2008-08-23 03:26:00,PASS,train
sample_0431,2008-08-23 04:50:00,PASS,train
sample_0432,2008-08-23 04:52:00,PASS,train
sample_0433,2008-08-23 05:57:00,PASS,train
sample_0434,2008-08-23 05:57:00,PASS,test
sample_0435,2008-08-23 05:58:00,PASS,test
sample_0436,2008-08-23 05:58:00,PASS,train
sample_0437,2008-08-23 09:24:00,PASS,train
sample_0438,2008-08-23 12:58:00,PASS,train
sample_0439,2008-08-23 13:02:00,PASS,train
sample_0440,2008-08-23 15:10:00,PASS,test
sample_0441,2008-08-23 15:29:00,FAIL,train
sample_0442,2008-08-24 02:32:00,PASS,test
sample_0443,2008-08-24 04:00:00,PASS,train
sample_0444,2008-08-24 07:12:00,PASS,test
sample_0445,2008-08-24 07:14:00,PASS,train
sample_0446,2008-08-24 10:09:00,PASS,train
sample_0447,2008-08-24 10:14:00,PASS,train
sample_0448,2008-08-24 13:03:00,FAIL,train
sample_0449,2008-08-25 09:29:00,PASS,test
sample_0450,2008-08-27 00:46:00,PASS,test
sample_0451,2008-08-27 11:38:00,PASS,train
sample_0452,2008-08-27 12:22:00,PASS,train
sample_0453,2008-08-27 13:35:00,PASS,train
sample_0454,2008-08-27 14:18:00,PASS,train
sample_0455,2008-08-27 17:14:00,PASS,test
sample_0456,2008-08-27 22:48:00,PASS,train
sample_0457,2008-08-27 22:58:00,PASS,train
sample_0458,2008-08-28 03:03:00,PASS,test
sample_0459,2008-08-28 03:04:00,PASS,test
sample_0460,2008-08-28 03:29:00,PASS,test
sample_0461,2008-08-28 03:38:00,PASS,test
sample_0462,2008-08-28 03:45:00,PASS,train
sample_0463,2008-08-28 04:10:00,PASS,train
sample_0464,2008-08-28 04:20:00,PASS,test
sample_0465,2008-08-28 04:54:00,PASS,train
sample_0466,2008-08-28 05:00:00,PASS,train
sample_0467,2008-08-28 06:15:00,PASS,train
sample_0468,2008-08-28 06:39:00,PASS,train
sample_0469,2008-08-28 06:56:00,PASS,train
sample_0470,2008-08-28 07:40:00,PASS,train
sample_0471,2008-08-28 07:51:00,PASS,train
sample_0472,2008-08-28 08:41:00,PASS,train
sample_0473,2008-08-28 09:46:00,PASS,train
sample_0474,2008-08-28 09:49:00,PASS,train
sample_0475,2008-08-28 10:15:00,PASS,train
sample_0476,2008-08-28 10:28:00,PASS,test
sample_0477,2008-08-28 10:32:00,PASS,train
sample_0478,2008-08-28 11:19:00,PASS,train
sample_0479,2008-08-28 12:44:00,PASS,train
sample_0480,2008-08-28 14:48:00,PASS,train
sample_0481,2008-08-28 15:19:00,PASS,train
sample_0482,2008-08-28 16:01:00,PASS,train
sample_0483,2008-08-28 16:43:00,PASS,train
sample_0484,2008-08-28 16:52:00,PASS,train
sample_0485,2008-08-28 17:21:00,PASS,train
sample_0486,2008-08-28 17:27:00,PASS,train
sample_0487,2008-08-28 17:32:00,PASS,train
sample_0488,2008-08-28 18:05:00,PASS,train
sample_0489,2008-08-28 18:10:00,PASS,train
sample_0490,2008-08-28 18:15:00,PASS,train
sample_0491,2008-08-28 18:25:00,PASS,train
sample_0492,2008-08-28 18:47:00,PASS,train
sample_0493,2008-08-28 18:57:00,PASS,train
sample_0494,2008-08-28 20:20:00,PASS,train
sample_0495,2008-08-28 20:39:00,FAIL,train
sample_0496,2008-08-28 21:03:00,PASS,test
sample_0497,2008-08-28 21:52:00,PASS,train
sample_0498,2008-08-28 22:57:00,PASS,train
sample_0499,2008-08-28 23:40:00,PASS,train
sample_0500,2008-08-28 23:42:00,PASS,test
sample_0501,2008-08-29 00:49:00,PASS,train
sample_0502,2008-08-29 01:06:00,PASS,train
sample_0503,2008-08-29 02:38:00,PASS,train
sample_0504,2008-08-29 02:39:00,PASS,train
sample_0505,2008-08-29 03:27:00,PASS,train
sample_0506,2008-08-29 03:33:00,PASS,train
sample_0507,2008-08-29 03:46:00,PASS,train
sample_0508,2008-08-29 04:55:00,FAIL,train
sample_0509,2008-08-29 04:56:00,PASS,train
sample_0510,2008-08-29 05:16:00,PASS,train
sample_0511,2008-08-29 05:54:00,PASS,train
sample_0512,2008-08-29 05:54:00,PASS,test
sample_0513,2008-08-29 05:57:00,PASS,train
sample_0514,2008-08-29 05:57:00,PASS,train
sample_0515,2008-08-29 06:35:00,PASS,test
sample_0516,2008-08-29 06:37:00,PASS,train
sample_0517,2008-08-29 06:40:00,PASS,train
sample_0518,2008-08-29 06:45:00,FAIL,test
sample_0519,2008-08-29 06:54:00,PASS,train
sample_0520,2008-08-29 07:18:00,PASS,test
sample_0521,2008-08-29 07:22:00,PASS,train
sample_0522,2008-08-29 07:24:00,PASS,train
sample_0523,2008-08-29 07:33:00,PASS,train
sample_0524,2008-08-29 07:33:00,PASS,test
sample_0525,2008-08-29 08:10:00,PASS,train
sample_0526,2008-08-29 08:20:00,PASS,train
sample_0527,2008-08-29 08:41:00,PASS,test
sample_0528,2008-08-29 08:45:00,PASS,train
sample_0529,2008-08-29 12:21:00,PASS,train
sample_0530,2008-08-29 12:22:00,PASS,test
sample_0531,2008-08-29 12:37:00,PASS,train
sample_0532,2008-08-29 13:04:00,PASS,train
sample_0533,2008-08-29 13:14:00,PASS,test
sample_0534,2008-08-29 13:27:00,PASS,train
sample_0535,2008-08-29 13:49:00,PASS,test
sample_0536,2008-08-29 14:11:00,PASS,train
sample_0537,2008-08-29 14:18:00,PASS,train
sample_0538,2008-08-29 14:30:00,PASS,train
sample_0539,2008-08-29 15:01:00,PASS,train
sample_0540,2008-08-29 15:43:00,PASS,train
sample_0541,2008-08-29 16:26:00,PASS,train
sample_0542,2008-08-29 20:21:00,PASS,train
sample_0543,2008-08-29 20:49:00,PASS,train
sample_0544,2008-08-29 21:25:00,PASS,train
sample_0545,2008-08-29 21:46:00,PASS,test
sample_0546,2008-08-29 21:54:00,PASS,train
sample_0547,2008-08-29 22:11:00,PASS,train
sample_0548,2008-08-29 22:45:00,PASS,train
sample_0549,2008-08-29 22:49:00,PASS,test
sample_0550,2008-08-29 22:56:00,PASS,train
sample_0551,2008-08-30 00:01:00,PASS,train
sample_0552,2008-08-30 00:05:00,PASS,train
sample_0553,2008-08-30 00:57:00,PASS,test
sample_0554,2008-08-30 01:29:00,PASS,train
sample_0555,2008-08-30 02:08:00,PASS,train
sample_0556,2008-08-30 02:22:00,PASS,train
sample_0557,2008-08-30 02:32:00,PASS,train
sample_0558,2008-08-30 02:39:00,PASS,train
sample_0559,2008-08-30 02:50:00,PASS,train
sample_0560,2008-08-30 03:10:00,PASS,train
sample_0561,2008-08-30 04:20:00,PASS,train
sample_0562,2008-08-30 04:24:00,PASS,train
sample_0563,2008-08-30 04:55:00,PASS,test
sample_0564,2008-08-30 05:05:00,PASS,train
sample_0565,2008-08-30 05:05:00,PASS,train
sample_0566,2008-08-30 05:38:00,PASS,train
sample_0567,2008-08-30 05:51:00,PASS,train
sample_0568,2008-08-30 07:50:00,PASS,train
sample_0569,2008-08-30 07:54:00,PASS,test
sample_0570,2008-08-30 08:10:00,PASS,test
sample_0571,2008-08-30 08:29:00,PASS,test
sample_0572,2008-08-30 08:42:00,PASS,train
sample_0573,2008-08-30 08:53:00,PASS,train
sample_0574,2008-08-30 09:13:00,PASS,train
sample_0575,2008-08-30 09:37:00,PASS,train
sample_0576,2008-08-30 09:45:00,FAIL,test
sample_0577,2008-08-30 10:15:00,PASS,train
sample_0578,2008-08-30 10:16:00,PASS,train
sample_0579,2008-08-30 11:12:00,PASS,train
sample_0580,2008-08-30 11:14:00,PASS,train
sample_0581,2008-08-30 11:18:00,PASS,train
sample_0582,2008-08-30 11:57:00,PASS,test
sample_0583,2008-08-30 14:10:00,FAIL,train
sample_0584,2008-08-30 14:23:00,PASS,train
sample_0585,2008-08-30 14:37:00,PASS,train
sample_0586,2008-08-30 15:06:00,PASS,train
sample_0587,2008-08-30 15:16:00,PASS,test
sample_0588,2008-08-30 15:37:00,PASS,train
sample_0589,2008-08-30 15:50:00,PASS,train
sample_0590,2008-08-30 15:57:00,PASS,train
sample_0591,2008-08-30 16:24:00,PASS,train
sample_0592,2008-08-30 17:05:00,PASS,train
sample_0593,2008-08-30 17:49:00,PASS,train
sample_0594,2008-08-30 19:21:00,PASS,train
sample_0595,2008-08-30 19:27:00,PASS,train
sample_0596,2008-08-30 20:11:00,PASS,train
sample_0597,2008-08-30 20:53:00,PASS,train
sample_0598,2008-08-30 21:53:00,PASS,train
sample_0599,2008-08-30 23:51:00,PASS,train
sample_0600,2008-08-31 02:57:00,PASS,train
sample_0601,2008-08-31 04:46:00,FAIL,train
sample_0602,2008-08-31 05:05:00,PASS,train
sample_0603,2008-08-31 09:11:00,PASS,train
sample_0604,2008-08-31 10:36:00,PASS,test
sample_0605,2008-08-31 10:59:00,FAIL,train
sample_0606,2008-08-31 10:59:00,PASS,train
sample_0607,2008-08-31 11:03:00,PASS,train
sample_0608,2008-08-31 15:09:00,PASS,train
sample_0609,2008-08-31 15:13:00,PASS,train
sample_0610,2008-08-31 16:32:00,PASS,train
sample_0611,2008-08-31 20:24:00,PASS,test
sample_0612,2008-08-31 21:04:00,PASS,train
sample_0613,2008-08-31 21:46:00,PASS,train
sample_0614,2008-08-31 21:58:00,PASS,train
sample_0615,2008-08-31 22:32:00,PASS,test
sample_0616,2008-08-31 22:48:00,PASS,train
sample_0617,2008-08-31 22:57:00,PASS,train
sample_0618,2008-09-01 00:01:00,PASS,train
sample_0619,2008-09-01 00:39:00,PASS,train
sample_0620,2008-09-01 00:45:00,PASS,train
sample_0621,2008-09-01 00:53:00,PASS,test
sample_0622,2008-09-01 05:29:00,PASS,train
sample_0623,2008-09-01 05:32:00,PASS,train
sample_0624,2008-09-01 06:12:00,PASS,train
sample_0625,2008-09-01 06:21:00,PASS,train
sample_0626,2008-09-01 06:52:00,PASS,train
sample_0627,2008-09-01 08:18:00,PASS,test
sample_0628,2008-09-01 09:06:00,PASS,test
sample_0629,2008-09-01 09:19:00,PASS,test
sample_0630,2008-09-01 09:54:00,PASS,test
sample_0631,2008-09-01 10:57:00,PASS,train
sample_0632,2008-09-01 11:40:00,PASS,train
sample_0633,2008-09-01 16:20:00,PASS,train
sample_0634,2008-09-01 19:54:00,FAIL,train
sample_0635,2008-09-01 20:51:00,PASS,train
sample_0636,2008-09-01 22:05:00,PASS,train
sample_0637,2008-09-01 23:05:00,PASS,train
sample_0638,2008-09-01 23:19:00,PASS,train
sample_0639,2008-09-01 23:24:00,PASS,train
sample_0640,2008-09-01 23:28:00,PASS,train
sample_0641,2008-09-01 23:39:00,PASS,train
sample_0642,2008-09-01 23:45:00,PASS,train
sample_0643,2008-09-01 23:59:00,PASS,test
sample_0644,2008-09-02 00:26:00,PASS,train
sample_0645,2008-09-02 00:31:00,PASS,train
sample_0646,2008-09-02 00:46:00,PASS,train
sample_0647,2008-09-02 01:09:00,PASS,train
sample_0648,2008-09-02 01:10:00,PASS,train
sample_0649,2008-09-02 01:10:00,PASS,train
sample_0650,2008-09-02 01:36:00,PASS,train
sample_0651,2008-09-02 01:50:00,PASS,train
sample_0652,2008-09-02 02:02:00,PASS,test
sample_0653,2008-09-02 02:11:00,PASS,train
sample_0654,2008-09-02 02:50:00,PASS,train
sample_0655,2008-09-02 02:52:00,PASS,train
sample_0656,2008-09-02 03:33:00,PASS,train
sample_0657,2008-09-02 03:35:00,PASS,train
sample_0658,2008-09-02 03:35:00,PASS,test
sample_0659,2008-09-02 04:19:00,PASS,train
sample_0660,2008-09-02 04:22:00,PASS,train
sample_0661,2008-09-02 05:46:00,PASS,train
sample_0662,2008-09-02 06:03:00,PASS,train
sample_0663,2008-09-02 06:19:00,PASS,train
sample_0664,2008-09-02 06:32:00,PASS,train
sample_0665,2008-09-02 06:48:00,PASS,train
sample_0666,2008-09-02 07:22:00,PASS,test
sample_0667,2008-09-02 07:32:00,PASS,train
sample_0668,2008-09-02 08:15:00,PASS,train
sample_0669,2008-09-02 08:54:00,PASS,train
sample_0670,2008-09-02 09:36:00,PASS,train
sample_0671,2008-09-02 09:37:00,PASS,train
sample_0672,2008-09-02 10:13:00,PASS,train
sample_0673,2008-09-02 10:21:00,PASS,train
sample_0674,2008-09-02 10:25:00,PASS,test
sample_0675,2008-09-02 10:33:00,PASS,train
sample_0676,2008-09-02 11:08:00,PASS,train
sample_0677,2008-09-02 11:22:00,PASS,train
sample_0678,2008-09-02 11:47:00,PASS,test
sample_0679,2008-09-02 11:49:00,PASS,train
sample_0680,2008-09-02 12:01:00,PASS,train
sample_0681,2008-09-02 12:17:00,PASS,train
sample_0682,2008-09-02 12:26:00,PASS,train
sample_0683,2008-09-02 12:30:00,PASS,train
sample_0684,2008-09-02 12:44:00,PASS,train
sample_0685,2008-09-02 13:05:00,PASS,train
sample_0686,2008-09-02 13:08:00,PASS,train
sample_0687,2008-09-02 13:27:00,PASS,train
sample_0688,2008-09-02 13:40:00,PASS,train
sample_0689,2008-09-02 14:09:00,PASS,test
sample_0690,2008-09-02 14:21:00,PASS,train
sample_0691,2008-09-02 14:34:00,PASS,train
sample_0692,2008-09-02 15:29:00,PASS,train
sample_0693,2008-09-02 16:10:00,PASS,test
sample_0694,2008-09-02 16:50:00,PASS,train
sample_0695,2008-09-02 16:54:00,PASS,train
sample_0696,2008-09-02 16:58:00,PASS,train
sample_0697,2008-09-02 17:10:00,PASS,train
sample_0698,2008-09-02 17:18:00,PASS,test
sample_0699,2008-09-02 18:38:00,PASS,train
sample_0700,2008-09-02 18:52:00,PASS,train
sample_0701,2008-09-02 19:18:00,PASS,train
sample_0702,2008-09-02 20:18:00,PASS,train
sample_0703,2008-09-02 20:52:00,PASS,train
sample_0704,2008-09-02 20:58:00,PASS,train
sample_0705,2008-09-02 20:59:00,PASS,test
sample_0706,2008-09-03 00:18:00,PASS,test
sample_0707,2008-09-03 00:45:00,PASS,test
sample_0708,2008-09-03 00:58:00,PASS,test
sample_0709,2008-09-03 01:15:00,FAIL,train
sample_0710,2008-09-03 01:32:00,PASS,train
sample_0711,2008-09-03 04:18:00,PASS,train
sample_0712,2008-09-03 06:26:00,PASS,test
sample_0713,2008-09-03 09:38:00,PASS,test
sample_0714,2008-09-03 14:24:00,PASS,test
sample_0715,2008-09-03 14:29:00,PASS,test
sample_0716,2008-09-03 17:22:00,PASS,train
sample_0717,2008-09-03 18:16:00,PASS,train
sample_0718,2008-09-03 18:16:00,PASS,train
sample_0719,2008-09-03 20:00:00,PASS,train
sample_0720,2008-09-03 20:10:00,PASS,train
sample_0721,2008-09-04 08:01:00,PASS,train
sample_0722,2008-09-04 08:22:00,PASS,train
sample_0723,2008-09-04 08:33:00,PASS,train
sample_0724,2008-09-04 08:41:00,PASS,train
sample_0725,2008-09-04 08:53:00,PASS,test
sample_0726,2008-09-04 11:50:00,PASS,test
sample_0727,2008-09-04 14:09:00,PASS,train
sample_0728,2008-09-04 14:11:00,PASS,train
sample_0729,2008-09-04 14:48:00,PASS,train
sample_0730,2008-09-04 16:30:00,PASS,test
sample_0731,2008-09-04 16:41:00,PASS,train
sample_0732,2008-09-04 16:56:00,PASS,train
sample_0733,2008-09-04 17:30:00,PASS,train
sample_0734,2008-09-05 15:30:00,PASS,train
sample_0735,2008-09-05 21:48:00,PASS,train
sample_0736,2008-09-07 00:08:00,PASS,train
sample_0737,2008-09-07 00:12:00,PASS,train
sample_0738,2008-09-07 00:49:00,PASS,train
sample_0739,2008-09-07 10:52:00,PASS,train
sample_0740,2008-09-07 12:04:00,PASS,train
sample_0741,2008-09-07 12:20:00,PASS,train
sample_0742,2008-09-07 13:02:00,PASS,train
sample_0743,2008-09-07 18:02:00,PASS,train
sample_0744,2008-09-07 18:24:00,PASS,train
sample_0745,2008-09-07 18:49:00,PASS,train
sample_0746,2008-09-07 19:29:00,PASS,train
sample_0747,2008-09-07 19:31:00,PASS,train
sample_0748,2008-09-07 20:12:00,PASS,test
sample_0749,2008-09-07 20:50:00,PASS,train
sample_0750,2008-09-07 23:33:00,PASS,test
sample_0751,2008-09-08 00:32:00,PASS,train
sample_0752,2008-09-08 00:40:00,PASS,train
sample_0753,2008-09-08 01:24:00,PASS,test
sample_0754,2008-09-08 03:32:00,PASS,test
sample_0755,2008-09-08 03:48:00,PASS,train
sample_0756,2008-09-08 04:21:00,PASS,train
sample_0757,2008-09-08 06:37:00,PASS,train
sample_0758,2008-09-08 07:14:00,PASS,train
sample_0759,2008-09-08 07:41:00,PASS,train
sample_0760,2008-09-08 18:46:00,PASS,train
sample_0761,2008-09-08 19:14:00,PASS,train
sample_0762,2008-09-08 19:15:00,PASS,train
sample_0763,2008-09-08 19:25:00,PASS,train
sample_0764,2008-09-08 19:33:00,PASS,train
sample_0765,2008-09-08 20:00:00,PASS,test
sample_0766,2008-09-08 21:36:00,PASS,test
sample_0767,2008-09-08 21:53:00,PASS,train
sample_0768,2008-09-08 22:17:00,PASS,train
sample_0769,2008-09-09 00:25:00,PASS,test
sample_0770,2008-09-09 03:53:00,PASS,train
sample_0771,2008-09-09 08:44:00,PASS,train
sample_0772,2008-09-10 07:26:00,PASS,train
sample_0773,2008-09-10 09:21:00,PASS,train
sample_0774,2008-09-10 20:52:00,PASS,train
sample_0775,2008-09-10 20:53:00,PASS,train
sample_0776,2008-09-10 21:56:00,PASS,test
sample_0777,2008-09-10 23:30:00,PASS,train
sample_0778,2008-09-10 23:43:00,PASS,train
sample_0779,2008-09-11 00:17:00,PASS,train
sample_0780,2008-09-11 05:20:00,PASS,train
sample_0781,2008-09-11 06:04:00,PASS,train
sample_0782,2008-09-11 07:43:00,PASS,train
sample_0783,2008-09-11 08:06:00,PASS,train
sample_0784,2008-09-11 08:58:00,PASS,train
sample_0785,2008-09-11 09:24:00,PASS,train
sample_0786,2008-09-11 12:47:00,PASS,test
sample_0787,2008-09-11 13:36:00,PASS,train
sample_0788,2008-09-11 14:20:00,PASS,train
sample_0789,2008-09-11 14:24:00,PASS,train
sample_0790,2008-09-11 14:31:00,PASS,train
sample_0791,2008-09-11 15:05:00,PASS,train
sample_0792,2008-09-11 15:08:00,PASS,test
sample_0793,2008-09-11 16:28:00,PASS,train
sample_0794,2008-09-11 21:13:00,PASS,train
sample_0795,2008-09-11 22:07:00,FAIL,test
sample_0796,2008-09-11 23:10:00,PASS,train
sample_0797,2008-09-11 23:48:00,FAIL,train
sample_0798,2008-09-12 05:11:00,PASS,test
sample_0799,2008-09-12 05:55:00,PASS,train
sample_0800,2008-09-12 06:38:00,PASS,train
sample_0801,2008-09-12 06:41:00,PASS,train
sample_0802,2008-09-12 06:45:00,PASS,train
sample_0803,2008-09-12 07:21:00,PASS,train
sample_0804,2008-09-12 07:29:00,PASS,train
sample_0805,2008-09-12 07:38:00,PASS,train
sample_0806,2008-09-12 11:57:00,PASS,train
sample_0807,2008-09-12 13:08:00,PASS,train
sample_0808,2008-09-12 14:52:00,PASS,train
sample_0809,2008-09-12 15:40:00,PASS,train
sample_0810,2008-09-12 16:23:00,PASS,train
sample_0811,2008-09-12 18:01:00,PASS,test
sample_0812,2008-09-12 18:52:00,PASS,train
sample_0813,2008-09-12 19:36:00,PASS,train
sample_0814,2008-09-12 20:28:00,PASS,train
sample_0815,2008-09-12 21:12:00,PASS,train
sample_0816,2008-09-12 22:25:00,PASS,test
sample_0817,2008-09-12 22:45:00,PASS,test
sample_0818,2008-09-12 23:28:00,PASS,test
sample_0819,2008-09-12 23:40:00,PASS,train
sample_0820,2008-09-13 00:25:00,PASS,test
sample_0821,2008-09-13 02:57:00,PASS,train
sample_0822,2008-09-13 03:14:00,PASS,train
sample_0823,2008-09-13 09:19:00,PASS,train
sample_0824,2008-09-13 10:55:00,PASS,train
sample_0825,2008-09-13 11:42:00,PASS,train
sample_0826,2008-09-13 11:56:00,FAIL,train
sample_0827,2008-09-13 12:48:00,PASS,train
sample_0828,2008-09-13 14:07:00,PASS,train
sample_0829,2008-09-13 16:04:00,PASS,train
sample_0830,2008-09-13 16:04:00,PASS,train
sample_0831,2008-09-13 20:06:00,FAIL,train
sample_0832,2008-09-14 02:50:00,PASS,train
sample_0833,2008-09-14 02:59:00,PASS,train
sample_0834,2008-09-14 15:02:00,PASS,test
sample_0835,2008-09-14 15:46:00,PASS,train
sample_0836,2008-09-14 16:34:00,PASS,train
sample_0837,2008-09-14 17:40:00,PASS,test
sample_0838,2008-09-14 18:27:00,PASS,train
sample_0839,2008-09-14 18:27:00,PASS,train
sample_0840,2008-09-14 19:13:00,PASS,test
sample_0841,2008-09-14 20:00:00,PASS,train
sample_0842,2008-09-14 20:43:00,PASS,train
sample_0843,2008-09-14 20:45:00,PASS,train
sample_0844,2008-09-14 21:31:00,PASS,train
sample_0845,2008-09-14 23:00:00,PASS,train
sample_0846,2008-09-15 02:04:00,PASS,test
sample_0847,2008-09-15 10:03:00,PASS,test
sample_0848,2008-09-15 11:40:00,PASS,train
sample_0849,2008-09-15 12:27:00,PASS,train
sample_0850,2008-09-15 16:10:00,PASS,test
sample_0851,2008-09-15 16:59:00,PASS,train
sample_0852,2008-09-15 19:54:00,PASS,train
sample_0853,2008-09-15 21:56:00,PASS,train
sample_0854,2008-09-15 22:13:00,PASS,train
sample_0855,2008-09-15 22:45:00,PASS,train
sample_0856,2008-09-15 22:54:00,PASS,train
sample_0857,2008-09-15 23:37:00,PASS,train
sample_0858,2008-09-16 07:39:00,PASS,train
sample_0859,2008-09-16 07:48:00,PASS,train
sample_0860,2008-09-16 08:50:00,PASS,train
sample_0861,2008-09-16 08:52:00,PASS,train
sample_0862,2008-09-16 09:37:00,PASS,test
sample_0863,2008-09-16 17:07:00,PASS,train
sample_0864,2008-09-16 18:09:00,PASS,train
sample_0865,2008-09-16 18:23:00,PASS,test
sample_0866,2008-09-16 19:34:00,PASS,test
sample_0867,2008-09-16 19:45:00,PASS,train
sample_0868,2008-09-16 21:21:00,PASS,test
sample_0869,2008-09-16 22:45:00,PASS,train
sample_0870,2008-09-17 02:01:00,PASS,train
sample_0871,2008-09-17 04:23:00,FAIL,train
sample_0872,2008-09-17 07:14:00,PASS,test
sample_0873,2008-09-17 07:28:00,PASS,train
sample_0874,2008-09-17 21:52:00,PASS,train
sample_0875,2008-09-18 00:57:00,PASS,train
sample_0876,2008-09-18 01:40:00,PASS,test
sample_0877,2008-09-18 01:43:00,PASS,test
sample_0878,2008-09-18 02:01:00,PASS,train
sample_0879,2008-09-18 03:58:00,PASS,train
sample_0880,2008-09-18 03:58:00,PASS,train
sample_0881,2008-09-18 05:44:00,PASS,train
sample_0882,2008-09-18 05:58:00,PASS,train
sample_0883,2008-09-18 08:04:00,PASS,train
sample_0884,2008-09-18 10:48:00,PASS,train
sample_0885,2008-09-18 13:48:00,PASS,train
sample_0886,2008-09-18 17:22:00,PASS,train
sample_0887,2008-09-18 18:12:00,PASS,test
sample_0888,2008-09-18 18:56:00,PASS,train
sample_0889,2008-09-18 21:12:00,PASS,train
sample_0890,2008-09-18 21:56:00,PASS,train
sample_0891,2008-09-18 23:00:00,PASS,train
sample_0892,2008-09-18 23:05:00,PASS,train
sample_0893,2008-09-18 23:44:00,PASS,test
sample_0894,2008-09-19 00:30:00,PASS,train
sample_0895,2008-09-19 01:57:00,PASS,train
sample_0896,2008-09-19 02:44:00,PASS,train
sample_0897,2008-09-19 04:42:00,PASS,train
sample_0898,2008-09-19 05:33:00,PASS,train
sample_0899,2008-09-19 05:57:00,PASS,train
sample_0900,2008-09-19 06:01:00,PASS,train
sample_0901,2008-09-19 06:44:00,PASS,train
sample_0902,2008-09-19 07:14:00,PASS,train
sample_0903,2008-09-19 07:18:00,PASS,test
sample_0904,2008-09-19 08:08:00,PASS,train
sample_0905,2008-09-19 08:52:00,PASS,train
sample_0906,2008-09-19 09:12:00,PASS,train
sample_0907,2008-09-19 09:47:00,PASS,test
sample_0908,2008-09-19 10:45:00,PASS,train
sample_0909,2008-09-19 11:13:00,PASS,train
sample_0910,2008-09-19 11:54:00,PASS,train
sample_0911,2008-09-19 13:59:00,PASS,train
sample_0912,2008-09-19 15:31:00,PASS,test
sample_0913,2008-09-19 16:40:00,PASS,train
sample_0914,2008-09-19 16:58:00,FAIL,test
sample_0915,2008-09-19 17:47:00,PASS,train
sample_0916,2008-09-19 18:11:00,PASS,train
sample_0917,2008-09-19 18:33:00,PASS,train
sample_0918,2008-09-19 19:18:00,PASS,train
sample_0919,2008-09-19 19:29:00,PASS,train
sample_0920,2008-09-19 20:05:00,PASS,train
sample_0921,2008-09-19 20:07:00,PASS,train
sample_0922,2008-09-19 20:10:00,PASS,train
sample_0923,2008-09-19 20:17:00,PASS,train
sample_0924,2008-09-19 20:19:00,FAIL,train
sample_0925,2008-09-19 21:08:00,PASS,train
sample_0926,2008-09-19 21:09:00,FAIL,train
sample_0927,2008-09-19 21:13:00,PASS,train
sample_0928,2008-09-19 21:14:00,PASS,train
sample_0929,2008-09-19 21:59:00,FAIL,train
sample_0930,2008-09-19 23:26:00,PASS,test
sample_0931,2008-09-19 23:33:00,PASS,train
sample_0932,2008-09-20 00:18:00,PASS,test
sample_0933,2008-09-20 00:33:00,PASS,train
sample_0934,2008-09-20 03:58:00,PASS,train
sample_0935,2008-09-20 04:13:00,PASS,train
sample_0936,2008-09-20 04:28:00,PASS,test
sample_0937,2008-09-20 05:22:00,PASS,train
sample_0938,2008-09-20 05:25:00,PASS,train
sample_0939,2008-09-20 05:34:00,PASS,test
sample_0940,2008-09-20 06:08:00,PASS,train
sample_0941,2008-09-20 07:21:00,PASS,train
sample_0942,2008-09-20 08:14:00,PASS,train
sample_0943,2008-09-20 10:51:00,PASS,train
sample_0944,2008-09-20 11:18:00,PASS,train
sample_0945,2008-09-20 12:20:00,PASS,train
sample_0946,2008-09-20 12:26:00,PASS,test
sample_0947,2008-09-20 12:27:00,PASS,test
sample_0948,2008-09-20 12:36:00,PASS,train
sample_0949,2008-09-20 12:57:00,PASS,train
sample_0950,2008-09-20 14:00:00,PASS,train
sample_0951,2008-09-20 14:06:00,PASS,train
sample_0952,2008-09-20 14:42:00,PASS,train
sample_0953,2008-09-20 14:50:00,PASS,test
sample_0954,2008-09-20 14:53:00,PASS,test
sample_0955,2008-09-20 15:02:00,PASS,train
sample_0956,2008-09-20 15:19:00,PASS,test
sample_0957,2008-09-20 15:37:00,PASS,train
sample_0958,2008-09-20 15:46:00,PASS,train
sample_0959,2008-09-20 16:43:00,PASS,test
sample_0960,2008-09-20 16:44:00,PASS,train
sample_0961,2008-09-20 17:26:00,PASS,train
sample_0962,2008-09-20 17:29:00,PASS,train
sample_0963,2008-09-20 18:03:00,PASS,train
sample_0964,2008-09-20 18:21:00,PASS,train
sample_0965,2008-09-20 18:56:00,PASS,train
sample_0966,2008-09-20 19:14:00,PASS,train
sample_0967,2008-09-20 19:21:00,PASS,test
sample_0968,2008-09-20 23:34:00,PASS,train
sample_0969,2008-09-21 00:48:00,PASS,train
sample_0970,2008-09-21 01:06:00,PASS,train
sample_0971,2008-09-21 02:07:00,PASS,train
sample_0972,2008-09-21 03:04:00,PASS,test
sample_0973,2008-09-21 03:47:00,PASS,test
sample_0974,2008-09-21 04:17:00,PASS,train
sample_0975,2008-09-21 04:49:00,PASS,train
sample_0976,2008-09-21 07:30:00,PASS,train
sample_0977,2008-09-21 07:55:00,PASS,train
sample_0978,2008-09-21 08:22:00,PASS,train
sample_0979,2008-09-21 08:49:00,PASS,train
sample_0980,2008-09-21 09:16:00,PASS,train
sample_0981,2008-09-21 09:31:00,PASS,train
sample_0982,2008-09-21 10:07:00,PASS,train
sample_0983,2008-09-21 10:49:00,PASS,train
sample_0984,2008-09-21 11:33:00,PASS,train
sample_0985,2008-09-21 12:04:00,PASS,train
sample_0986,2008-09-21 14:30:00,PASS,train
sample_0987,2008-09-21 14:31:00,PASS,train
sample_0988,2008-09-21 14:33:00,PASS,train
sample_0989,2008-09-21 15:15:00,PASS,test
sample_0990,2008-09-21 15:26:00,PASS,train
sample_0991,2008-09-21 15:34:00,PASS,train
sample_0992,2008-09-21 16:43:00,PASS,train
sample_0993,2008-09-21 17:26:00,PASS,train
sample_0994,2008-09-21 17:30:00,PASS,train
sample_0995,2008-09-21 18:12:00,PASS,train
sample_0996,2008-09-21 19:19:00,PASS,train
sample_0997,2008-09-21 20:35:00,PASS,train
sample_0998,2008-09-21 21:54:00,PASS,train
sample_0999,2008-09-21 22:02:00,PASS,train
sample_1000,2008-09-22 00:12:00,PASS,train
sample_1001,2008-09-22 00:28:00,PASS,train
sample_1002,2008-09-22 00:47:00,PASS,train
sample_1003,2008-09-22 01:43:00,PASS,train
sample_1004,2008-09-22 03:51:00,PASS,test
sample_1005,2008-09-22 06:05:00,PASS,test
sample_1006,2008-09-22 07:12:00,PASS,train
sample_1007,2008-09-22 10:43:00,PASS,train
sample_1008,2008-09-22 11:50:00,PASS,train
sample_1009,2008-09-22 12:11:00,PASS,train
sample_1010,2008-09-22 12:45:00,PASS,train
sample_1011,2008-09-22 13:03:00,PASS,train
sample_1012,2008-09-22 14:24:00,PASS,train
sample_1013,2008-09-22 14:27:00,PASS,train
sample_1014,2008-09-22 14:36:00,PASS,train
sample_1015,2008-09-22 16:25:00,PASS,train
sample_1016,2008-09-22 21:30:00,PASS,train
sample_1017,2008-09-22 21:31:00,PASS,train
sample_1018,2008-09-22 22:15:00,PASS,train
sample_1019,2008-09-22 22:17:00,PASS,train
sample_1020,2008-09-22 23:01:00,PASS,train
sample_1021,2008-09-22 23:10:00,PASS,train
sample_1022,2008-09-23 00:57:00,PASS,train
sample_1023,2008-09-23 06:44:00,PASS,train
sample_1024,2008-09-23 06:44:00,PASS,train
sample_1025,2008-09-23 06:52:00,PASS,train
sample_1026,2008-09-23 07:58:00,PASS,train
sample_1027,2008-09-23 08:11:00,PASS,test
sample_1028,2008-09-23 09:43:00,PASS,train
sample_1029,2008-09-23 11:14:00,FAIL,train
sample_1030,2008-09-23 11:42:00,PASS,train
sample_1031,2008-09-23 11:43:00,PASS,test
sample_1032,2008-09-23 12:29:00,PASS,test
sample_1033,2008-09-23 12:31:00,PASS,test
sample_1034,2008-09-23 12:46:00,PASS,test
sample_1035,2008-09-23 13:37:00,PASS,train
sample_1036,2008-09-23 15:23:00,PASS,test
sample_1037,2008-09-23 15:33:00,PASS,test
sample_1038,2008-09-23 15:58:00,PASS,train
sample_1039,2008-09-23 18:10:00,PASS,train
sample_1040,2008-09-23 18:36:00,PASS,train
sample_1041,2008-09-23 18:56:00,PASS,train
sample_1042,2008-09-23 20:18:00,PASS,train
sample_1043,2008-09-23 20:59:00,PASS,train
sample_1044,2008-09-23 21:26:00,PASS,train
sample_1045,2008-09-23 22:25:00,PASS,train
sample_1046,2008-09-24 02:19:00,PASS,train
sample_1047,2008-09-24 02:44:00,PASS,train
sample_1048,2008-09-24 03:32:00,PASS,train
sample_1049,2008-09-24 03:40:00,PASS,test
sample_1050,2008-09-24 05:13:00,PASS,train
sample_1051,2008-09-24 05:22:00,PASS,train
sample_1052,2008-09-24 06:13:00,PASS,test
sample_1053,2008-09-24 06:14:00,PASS,train
sample_1054,2008-09-24 07:23:00,PASS,train
sample_1055,2008-09-24 10:10:00,PASS,train
sample_1056,2008-09-24 10:53:00,PASS,train
sample_1057,2008-09-24 10:59:00,PASS,train
sample_1058,2008-09-24 11:47:00,PASS,test
sample_1059,2008-09-24 12:04:00,PASS,train
sample_1060,2008-09-24 12:35:00,PASS,train
sample_1061,2008-09-24 13:01:00,PASS,train
sample_1062,2008-09-24 15:05:00,FAIL,train
sample_1063,2008-09-24 15:39:00,PASS,train
sample_1064,2008-09-24 15:42:00,PASS,train
sample_1065,2008-09-24 15:43:00,PASS,train
sample_1066,2008-09-24 16:26:00,PASS,train
sample_1067,2008-09-24 17:54:00,PASS,train
sample_1068,2008-09-24 18:05:00,PASS,train
sample_1069,2008-09-25 01:05:00,PASS,train
sample_1070,2008-09-25 02:03:00,PASS,train
sample_1071,2008-09-25 06:21:00,PASS,train
sample_1072,2008-09-25 07:12:00,PASS,train
sample_1073,2008-09-25 07:58:00,PASS,test
sample_1074,2008-09-25 08:45:00,PASS,train
sample_1075,2008-09-25 09:31:00,PASS,train
sample_1076,2008-09-25 10:23:00,PASS,train
sample_1077,2008-09-25 11:08:00,PASS,train
sample_1078,2008-09-25 11:09:00,PASS,train
sample_1079,2008-09-25 11:55:00,PASS,train
sample_1080,2008-09-25 13:42:00,PASS,train
sample_1081,2008-09-25 14:08:00,PASS,train
sample_1082,2008-09-25 14:28:00,PASS,train
sample_1083,2008-09-25 15:12:00,PASS,train
sample_1084,2008-09-25 15:40:00,PASS,train
sample_1085,2008-09-25 15:55:00,PASS,train
sample_1086,2008-09-25 16:44:00,PASS,train
sample_1087,2008-09-25 17:28:00,PASS,train
sample_1088,2008-09-25 17:29:00,PASS,train
sample_1089,2008-09-25 19:49:00,PASS,train
sample_1090,2008-09-25 22:05:00,PASS,test
sample_1091,2008-09-25 23:04:00,PASS,train
sample_1092,2008-09-25 23:48:00,PASS,test
sample_1093,2008-09-26 00:19:00,PASS,train
sample_1094,2008-09-26 01:21:00,PASS,test
sample_1095,2008-09-26 02:26:00,PASS,test
sample_1096,2008-09-26 03:12:00,PASS,train
sample_1097,2008-09-26 03:29:00,PASS,test
sample_1098,2008-09-26 04:14:00,PASS,test
sample_1099,2008-09-26 05:32:00,PASS,test
sample_1100,2008-09-26 11:08:00,PASS,train
sample_1101,2008-09-26 13:36:00,PASS,train
sample_1102,2008-09-26 13:45:00,PASS,train
sample_1103,2008-09-26 14:20:00,PASS,test
sample_1104,2008-09-26 14:51:00,PASS,train
sample_1105,2008-09-26 15:06:00,PASS,train
sample_1106,2008-09-26 15:36:00,PASS,test
sample_1107,2008-09-26 15:49:00,PASS,train
sample_1108,2008-09-26 16:31:00,PASS,train
sample_1109,2008-09-26 17:59:00,PASS,train
sample_1110,2008-09-26 18:54:00,PASS,train
sample_1111,2008-09-26 19:38:00,PASS,train
sample_1112,2008-09-26 19:45:00,PASS,train
sample_1113,2008-09-26 19:55:00,PASS,train
sample_1114,2008-09-26 20:23:00,PASS,train
sample_1115,2008-09-26 20:31:00,PASS,train
sample_1116,2008-09-27 00:16:00,PASS,test
sample_1117,2008-09-27 00:17:00,PASS,train
sample_1118,2008-09-27 01:29:00,PASS,train
sample_1119,2008-09-27 03:53:00,PASS,train
sample_1120,2008-09-27 10:10:00,PASS,train
sample_1121,2008-09-27 10:13:00,PASS,train
sample_1122,2008-09-27 11:04:00,PASS,test
sample_1123,2008-09-27 11:45:00,PASS,test
sample_1124,2008-09-27 11:54:00,PASS,train
sample_1125,2008-09-27 12:26:00,PASS,train
sample_1126,2008-09-27 12:28:00,PASS,train
sample_1127,2008-09-27 12:36:00,PASS,train
sample_1128,2008-09-27 13:14:00,PASS,train
sample_1129,2008-09-27 13:19:00,PASS,test
sample_1130,2008-09-27 14:01:00,PASS,train
sample_1131,2008-09-27 14:05:00,PASS,train
sample_1132,2008-09-27 14:46:00,PASS,train
sample_1133,2008-09-27 15:09:00,PASS,train
sample_1134,2008-09-27 15:30:00,PASS,test
sample_1135,2008-09-27 16:13:00,PASS,train
sample_1136,2008-09-27 17:26:00,PASS,train
sample_1137,2008-09-27 18:14:00,PASS,test
sample_1138,2008-09-27 19:16:00,PASS,test
sample_1139,2008-09-27 20:46:00,PASS,train
sample_1140,2008-09-27 21:45:00,PASS,train
sample_1141,2008-09-28 00:51:00,PASS,train
sample_1142,2008-09-28 01:22:00,PASS,test
sample_1143,2008-09-28 03:55:00,PASS,train
sample_1144,2008-09-28 04:45:00,FAIL,train
sample_1145,2008-09-28 05:31:00,PASS,train
sample_1146,2008-09-28 06:22:00,PASS,train
sample_1147,2008-09-28 07:38:00,PASS,train
sample_1148,2008-09-28 07:52:00,PASS,train
sample_1149,2008-09-28 08:40:00,PASS,train
sample_1150,2008-09-28 08:41:00,PASS,test
sample_1151,2008-09-28 09:50:00,FAIL,train
sample_1152,2008-09-28 17:05:00,PASS,train
sample_1153,2008-09-28 17:06:00,PASS,train
sample_1154,2008-09-28 17:49:00,PASS,train
sample_1155,2008-09-28 17:55:00,PASS,train
sample_1156,2008-09-28 18:34:00,PASS,test
sample_1157,2008-09-28 18:43:00,PASS,train
sample_1158,2008-09-28 19:18:00,PASS,train
sample_1159,2008-09-28 19:29:00,PASS,train
sample_1160,2008-09-28 20:02:00,PASS,train
sample_1161,2008-09-28 20:42:00,PASS,train
sample_1162,2008-09-28 21:08:00,PASS,test
sample_1163,2008-09-28 21:27:00,PASS,train
sample_1164,2008-09-28 22:44:00,PASS,train
sample_1165,2008-09-28 23:54:00,PASS,train
sample_1166,2008-09-29 02:06:00,PASS,test
sample_1167,2008-09-29 03:07:00,PASS,train
sample_1168,2008-09-29 03:50:00,PASS,train
sample_1169,2008-09-29 04:18:00,PASS,train
sample_1170,2008-09-29 04:47:00,PASS,train
sample_1171,2008-09-29 05:32:00,PASS,train
sample_1172,2008-09-29 07:53:00,PASS,train
sample_1173,2008-09-29 09:15:00,PASS,train
sample_1174,2008-09-29 11:13:00,PASS,train
sample_1175,2008-09-29 11:53:00,PASS,test
sample_1176,2008-09-29 12:25:00,PASS,train
sample_1177,2008-09-29 14:03:00,PASS,train
sample_1178,2008-09-29 14:04:00,PASS,train
sample_1179,2008-09-29 14:08:00,PASS,train
sample_1180,2008-09-29 15:09:00,PASS,train
sample_1181,2008-09-29 15:16:00,PASS,train
sample_1182,2008-09-29 16:27:00,PASS,train
sample_1183,2008-09-29 17:21:00,PASS,train
sample_1184,2008-09-29 21:26:00,PASS,test
sample_1185,2008-09-29 21:48:00,FAIL,train
sample_1186,2008-09-29 22:13:00,PASS,train
sample_1187,2008-09-30 01:33:00,PASS,train
sample_1188,2008-09-30 01:36:00,PASS,train
sample_1189,2008-09-30 02:44:00,FAIL,test
sample_1190,2008-09-30 04:01:00,PASS,train
sample_1191,2008-09-30 04:42:00,PASS,test
sample_1192,2008-09-30 08:44:00,PASS,train
sample_1193,2008-09-30 12:31:00,PASS,train
sample_1194,2008-09-30 13:29:00,PASS,train
sample_1195,2008-09-30 14:20:00,PASS,train
sample_1196,2008-09-30 14:36:00,PASS,train
sample_1197,2008-09-30 15:16:00,PASS,train
sample_1198,2008-09-30 15:26:00,PASS,train
sample_1199,2008-09-30 16:13:00,PASS,train
sample_1200,2008-09-30 16:50:00,PASS,train
sample_1201,2008-09-30 17:27:00,PASS,train
sample_1202,2008-09-30 19:17:00,PASS,train
sample_1203,2008-09-30 19:17:00,PASS,train
sample_1204,2008-09-30 21:39:00,PASS,test
sample_1205,2008-09-30 21:42:00,PASS,test
sample_1206,2008-09-30 23:34:00,PASS,train
sample_1207,2008-09-30 23:58:00,PASS,train
sample_1208,2008-10-01 00:20:00,PASS,test
sample_1209,2008-10-01 01:11:00,PASS,train
sample_1210,2008-10-01 02:53:00,PASS,train
sample_1211,2008-10-01 05:56:00,FAIL,train
sample_1212,2008-10-01 07:19:00,PASS,test
sample_1213,2008-10-01 07:28:00,PASS,test
sample_1214,2008-10-01 08:15:00,PASS,train
sample_1215,2008-10-01 09:15:00,PASS,train
sample_1216,2008-10-01 09:16:00,PASS,train
sample_1217,2008-10-01 14:22:00,PASS,train
sample_1218,2008-10-01 15:16:00,PASS,test
sample_1219,2008-10-01 16:43:00,PASS,test
sample_1220,2008-10-01 19:57:00,PASS,train
sample_1221,2008-10-01 21:15:00,PASS,train
sample_1222,2008-10-01 21:50:00,PASS,train
sample_1223,2008-10-01 22:47:00,PASS,train
sample_1224,2008-10-01 23:34:00,PASS,train
sample_1225,2008-10-02 00:21:00,PASS,train
sample_1226,2008-10-02 00:22:00,PASS,test
sample_1227,2008-10-02 03:17:00,FAIL,train
sample_1228,2008-10-02 03:27:00,PASS,train
sample_1229,2008-10-02 04:11:00,PASS,train
sample_1230,2008-10-02 04:23:00,PASS,train
sample_1231,2008-10-02 04:24:00,PASS,test
sample_1232,2008-10-02 06:49:00,PASS,train
sample_1233,2008-10-02 07:35:00,PASS,train
sample_1234,2008-10-02 07:58:00,PASS,train
sample_1235,2008-10-02 08:24:00,PASS,train
sample_1236,2008-10-02 08:52:00,PASS,test
sample_1237,2008-10-02 08:57:00,PASS,test
sample_1238,2008-10-02 09:10:00,FAIL,train
sample_1239,2008-10-02 09:42:00,PASS,test
sample_1240,2008-10-02 10:03:00,PASS,train
sample_1241,2008-10-02 14:07:00,FAIL,train
sample_1242,2008-10-02 14:10:00,FAIL,test
sample_1243,2008-10-02 14:54:00,PASS,train
sample_1244,2008-10-02 15:10:00,PASS,train
sample_1245,2008-10-02 15:44:00,PASS,test
sample_1246,2008-10-02 15:58:00,PASS,train
sample_1247,2008-10-02 16:32:00,PASS,train
sample_1248,2008-10-02 16:58:00,PASS,train
sample_1249,2008-10-02 17:00:00,PASS,test
sample_1250,2008-10-02 17:19:00,PASS,train
sample_1251,2008-10-02 19:21:00,PASS,train
sample_1252,2008-10-02 19:25:00,PASS,train
sample_1253,2008-10-02 20:54:00,PASS,train
sample_1254,2008-10-02 21:32:00,FAIL,test
sample_1255,2008-10-02 21:33:00,PASS,train
sample_1256,2008-10-02 22:23:00,PASS,train
sample_1257,2008-10-02 22:33:00,PASS,train
sample_1258,2008-10-02 23:32:00,PASS,train
sample_1259,2008-10-02 23:32:00,PASS,test
sample_1260,2008-10-03 00:24:00,PASS,train
sample_1261,2008-10-03 00:55:00,PASS,train
sample_1262,2008-10-03 02:41:00,PASS,train
sample_1263,2008-10-03 03:52:00,PASS,train
sample_1264,2008-10-03 03:56:00,PASS,train
sample_1265,2008-10-03 04:49:00,PASS,train
sample_1266,2008-10-03 05:01:00,PASS,train
sample_1267,2008-10-03 05:45:00,PASS,train
sample_1268,2008-10-03 06:15:00,PASS,test
sample_1269,2008-10-03 08:35:00,PASS,train
sample_1270,2008-10-03 09:30:00,PASS,train
sample_1271,2008-10-03 11:40:00,PASS,test
sample_1272,2008-10-03 12:31:00,PASS,test
sample_1273,2008-10-03 18:45:00,PASS,train
sample_1274,2008-10-03 19:23:00,PASS,test
sample_1275,2008-10-03 19:23:00,PASS,train
sample_1276,2008-10-03 20:11:00,PASS,train
sample_1277,2008-10-03 20:26:00,PASS,train
sample_1278,2008-10-03 20:35:00,PASS,train
sample_1279,2008-10-03 20:46:00,PASS,train
sample_1280,2008-10-03 21:15:00,PASS,train
sample_1281,2008-10-03 21:52:00,PASS,train
sample_1282,2008-10-03 22:08:00,PASS,test
sample_1283,2008-10-03 22:53:00,PASS,test
sample_1284,2008-10-03 23:46:00,PASS,train
sample_1285,2008-10-04 00:58:00,PASS,train
sample_1286,2008-10-04 01:49:00,PASS,train
sample_1287,2008-10-04 02:36:00,PASS,train
sample_1288,2008-10-04 03:53:00,PASS,train
sample_1289,2008-10-04 04:12:00,PASS,train
sample_1290,2008-10-04 04:45:00,PASS,train
sample_1291,2008-10-04 09:29:00,PASS,train
sample_1292,2008-10-04 15:16:00,PASS,train
sample_1293,2008-10-04 16:58:00,PASS,train
sample_1294,2008-10-04 18:15:00,PASS,train
sample_1295,2008-10-04 18:25:00,PASS,test
sample_1296,2008-10-04 18:59:00,PASS,train
sample_1297,2008-10-04 19:12:00,PASS,train
sample_1298,2008-10-04 19:47:00,PASS,train
sample_1299,2008-10-04 19:54:00,PASS,train
sample_1300,2008-10-04 20:39:00,PASS,train
sample_1301,2008-10-04 22:06:00,PASS,train
sample_1302,2008-10-04 23:18:00,FAIL,train
sample_1303,2008-10-05 00:33:00,FAIL,train
sample_1304,2008-10-05 00:33:00,PASS,train
sample_1305,2008-10-05 01:35:00,PASS,test
sample_1306,2008-10-05 04:01:00,PASS,train
sample_1307,2008-10-05 04:20:00,PASS,train
sample_1308,2008-10-05 04:48:00,PASS,train
sample_1309,2008-10-05 05:31:00,PASS,test
sample_1310,2008-10-05 05:53:00,PASS,train
sample_1311,2008-10-05 06:15:00,PASS,train
sample_1312,2008-10-05 08:02:00,PASS,train
sample_1313,2008-10-05 08:40:00,PASS,train
sample_1314,2008-10-05 09:04:00,PASS,test
sample_1315,2008-10-05 09:47:00,PASS,test
sample_1316,2008-10-05 10:00:00,PASS,test
sample_1317,2008-10-05 10:43:00,PASS,train
sample_1318,2008-10-05 11:05:00,PASS,train
sample_1319,2008-10-05 11:30:00,PASS,train
sample_1320,2008-10-05 12:03:00,PASS,train
sample_1321,2008-10-05 12:17:00,PASS,train
sample_1322,2008-10-05 13:49:00,PASS,train
sample_1323,2008-10-05 14:34:00,PASS,train
sample_1324,2008-10-05 15:30:00,FAIL,train
sample_1325,2008-10-05 15:35:00,FAIL,train
sample_1326,2008-10-05 16:15:00,PASS,train
sample_1327,2008-10-05 16:37:00,FAIL,train
sample_1328,2008-10-05 16:49:00,FAIL,train
sample_1329,2008-10-05 18:46:00,FAIL,train
sample_1330,2008-10-05 18:59:00,PASS,train
sample_1331,2008-10-05 19:45:00,PASS,train
sample_1332,2008-10-05 20:12:00,PASS,train
sample_1333,2008-10-05 20:30:00,PASS,test
sample_1334,2008-10-05 22:13:00,PASS,test
sample_1335,2008-10-06 00:41:00,PASS,train
sample_1336,2008-10-06 01:25:00,PASS,test
sample_1337,2008-10-06 01:27:00,PASS,train
sample_1338,2008-10-06 01:30:00,PASS,train
sample_1339,2008-10-06 02:44:00,PASS,train
sample_1340,2008-10-06 02:49:00,PASS,train
sample_1341,2008-10-06 03:31:00,PASS,train
sample_1342,2008-10-06 03:50:00,FAIL,train
sample_1343,2008-10-06 03:57:00,FAIL,train
sample_1344,2008-10-06 04:26:00,PASS,test
sample_1345,2008-10-06 05:21:00,PASS,test
sample_1346,2008-10-06 05:24:00,PASS,train
sample_1347,2008-10-06 06:11:00,PASS,train
sample_1348,2008-10-06 06:26:00,PASS,train
sample_1349,2008-10-06 06:49:00,PASS,train
sample_1350,2008-10-06 07:12:00,PASS,train
sample_1351,2008-10-06 07:17:00,PASS,test
sample_1352,2008-10-06 07:35:00,PASS,test
sample_1353,2008-10-06 07:38:00,PASS,test
sample_1354,2008-10-06 08:24:00,PASS,test
sample_1355,2008-10-06 08:57:00,PASS,train
sample_1356,2008-10-06 09:11:00,PASS,train
sample_1357,2008-10-06 09:57:00,PASS,train
sample_1358,2008-10-06 10:07:00,PASS,train
sample_1359,2008-10-06 11:51:00,PASS,train
sample_1360,2008-10-06 12:39:00,PASS,test
sample_1361,2008-10-06 12:42:00,PASS,test
sample_1362,2008-10-06 13:08:00,PASS,train
sample_1363,2008-10-06 13:38:00,FAIL,train
sample_1364,2008-10-06 13:55:00,FAIL,train
sample_1365,2008-10-06 15:00:00,FAIL,train
sample_1366,2008-10-06 15:01:00,PASS,test
sample_1367,2008-10-06 15:52:00,PASS,test
sample_1368,2008-10-06 16:42:00,PASS,train
sample_1369,2008-10-06 16:50:00,PASS,train
sample_1370,2008-10-06 17:26:00,PASS,train
sample_1371,2008-10-06 17:26:00,PASS,train
sample_1372,2008-10-06 17:35:00,PASS,train
sample_1373,2008-10-06 18:54:00,PASS,train
sample_1374,2008-10-06 18:55:00,PASS,train
sample_1375,2008-10-06 19:42:00,PASS,test
sample_1376,2008-10-06 20:02:00,PASS,train
sample_1377,2008-10-06 20:36:00,PASS,test
sample_1378,2008-10-06 20:47:00,PASS,train
sample_1379,2008-10-06 21:46:00,PASS,train
sample_1380,2008-10-06 21:48:00,PASS,train
sample_1381,2008-10-06 22:37:00,PASS,train
sample_1382,2008-10-06 23:03:00,PASS,test
sample_1383,2008-10-07 01:46:00,PASS,train
sample_1384,2008-10-07 03:29:00,PASS,train
sample_1385,2008-10-07 03:39:00,PASS,test
sample_1386,2008-10-07 07:32:00,PASS,train
sample_1387,2008-10-07 07:41:00,PASS,train
sample_1388,2008-10-07 08:25:00,PASS,train
sample_1389,2008-10-07 08:26:00,PASS,train
sample_1390,2008-10-07 09:11:00,PASS,test
sample_1391,2008-10-07 09:20:00,PASS,train
sample_1392,2008-10-07 09:59:00,PASS,train
sample_1393,2008-10-07 10:04:00,PASS,train
sample_1394,2008-10-07 10:10:00,PASS,test
sample_1395,2008-10-07 10:51:00,PASS,train
sample_1396,2008-10-07 11:15:00,PASS,test
sample_1397,2008-10-07 11:16:00,PASS,test
sample_1398,2008-10-07 11:36:00,PASS,test
sample_1399,2008-10-07 12:40:00,PASS,train
sample_1400,2008-10-07 13:10:00,FAIL,train
sample_1401,2008-10-07 13:48:00,PASS,train
sample_1402,2008-10-07 14:35:00,PASS,train
sample_1403,2008-10-07 16:32:00,PASS,train
sample_1404,2008-10-07 17:06:00,PASS,train
sample_1405,2008-10-07 17:28:00,PASS,train
sample_1406,2008-10-07 18:39:00,PASS,train
sample_1407,2008-10-07 19:24:00,PASS,train
sample_1408,2008-10-07 20:19:00,PASS,train
sample_1409,2008-10-07 20:39:00,PASS,train
sample_1410,2008-10-07 20:48:00,PASS,train
sample_1411,2008-10-08 04:47:00,PASS,test
sample_1412,2008-10-08 05:35:00,PASS,train
sample_1413,2008-10-08 05:38:00,PASS,train
sample_1414,2008-10-08 06:25:00,PASS,train
sample_1415,2008-10-08 07:10:00,PASS,train
sample_1416,2008-10-08 07:13:00,PASS,train
sample_1417,2008-10-08 07:16:00,PASS,train
sample_1418,2008-10-08 09:01:00,PASS,train
sample_1419,2008-10-08 09:06:00,PASS,train
sample_1420,2008-10-08 10:37:00,PASS,train
sample_1421,2008-10-08 12:11:00,PASS,test
sample_1422,2008-10-08 13:35:00,PASS,train
sample_1423,2008-10-08 13:38:00,PASS,train
sample_1424,2008-10-08 14:48:00,PASS,test
sample_1425,2008-10-08 15:37:00,PASS,train
sample_1426,2008-10-08 16:26:00,PASS,train
sample_1427,2008-10-08 17:14:00,PASS,train
sample_1428,2008-10-08 17:31:00,PASS,train
sample_1429,2008-10-08 17:41:00,PASS,train
sample_1430,2008-10-08 18:22:00,PASS,train
sample_1431,2008-10-08 20:27:00,PASS,test
sample_1432,2008-10-08 21:19:00,PASS,test
sample_1433,2008-10-08 21:45:00,PASS,test
sample_1434,2008-10-08 22:08:00,PASS,train
sample_1435,2008-10-08 23:13:00,PASS,train
sample_1436,2008-10-08 23:50:00,PASS,train
sample_1437,2008-10-09 00:23:00,PASS,train
sample_1438,2008-10-09 04:34:00,FAIL,train
sample_1439,2008-10-09 06:06:00,PASS,test
sample_1440,2008-10-09 07:38:00,PASS,train
sample_1441,2008-10-09 14:15:00,PASS,test
sample_1442,2008-10-09 15:04:00,PASS,test
sample_1443,2008-10-09 15:55:00,FAIL,train
sample_1444,2008-10-09 15:56:00,PASS,train
sample_1445,2008-10-10 10:05:00,PASS,train
sample_1446,2008-10-10 10:46:00,PASS,test
sample_1447,2008-10-10 10:53:00,PASS,train
sample_1448,2008-10-10 12:30:00,PASS,test
sample_1449,2008-10-10 15:33:00,PASS,train
sample_1450,2008-10-10 15:50:00,PASS,train
sample_1451,2008-10-10 20:02:00,PASS,train
sample_1452,2008-10-10 21:03:00,PASS,train
sample_1453,2008-10-10 21:07:00,PASS,test
sample_1454,2008-10-10 21:16:00,PASS,train
sample_1455,2008-10-11 02:55:00,PASS,train
sample_1456,2008-10-11 06:56:00,PASS,test
sample_1457,2008-10-11 07:38:00,PASS,train
sample_1458,2008-10-11 07:39:00,PASS,train
sample_1459,2008-10-11 07:42:00,PASS,train
sample_1460,2008-10-11 08:27:00,PASS,train
sample_1461,2008-10-11 14:43:00,PASS,train
sample_1462,2008-10-11 15:33:00,PASS,train
sample_1463,2008-10-11 16:25:00,PASS,train
sample_1464,2008-10-11 23:16:00,PASS,train
sample_1465,2008-10-11 23:58:00,PASS,train
sample_1466,2008-10-12 00:57:00,PASS,test
sample_1467,2008-10-12 01:50:00,PASS,train
sample_1468,2008-10-12 02:59:00,PASS,train
sample_1469,2008-10-12 03:21:00,PASS,train
sample_1470,2008-10-12 03:28:00,PASS,train
sample_1471,2008-10-12 08:19:00,PASS,train
sample_1472,2008-10-12 18:47:00,PASS,test
sample_1473,2008-10-13 03:34:00,PASS,train
sample_1474,2008-10-13 03:53:00,PASS,test
sample_1475,2008-10-13 11:27:00,PASS,train
sample_1476,2008-10-13 12:18:00,PASS,train
sample_1477,2008-10-13 14:06:00,PASS,test
sample_1478,2008-10-13 14:29:00,PASS,test
sample_1479,2008-10-13 14:30:00,PASS,test
sample_1480,2008-10-13 14:55:00,PASS,train
sample_1481,2008-10-13 15:42:00,PASS,train
sample_1482,2008-10-13 15:42:00,PASS,test
sample_1483,2008-10-13 16:13:00,PASS,train
sample_1484,2008-10-13 19:17:00,PASS,train
sample_1485,2008-10-13 19:36:00,PASS,train
sample_1486,2008-10-13 19:40:00,PASS,test
sample_1487,2008-10-13 20:10:00,PASS,train
sample_1488,2008-10-13 20:30:00,PASS,train
sample_1489,2008-10-13 20:53:00,PASS,train
sample_1490,2008-10-13 21:20:00,PASS,train
sample_1491,2008-10-13 21:47:00,PASS,test
sample_1492,2008-10-13 21:57:00,PASS,train
sample_1493,2008-10-13 22:48:00,PASS,test
sample_1494,2008-10-13 22:54:00,PASS,train
sample_1495,2008-10-14 00:35:00,PASS,train
sample_1496,2008-10-14 03:21:00,PASS,train
sample_1497,2008-10-14 03:28:00,PASS,train
sample_1498,2008-10-14 03:35:00,PASS,test
sample_1499,2008-10-14 13:13:00,PASS,test
sample_1500,2008-10-14 13:16:00,PASS,train
sample_1501,2008-10-14 14:07:00,PASS,train
sample_1502,2008-10-14 14:15:00,PASS,train
sample_1503,2008-10-14 14:43:00,PASS,train
sample_1504,2008-10-14 17:36:00,PASS,train
sample_1505,2008-10-14 19:15:00,PASS,train
sample_1506,2008-10-14 20:01:00,PASS,train
sample_1507,2008-10-14 20:30:00,PASS,train
sample_1508,2008-10-14 20:48:00,PASS,train
sample_1509,2008-10-14 21:36:00,PASS,train
sample_1510,2008-10-14 23:07:00,PASS,train
sample_1511,2008-10-15 00:03:00,PASS,train
sample_1512,2008-10-15 00:27:00,PASS,train
sample_1513,2008-10-15 00:47:00,PASS,train
sample_1514,2008-10-15 01:52:00,PASS,train
sample_1515,2008-10-15 01:52:00,PASS,train
sample_1516,2008-10-15 01:52:00,PASS,train
sample_1517,2008-10-15 02:40:00,PASS,train
sample_1518,2008-10-15 02:40:00,PASS,train
sample_1519,2008-10-15 02:42:00,FAIL,train
sample_1520,2008-10-15 03:24:00,PASS,train
sample_1521,2008-10-15 04:08:00,PASS,train
sample_1522,2008-10-15 05:13:00,PASS,test
sample_1523,2008-10-15 05:16:00,PASS,train
sample_1524,2008-10-15 06:49:00,PASS,train
sample_1525,2008-10-15 07:36:00,PASS,test
sample_1526,2008-10-15 07:55:00,PASS,train
sample_1527,2008-10-15 08:21:00,PASS,train
sample_1528,2008-10-15 09:11:00,PASS,test
sample_1529,2008-10-15 10:00:00,PASS,test
sample_1530,2008-10-15 12:53:00,PASS,train
sample_1531,2008-10-15 13:14:00,PASS,train
sample_1532,2008-10-15 13:16:00,PASS,train
sample_1533,2008-10-15 14:08:00,PASS,train
sample_1534,2008-10-15 15:11:00,PASS,train
sample_1535,2008-10-15 16:24:00,PASS,train
sample_1536,2008-10-15 17:19:00,PASS,train
sample_1537,2008-10-15 18:16:00,PASS,train
sample_1538,2008-10-15 19:15:00,PASS,train
sample_1539,2008-10-15 19:24:00,PASS,train
sample_1540,2008-10-15 21:44:00,PASS,test
sample_1541,2008-10-15 22:45:00,PASS,test
sample_1542,2008-10-15 22:54:00,PASS,train
sample_1543,2008-10-15 23:00:00,PASS,test
sample_1544,2008-10-15 23:45:00,PASS,train
sample_1545,2008-10-16 02:16:00,PASS,train
sample_1546,2008-10-16 02:16:00,PASS,train
sample_1547,2008-10-16 02:17:00,PASS,train
sample_1548,2008-10-16 02:22:00,PASS,train
sample_1549,2008-10-16 02:55:00,PASS,train
sample_1550,2008-10-16 03:56:00,PASS,train
sample_1551,2008-10-16 04:02:00,PASS,train
sample_1552,2008-10-16 04:02:00,PASS,test
sample_1553,2008-10-16 04:04:00,PASS,train
sample_1554,2008-10-16 04:47:00,PASS,train
sample_1555,2008-10-16 04:50:00,PASS,train
sample_1556,2008-10-16 04:54:00,PASS,train
sample_1557,2008-10-16 05:08:00,PASS,train
sample_1558,2008-10-16 05:13:00,PASS,train
sample_1559,2008-10-16 05:44:00,PASS,train
sample_1560,2008-10-16 05:58:00,PASS,train
sample_1561,2008-10-16 15:02:00,PASS,train
sample_1562,2008-10-16 15:13:00,PASS,train
sample_1563,2008-10-16 20:49:00,PASS,test
sample_1564,2008-10-17 05:26:00,PASS,train
sample_1565,2008-10-17 06:01:00,PASS,test
sample_1566,2008-10-17 06:07:00,PASS,train
