feature,logistic_top20_count,logistic_top20_frequency,mean_absolute_coefficient,sign_consistency,rf_positive_top20_count,rf_positive_top20_frequency,mean_ap_drop,logistic_meets_2_of_3,rf_meets_2_of_3,meets_both_methods_2_of_3,temporal_evidence_count_sum
feature_562,3,1.0,0.652842563805207,1.0,1,0.3333333333333333,0.014061714899948856,True,False,False,4
feature_008,3,1.0,0.7118430015496336,1.0,0,0.0,-0.0016339051438495407,True,False,False,3
feature_249,3,1.0,0.5981880678341652,1.0,0,0.0,0.0,True,False,False,3
feature_280,3,1.0,0.5888637879464658,1.0,0,0.0,-0.0011571967144772821,True,False,False,3
feature_387,3,1.0,0.5730161970178301,1.0,0,0.0,0.0,True,False,False,3
feature_588,2,0.6666666666666666,0.49476040664400106,1.0,1,0.3333333333333333,0.0013454553324870864,True,False,False,3
feature_000,2,0.6666666666666666,0.636058854214765,1.0,0,0.0,-0.001215482380658591,True,False,False,2
feature_433,2,0.6666666666666666,0.6161922536071526,1.0,0,0.0,-0.0001211872382277595,True,False,False,2
feature_216,2,0.6666666666666666,0.5671745493581893,1.0,0,0.0,-0.0009132002916620138,True,False,False,2
feature_075,2,0.6666666666666666,0.5562496082926773,1.0,0,0.0,7.202556166173203e-05,True,False,False,2
feature_205,2,0.6666666666666666,0.5402987548616908,1.0,0,0.0,-0.0027544069357084786,True,False,False,2
feature_363,2,0.6666666666666666,0.4789119580689256,1.0,0,0.0,-0.00032720980551220286,True,False,False,2
feature_301,1,0.3333333333333333,0.4392707315125112,1.0,1,0.3333333333333333,0.008311164585491642,False,False,False,2
feature_541,1,0.3333333333333333,0.42572477605894776,1.0,1,0.3333333333333333,0.012577845477746832,False,False,False,2
feature_197,1,0.3333333333333333,0.4080846213122504,1.0,1,0.3333333333333333,0.012525709095670183,False,False,False,2
feature_059,1,0.3333333333333333,0.37470292189548404,1.0,1,0.3333333333333333,0.018978059447673546,False,False,False,2
feature_115,1,0.3333333333333333,0.3689934346747012,1.0,1,0.3333333333333333,0.005898418194666628,False,False,False,2
feature_103,1,0.3333333333333333,0.3598429490167229,1.0,1,0.3333333333333333,0.0018850361540970705,False,False,False,2
feature_047,1,0.3333333333333333,0.3486660641825819,0.6666666666666666,1,0.3333333333333333,0.002089211587393788,False,False,False,2
feature_039,0,0.0,0.2736152211604794,1.0,2,0.6666666666666666,0.004498615953663644,False,True,False,2
feature_251,0,0.0,0.24111620606133602,0.6666666666666667,2,0.6666666666666666,0.00867474676894763,False,True,False,2
feature_163,0,0.0,0.07364557316087271,1.0,2,0.6666666666666666,0.010711847045231567,False,True,False,2
feature_219,0,0.0,0.06686270601355074,1.0,2,0.6666666666666666,0.0019635474004182853,False,True,False,2
feature_089,1,0.3333333333333333,0.498134619498928,1.0,0,0.0,0.00038317440419959357,False,False,False,1
feature_086,1,0.3333333333333333,0.4900501092148552,1.0,0,0.0,-0.0028184503020051103,False,False,False,1
feature_113,1,0.3333333333333333,0.4862285616531663,1.0,0,0.0,6.87102557051966e-05,False,False,False,1
feature_078,1,0.3333333333333333,0.4601151684674207,1.0,0,0.0,-5.082729109825218e-05,False,False,False,1
feature_116,1,0.3333333333333333,0.4453867753830425,1.0,0,0.0,-0.00030866447865889046,False,False,False,1
feature_213,1,0.3333333333333333,0.4447131374180528,1.0,0,0.0,0.00045737697991499415,False,False,False,1
feature_269,1,0.3333333333333333,0.44019618614060124,1.0,0,0.0,0.0005434905498584672,False,False,False,1
feature_145,1,0.3333333333333333,0.4335742954797077,1.0,0,0.0,-0.0004603524921218459,False,False,False,1
feature_056,1,0.3333333333333333,0.4182255334696939,1.0,0,0.0,-0.0003582134963057958,False,False,False,1
feature_009,1,0.3333333333333333,0.41662059363531956,1.0,0,0.0,-0.0006374996506617911,False,False,False,1
feature_133,1,0.3333333333333333,0.4117752037922637,1.0,0,0.0,-0.0003661502938805536,False,False,False,1
feature_081,1,0.3333333333333333,0.4100697462285547,1.0,0,0.0,-0.0008024875555961183,False,False,False,1
feature_476,1,0.3333333333333333,0.40981157174703703,1.0,0,0.0,0.004144011246331197,False,False,False,1
feature_060,1,0.3333333333333333,0.40830539333301674,1.0,0,0.0,-5.953656499664947e-05,False,False,False,1
feature_333,1,0.3333333333333333,0.4048167097657889,1.0,0,0.0,0.00023307515112169853,False,False,False,1
feature_021,0,0.0,0.401364785864855,1.0,1,0.3333333333333333,0.012905755380748271,False,False,False,1
feature_305,1,0.3333333333333333,0.3891825443666231,1.0,0,0.0,1.7865163455347648e-06,False,False,False,1
feature_407,1,0.3333333333333333,0.3349301356368659,0.6666666666666667,0,0.0,-0.0003291988770188137,False,False,False,1
feature_341,0,0.0,0.33334754025554747,1.0,1,0.3333333333333333,0.0019764964939567907,False,False,False,1
feature_419,1,0.3333333333333333,0.30993359322649394,1.0,0,0.0,0.0006509214001452367,False,False,False,1
feature_014,0,0.0,0.29218449239783284,1.0,1,0.3333333333333333,0.0006156236735585858,False,False,False,1
feature_270,0,0.0,0.2861344444278107,1.0,1,0.3333333333333333,0.009932768772762056,False,False,False,1
feature_218,0,0.0,0.28518252512877984,1.0,1,0.3333333333333333,0.011929102686025948,False,False,False,1
feature_126,1,0.3333333333333333,0.2771646579822177,0.6666666666666666,0,0.0,-0.0004171474355452014,False,False,False,1
feature_431,0,0.0,0.2697980718539598,1.0,1,0.3333333333333333,0.00029326541959465467,False,False,False,1
feature_309,0,0.0,0.24833546232855852,1.0,1,0.3333333333333333,-0.0008928430244563732,False,False,False,1
feature_544,1,0.3333333333333333,0.2367915188590386,0.6666666666666667,0,0.0,-0.0002696756824615519,False,False,False,1
feature_345,1,0.3333333333333333,0.2348056204065929,1.0,0,0.0,3.0317759628488585e-05,False,False,False,1
feature_573,0,0.0,0.23038940181069878,1.0,1,0.3333333333333333,0.0007052346389662037,False,False,False,1
feature_351,0,0.0,0.21273025946376653,1.0,1,0.3333333333333333,0.0006322831810574187,False,False,False,1
feature_175,0,0.0,0.2091420888438101,1.0,1,0.3333333333333333,0.006381911722672387,False,False,False,1
feature_446,0,0.0,0.20028974674154554,1.0,1,0.3333333333333333,0.008344040251330525,False,False,False,1
feature_037,1,0.3333333333333333,0.19915098273822118,1.0,0,0.0,-0.0005504522189142108,False,False,False,1
feature_589,0,0.0,0.19856440996615335,0.6666666666666666,1,0.3333333333333333,0.0013059015027547772,False,False,False,1
feature_250,0,0.0,0.1946206773446292,1.0,1,0.3333333333333333,0.0003679299984066735,False,False,False,1
feature_131,0,0.0,0.19194580722505292,1.0,1,0.3333333333333333,0.012996006647065845,False,False,False,1
feature_456,0,0.0,0.18671947473843906,1.0,1,0.3333333333333333,0.012031132019545886,False,False,False,1
feature_107,0,0.0,0.18243227905674805,0.6666666666666666,1,0.3333333333333333,0.00043590404389568264,False,False,False,1
feature_252,0,0.0,0.18134529683214443,1.0,1,0.3333333333333333,0.00935445456846922,False,False,False,1
feature_114,1,0.3333333333333333,0.1736657099992838,0.6666666666666667,0,0.0,1.3180539393372542e-05,False,False,False,1
feature_390,0,0.0,0.16137144539392576,0.6666666666666667,1,0.3333333333333333,0.0005519813935051697,False,False,False,1
feature_001,0,0.0,0.15989325616282982,0.6666666666666667,1,0.3333333333333333,0.01142951202139604,False,False,False,1
feature_490,0,0.0,0.158932516959151,1.0,1,0.3333333333333333,0.013520853085124929,False,False,False,1
feature_278,0,0.0,0.15868001413585014,1.0,1,0.3333333333333333,-0.0005686154611378377,False,False,False,1
feature_112,1,0.3333333333333333,0.1464960846350286,1.0,0,0.0,-0.00032357803753091,False,False,False,1
feature_202,0,0.0,0.14600516863939628,0.6666666666666667,1,0.3333333333333333,-0.00227157789049826,False,False,False,1
feature_308,0,0.0,0.11950048866319692,1.0,1,0.3333333333333333,0.0005547830110089878,False,False,False,1
feature_418,0,0.0,0.10965691683611413,1.0,1,0.3333333333333333,0.0006608731960329284,False,False,False,1
feature_392,0,0.0,0.10932905952782862,1.0,1,0.3333333333333333,0.0005556535408595255,False,False,False,1
feature_135,0,0.0,0.10017627663559742,1.0,1,0.3333333333333333,0.010720005693807759,False,False,False,1
feature_434,0,0.0,0.09067069864112982,1.0,1,0.3333333333333333,0.0010309495023483482,False,False,False,1
feature_519,0,0.0,0.08966465176897138,1.0,1,0.3333333333333333,0.009731481823784579,False,False,False,1
feature_539,0,0.0,0.08851988168838058,1.0,1,0.3333333333333333,0.008182326700702222,False,False,False,1
feature_443,0,0.0,0.08703099797855825,1.0,1,0.3333333333333333,-0.002302337299070706,False,False,False,1
feature_125,0,0.0,0.08031050171157755,1.0,1,0.3333333333333333,0.004640583761261147,False,False,False,1
feature_437,0,0.0,0.07842808069211049,1.0,1,0.3333333333333333,0.01265950068667017,False,False,False,1
feature_152,0,0.0,0.07469890019578164,0.6666666666666667,1,0.3333333333333333,-0.0005970140072630827,False,False,False,1
feature_031,0,0.0,0.07129312329069264,0.6666666666666667,1,0.3333333333333333,0.006189856132109429,False,False,False,1
feature_584,0,0.0,0.0535557509985325,0.6666666666666666,1,0.3333333333333333,0.00018095841917187272,False,False,False,1
feature_445,0,0.0,0.050312368863617285,1.0,1,0.3333333333333333,-0.0012106005362045198,False,False,False,1
feature_166,0,0.0,0.043225940933313174,0.6666666666666666,1,0.3333333333333333,0.00840529254366525,False,False,False,1
feature_525,0,0.0,0.03995436195476101,1.0,1,0.3333333333333333,0.005003009031366419,False,False,False,1
feature_421,0,0.0,0.031661555899593526,0.6666666666666667,1,0.3333333333333333,0.00010668224710187898,False,False,False,1
feature_561,0,0.0,0.030731818384594684,0.6666666666666666,1,0.3333333333333333,0.004611952169973644,False,False,False,1
feature_010,0,0.0,0.024513515715338764,0.6666666666666667,1,0.3333333333333333,-5.7646513897443e-05,False,False,False,1
feature_151,0,0.0,0.022469971672829863,0.6666666666666666,1,0.3333333333333333,0.001351708487550932,False,False,False,1
feature_424,0,0.0,0.01237765848924527,0.6666666666666667,1,0.3333333333333333,0.013817803728099437,False,False,False,1
feature_109,0,0.0,0.5761367475589437,1.0,0,0.0,-4.924131218624216e-05,False,False,False,0
feature_358,0,0.0,0.5067061895404132,1.0,0,0.0,1.2937798059765552e-05,False,False,False,0
feature_085,0,0.0,0.4754750341757974,1.0,0,0.0,-1.0999298208443241e-06,False,False,False,0
feature_064,0,0.0,0.43337406485067514,1.0,0,0.0,0.0007127801470786665,False,False,False,0
feature_020,0,0.0,0.4142842667470498,1.0,0,0.0,-0.000561166898033684,False,False,False,0
feature_214,0,0.0,0.4029399541213799,1.0,0,0.0,0.00035320546552720006,False,False,False,0
feature_155,0,0.0,0.39355754043641417,1.0,0,0.0,-0.00011638139633210014,False,False,False,0
feature_344,0,0.0,0.3908957830473991,1.0,0,0.0,-0.000766879406244153,False,False,False,0
feature_303,0,0.0,0.3767608356881347,1.0,0,0.0,0.0006204923991421032,False,False,False,0
feature_365,0,0.0,0.3645932149742925,1.0,0,0.0,-0.00011656655038243487,False,False,False,0
feature_477,0,0.0,0.3554040539889223,1.0,0,0.0,-0.006815874552586798,False,False,False,0
feature_474,0,0.0,0.35479726374246284,1.0,0,0.0,0.0003841649408963625,False,False,False,0
feature_352,0,0.0,0.3519560719592683,1.0,0,0.0,-0.0011132106313217413,False,False,False,0
feature_469,0,0.0,0.3404161423181494,1.0,0,0.0,-6.090200102041449e-05,False,False,False,0
feature_566,0,0.0,0.33583368774969985,1.0,0,0.0,-0.000216406483481107,False,False,False,0
feature_038,0,0.0,0.3354970899206468,1.0,0,0.0,-0.0003329969287631541,False,False,False,0
feature_335,0,0.0,0.3339234337658885,1.0,0,0.0,-6.047000781179901e-05,False,False,False,0
feature_011,0,0.0,0.32918586588097737,1.0,0,0.0,0.0006737175440408915,False,False,False,0
feature_488,0,0.0,0.32884023208622243,0.6666666666666667,0,0.0,-0.0005909082088701607,False,False,False,0
feature_277,0,0.0,0.3234115102340723,0.6666666666666666,0,0.0,0.0007357032136295327,False,False,False,0
feature_062,0,0.0,0.32143857246272206,1.0,0,0.0,-0.00033361459659608333,False,False,False,0
feature_563,0,0.0,0.3197820366084278,1.0,0,0.0,0.0039669263889460646,False,False,False,0
feature_428,0,0.0,0.3183873977828044,1.0,0,0.0,-0.00018776643558557888,False,False,False,0
feature_117,0,0.0,0.31576228293427167,1.0,0,0.0,-5.804235966490863e-05,False,False,False,0
feature_108,0,0.0,0.31219587378137,1.0,0,0.0,0.00020533997786790193,False,False,False,0
feature_124,0,0.0,0.30986081829185924,1.0,0,0.0,0.0002367810505575658,False,False,False,0
feature_473,0,0.0,0.3075986050829726,0.6666666666666666,0,0.0,0.000582458766210626,False,False,False,0
feature_091,0,0.0,0.3041941642657192,1.0,0,0.0,-0.0006368243578510539,False,False,False,0
feature_518,0,0.0,0.30319332787983766,1.0,0,0.0,0.0,False,False,False,0
feature_246,0,0.0,0.302050825659529,1.0,0,0.0,-0.00012138447308906237,False,False,False,0
feature_438,0,0.0,0.300748564375299,1.0,0,0.0,0.00044095662064779477,False,False,False,0
feature_090,0,0.0,0.3002856217382866,1.0,0,0.0,-7.606554179946042e-05,False,False,False,0
feature_168,0,0.0,0.2991351523809456,1.0,0,0.0,0.00019891622825288997,False,False,False,0
feature_275,0,0.0,0.2948551087785947,1.0,0,0.0,0.0002136662307957618,False,False,False,0
feature_485,0,0.0,0.29379061872534007,1.0,0,0.0,-0.0009083129772225743,False,False,False,0
feature_007,0,0.0,0.292810835347809,1.0,0,0.0,0.0007168362761015051,False,False,False,0
feature_292,0,0.0,0.29221251235032336,1.0,0,0.0,-0.0001093128421533196,False,False,False,0
feature_386,0,0.0,0.29089743667166923,1.0,0,0.0,-0.0016507301100490562,False,False,False,0
feature_486,0,0.0,0.28984257646969025,1.0,0,0.0,0.006305767793511369,False,False,False,0
feature_004,0,0.0,0.28550916838729473,1.0,0,0.0,-0.0008009587566167759,False,False,False,0
feature_048,0,0.0,0.2842540179285717,1.0,0,0.0,-0.003335765380506696,False,False,False,0
feature_497,0,0.0,0.2799725356297811,0.6666666666666667,0,0.0,0.00018869297527110884,False,False,False,0
feature_441,0,0.0,0.27917418424748563,1.0,0,0.0,-0.0003450944653167877,False,False,False,0
feature_101,0,0.0,0.2762695194723855,1.0,0,0.0,-0.0004438901250005678,False,False,False,0
feature_055,0,0.0,0.27556857752121006,1.0,0,0.0,-0.00039467528609253414,False,False,False,0
feature_130,0,0.0,0.27555258089372764,0.6666666666666666,0,0.0,-0.0010554018968169886,False,False,False,0
feature_167,0,0.0,0.2751334545260719,1.0,0,0.0,0.0003282478427919018,False,False,False,0
feature_388,0,0.0,0.27465611441504906,0.6666666666666666,0,0.0,2.225187161898623e-06,False,False,False,0
feature_577,0,0.0,0.27407372468456437,1.0,0,0.0,0.0035558616489473997,False,False,False,0
feature_346,0,0.0,0.27407120673220847,1.0,0,0.0,-0.0001696589328941084,False,False,False,0
feature_366,0,0.0,0.27287570744359896,1.0,0,0.0,0.0044050282124793875,False,False,False,0
feature_067,0,0.0,0.2667989409827031,1.0,0,0.0,0.000369846579393224,False,False,False,0
feature_053,0,0.0,0.26611223905959247,1.0,0,0.0,7.311731234339251e-05,False,False,False,0
feature_061,0,0.0,0.2653191668862534,0.6666666666666666,0,0.0,0.000748786127846403,False,False,False,0
feature_087,0,0.0,0.2643967342753825,0.6666666666666667,0,0.0,-0.0007118246357536079,False,False,False,0
feature_076,0,0.0,0.2622403709441268,1.0,0,0.0,-0.0018984234148055861,False,False,False,0
feature_423,0,0.0,0.2613999772986007,0.6666666666666666,0,0.0,-7.868601233455457e-05,False,False,False,0
feature_295,0,0.0,0.26126820518852506,1.0,0,0.0,-0.0002475883529112226,False,False,False,0
feature_199,0,0.0,0.26112257619892926,1.0,0,0.0,-0.0014301288674664408,False,False,False,0
feature_225,0,0.0,0.2598340898002,1.0,0,0.0,0.001318308310087749,False,False,False,0
feature_032,0,0.0,0.2598115138845793,1.0,0,0.0,-0.0015189558808328927,False,False,False,0
feature_041,0,0.0,0.2583797371582564,0.6666666666666667,0,0.0,-0.0006408789627200309,False,False,False,0
feature_057,0,0.0,0.2548711249865416,1.0,0,0.0,0.00015146987024018446,False,False,False,0
feature_181,0,0.0,0.2530398809645594,1.0,0,0.0,-4.805491759349915e-05,False,False,False,0
feature_160,0,0.0,0.2515699515098259,1.0,0,0.0,0.0005703841835287803,False,False,False,0
feature_210,0,0.0,0.2515537715171854,1.0,0,0.0,-0.0007320298921108681,False,False,False,0
feature_460,0,0.0,0.2508678429290589,1.0,0,0.0,-0.00016715629702711364,False,False,False,0
feature_302,0,0.0,0.2504787605188383,0.6666666666666666,0,0.0,-0.00045760781823073193,False,False,False,0
feature_522,0,0.0,0.2497184559050234,1.0,0,0.0,-0.001187586611891309,False,False,False,0
feature_354,0,0.0,0.2492970434127062,1.0,0,0.0,-0.00046847434298116384,False,False,False,0
feature_307,0,0.0,0.24810128259630626,1.0,0,0.0,-0.004444444948560092,False,False,False,0
feature_170,0,0.0,0.24631347509237175,1.0,0,0.0,-0.00041046571143592666,False,False,False,0
feature_350,0,0.0,0.24538485412104757,1.0,0,0.0,-7.223421569612426e-05,False,False,False,0
feature_161,0,0.0,0.24477780486921286,1.0,0,0.0,-0.00029411664249739337,False,False,False,0
feature_271,0,0.0,0.24093876212111606,1.0,0,0.0,-0.0003100034908180352,False,False,False,0
feature_332,0,0.0,0.24044698288479305,1.0,0,0.0,0.00010521859280140238,False,False,False,0
feature_471,0,0.0,0.24039850599312332,0.6666666666666667,0,0.0,-2.383389672802755e-05,False,False,False,0
feature_248,0,0.0,0.23895395465894684,1.0,0,0.0,5.866766406462879e-05,False,False,False,0
feature_453,0,0.0,0.23725119646794965,1.0,0,0.0,-0.00010817696455624041,False,False,False,0
feature_389,0,0.0,0.23635618133083505,0.6666666666666667,0,0.0,-0.00031508718303800465,False,False,False,0
feature_500,0,0.0,0.2354769730505716,1.0,0,0.0,-0.0008465526757966227,False,False,False,0
feature_157,0,0.0,0.23383790364995974,1.0,0,0.0,-0.00012710335338243938,False,False,False,0
feature_083,0,0.0,0.2336518986736803,0.6666666666666667,0,0.0,-0.00037705660131728434,False,False,False,0
feature_523,0,0.0,0.23340979074734367,0.6666666666666667,0,0.0,-0.0017167103244329828,False,False,False,0
feature_349,0,0.0,0.23308399895899268,1.0,0,0.0,-0.0007754690619184026,False,False,False,0
feature_582,0,0.0,0.23306322476463437,0.6666666666666667,0,0.0,-0.00015495869688696924,False,False,False,0
feature_165,0,0.0,0.23212574089249075,1.0,0,0.0,0.0004667457119577781,False,False,False,0
feature_520,0,0.0,0.2288595677232572,1.0,0,0.0,-0.0011630798393686668,False,False,False,0
feature_338,0,0.0,0.2282254264968624,1.0,0,0.0,-0.0006160703045269286,False,False,False,0
feature_104,0,0.0,0.22668220464117525,1.0,0,0.0,1.650025196384438e-05,False,False,False,0
feature_150,0,0.0,0.22536631960058742,0.6666666666666666,0,0.0,-0.0005301550156946629,False,False,False,0
feature_555,0,0.0,0.22093976410378768,1.0,0,0.0,-0.0005231250457487351,False,False,False,0
feature_487,0,0.0,0.21926387953819462,0.6666666666666667,0,0.0,-0.0002723305754757015,False,False,False,0
feature_586,0,0.0,0.2156092230330803,1.0,0,0.0,-0.00042149238729028175,False,False,False,0
feature_279,0,0.0,0.21505416072515213,1.0,0,0.0,-0.00023872243717655483,False,False,False,0
feature_044,0,0.0,0.21384636098730117,1.0,0,0.0,-0.0009413379160512677,False,False,False,0
feature_028,0,0.0,0.2123860796383964,1.0,0,0.0,0.0006234651485864493,False,False,False,0
feature_022,0,0.0,0.21228275413223652,1.0,0,0.0,0.003544300700151163,False,False,False,0
feature_316,0,0.0,0.21063975548841843,1.0,0,0.0,-0.0006957431476541676,False,False,False,0
feature_128,0,0.0,0.21012612762883068,1.0,0,0.0,0.0037730433498392624,False,False,False,0
feature_024,0,0.0,0.2096096423076216,0.6666666666666667,0,0.0,8.235376182529297e-05,False,False,False,0
feature_058,0,0.0,0.20725207408128724,0.6666666666666666,0,0.0,-0.0006016756841206296,False,False,False,0
feature_300,0,0.0,0.20689494857207094,1.0,0,0.0,0.0003484958536044475,False,False,False,0
feature_079,0,0.0,0.2062754582022183,0.6666666666666667,0,0.0,-0.002953405301178937,False,False,False,0
feature_547,0,0.0,0.20235550757992157,1.0,0,0.0,-0.00020725334017485572,False,False,False,0
feature_204,0,0.0,0.20198831599160327,1.0,0,0.0,-0.00016011258947607834,False,False,False,0
feature_045,0,0.0,0.2019508780776641,1.0,0,0.0,-0.0016045156423148525,False,False,False,0
feature_348,0,0.0,0.20082791640351835,0.6666666666666666,0,0.0,-0.001102434466911243,False,False,False,0
feature_317,0,0.0,0.20074911706242568,1.0,0,0.0,-0.0002154130392275471,False,False,False,0
feature_164,0,0.0,0.1995532371515377,1.0,0,0.0,-1.360212927141367e-05,False,False,False,0
feature_382,0,0.0,0.19938270602859434,1.0,0,0.0,-0.00014309478928699096,False,False,False,0
feature_299,0,0.0,0.1993782122977397,1.0,0,0.0,-0.00029157020022760094,False,False,False,0
feature_046,0,0.0,0.1973817083285121,1.0,0,0.0,0.003910339726423867,False,False,False,0
feature_127,0,0.0,0.19663593312128022,1.0,0,0.0,0.001338387293950463,False,False,False,0
feature_035,0,0.0,0.19503032916233512,1.0,0,0.0,0.004431153952553424,False,False,False,0
feature_119,0,0.0,0.19398569645691663,0.6666666666666667,0,0.0,5.97830515876701e-05,False,False,False,0
feature_144,0,0.0,0.1939798345643662,1.0,0,0.0,0.0032346935778735423,False,False,False,0
feature_071,0,0.0,0.1929746177702807,1.0,0,0.0,-0.0005329249167023207,False,False,False,0
feature_340,0,0.0,0.18855274193840912,1.0,0,0.0,-5.2919158416178375e-05,False,False,False,0
feature_417,0,0.0,0.18723034908869507,1.0,0,0.0,0.005876581824686568,False,False,False,0
feature_070,0,0.0,0.18638357176562467,1.0,0,0.0,0.0003252803873487413,False,False,False,0
feature_134,0,0.0,0.1841735305004779,0.6666666666666666,0,0.0,-2.991091778653841e-05,False,False,False,0
feature_467,0,0.0,0.183039103578193,1.0,0,0.0,-0.00037298803079846647,False,False,False,0
feature_100,0,0.0,0.18251166218630435,0.6666666666666667,0,0.0,0.004147442570745371,False,False,False,0
feature_558,0,0.0,0.18192142697092847,1.0,0,0.0,-0.0006628656523683648,False,False,False,0
feature_080,0,0.0,0.17970794594684927,1.0,0,0.0,0.00022758559818876942,False,False,False,0
feature_036,0,0.0,0.17936446677963358,1.0,0,0.0,-0.001215333105298317,False,False,False,0
feature_034,0,0.0,0.17935508786427146,1.0,0,0.0,-1.588931466293734e-05,False,False,False,0
feature_489,0,0.0,0.17878793332078735,0.6666666666666667,0,0.0,0.00032235723945224504,False,False,False,0
feature_162,0,0.0,0.17735565000781559,1.0,0,0.0,0.0002987123192698054,False,False,False,0
feature_224,0,0.0,0.17658065482104135,1.0,0,0.0,-3.574155246641174e-06,False,False,False,0
feature_377,0,0.0,0.17646102364423344,0.6666666666666666,0,0.0,-0.005154789928554352,False,False,False,0
feature_122,0,0.0,0.1761123138753202,1.0,0,0.0,-0.0010552369724565484,False,False,False,0
feature_068,0,0.0,0.1754364494011298,0.6666666666666667,0,0.0,-0.0003548404107643583,False,False,False,0
feature_412,0,0.0,0.174397899557866,1.0,0,0.0,0.00043062749819040765,False,False,False,0
feature_254,0,0.0,0.17397967230461023,1.0,0,0.0,0.0002188353340351419,False,False,False,0
feature_385,0,0.0,0.17371423822467916,0.6666666666666667,0,0.0,-0.00041173215667713063,False,False,False,0
feature_118,0,0.0,0.17078816099911687,0.6666666666666667,0,0.0,-0.002251531832989923,False,False,False,0
feature_173,0,0.0,0.17015450893960135,1.0,0,0.0,0.0004671299485812866,False,False,False,0
feature_331,0,0.0,0.16894607419614563,1.0,0,0.0,-8.295807510107839e-05,False,False,False,0
feature_493,0,0.0,0.1684825012960847,1.0,0,0.0,-0.00048661974084622295,False,False,False,0
feature_195,0,0.0,0.16822236100111457,1.0,0,0.0,-0.00040716247370126677,False,False,False,0
feature_524,0,0.0,0.16791116881459767,1.0,0,0.0,0.00044830119377521085,False,False,False,0
feature_018,0,0.0,0.1670413225585731,1.0,0,0.0,-1.6870327709157475e-05,False,False,False,0
feature_099,0,0.0,0.16667396940525406,1.0,0,0.0,0.00017621461613971968,False,False,False,0
feature_025,0,0.0,0.1655757624541084,1.0,0,0.0,0.000685801132894139,False,False,False,0
feature_542,0,0.0,0.16528236259021267,1.0,0,0.0,0.0001357247802706435,False,False,False,0
feature_094,0,0.0,0.16487651668380246,1.0,0,0.0,-7.87447813364903e-05,False,False,False,0
feature_499,0,0.0,0.16473013740712486,0.6666666666666667,0,0.0,0.00026021527387693925,False,False,False,0
feature_355,0,0.0,0.16467217021974426,1.0,0,0.0,0.0004757843925286122,False,False,False,0
feature_017,0,0.0,0.16443403101860285,0.6666666666666666,0,0.0,-0.0007316997872836257,False,False,False,0
feature_526,0,0.0,0.1642358031992803,1.0,0,0.0,8.236813210314564e-05,False,False,False,0
feature_077,0,0.0,0.163338980174382,0.6666666666666666,0,0.0,-1.927527229641914e-05,False,False,False,0
feature_142,0,0.0,0.16151592640481593,1.0,0,0.0,0.00010517306196443906,False,False,False,0
feature_517,0,0.0,0.16131311572797521,1.0,0,0.0,-9.730665311259249e-06,False,False,False,0
feature_272,0,0.0,0.1607974326373968,0.6666666666666667,0,0.0,0.00010018755867734826,False,False,False,0
feature_082,0,0.0,0.15938490030351812,0.6666666666666666,0,0.0,0.0001894662100351606,False,False,False,0
feature_553,0,0.0,0.15834467368629448,0.6666666666666667,0,0.0,-5.610072590267313e-05,False,False,False,0
feature_196,0,0.0,0.15758987616300535,0.6666666666666667,0,0.0,-0.0016042323025565958,False,False,False,0
feature_245,0,0.0,0.15732677028751912,1.0,0,0.0,-6.188581599803993e-05,False,False,False,0
feature_296,0,0.0,0.1571948266720833,1.0,0,0.0,0.00015601082972355648,False,False,False,0
feature_439,0,0.0,0.1556573946558171,0.6666666666666667,0,0.0,0.0001892824547812926,False,False,False,0
feature_120,0,0.0,0.15481985429980671,0.6666666666666666,0,0.0,-0.002836506962043009,False,False,False,0
feature_576,0,0.0,0.15271860563158926,1.0,0,0.0,-0.0002469814087757612,False,False,False,0
feature_072,0,0.0,0.1523998946263144,1.0,0,0.0,0.00042168949329109763,False,False,False,0
feature_475,0,0.0,0.14775332926809695,0.6666666666666667,0,0.0,2.0312079978155224e-05,False,False,False,0
feature_426,0,0.0,0.14734970264736916,1.0,0,0.0,-0.00048216578517036823,False,False,False,0
feature_027,0,0.0,0.14583796448097197,1.0,0,0.0,5.721243458921434e-06,False,False,False,0
feature_548,0,0.0,0.1458124694651723,0.6666666666666666,0,0.0,-0.000659525691148324,False,False,False,0
feature_549,0,0.0,0.14512917453523574,0.6666666666666666,0,0.0,0.0001105358380662456,False,False,False,0
feature_393,0,0.0,0.14419739830360645,1.0,0,0.0,-0.0005546465902905014,False,False,False,0
feature_546,0,0.0,0.14293550275964548,1.0,0,0.0,-0.00031443894298917226,False,False,False,0
feature_571,0,0.0,0.14293517099202732,0.6666666666666667,0,0.0,-2.1782677957497527e-05,False,False,False,0
feature_430,0,0.0,0.14255840999437772,1.0,0,0.0,0.00038296412059541204,False,False,False,0
feature_444,0,0.0,0.14034601776784578,1.0,0,0.0,-0.00043049317390565556,False,False,False,0
feature_221,0,0.0,0.14013445851661108,1.0,0,0.0,0.0043335974566900805,False,False,False,0
feature_368,0,0.0,0.13993188414003552,1.0,0,0.0,0.003935027951813337,False,False,False,0
feature_203,0,0.0,0.13990100539379294,0.6666666666666667,0,0.0,-0.0007650106609531515,False,False,False,0
feature_051,0,0.0,0.13966950576203796,1.0,0,0.0,-0.001441601998327032,False,False,False,0
feature_560,0,0.0,0.13908503773587708,1.0,0,0.0,-0.00022154851091517636,False,False,False,0
feature_019,0,0.0,0.13882269462024263,1.0,0,0.0,-0.00021473163149485607,False,False,False,0
feature_304,0,0.0,0.13814684276424882,0.6666666666666666,0,0.0,-0.00021958845316876537,False,False,False,0
feature_483,0,0.0,0.13761306823181135,0.6666666666666666,0,0.0,0.003300510850202762,False,False,False,0
feature_282,0,0.0,0.13732695840870165,0.6666666666666666,0,0.0,-0.0009193632183196796,False,False,False,0
feature_587,0,0.0,0.13701867900650033,1.0,0,0.0,-0.000527109244485112,False,False,False,0
feature_247,0,0.0,0.13675741773931163,1.0,0,0.0,0.00025224415085411885,False,False,False,0
feature_268,0,0.0,0.13614450971744443,1.0,0,0.0,0.0002816060255562491,False,False,False,0
feature_540,0,0.0,0.13472687612132508,1.0,0,0.0,-0.00036282664967171433,False,False,False,0
feature_415,0,0.0,0.13386269692904565,0.6666666666666667,0,0.0,0.0002470710426253307,False,False,False,0
feature_319,0,0.0,0.13360296395381574,1.0,0,0.0,4.505671339351565e-05,False,False,False,0
feature_452,0,0.0,0.1322376447284386,1.0,0,0.0,-0.0002544528744164057,False,False,False,0
feature_003,0,0.0,0.1320339108316149,1.0,0,0.0,6.854373787418574e-05,False,False,False,0
feature_495,0,0.0,0.13130614437155755,0.6666666666666667,0,0.0,0.0003737765346041434,False,False,False,0
feature_440,0,0.0,0.1312696655224244,1.0,0,0.0,-0.0004227148177370485,False,False,False,0
feature_457,0,0.0,0.12991639011168266,1.0,0,0.0,0.0002804406313058647,False,False,False,0
feature_015,0,0.0,0.12967406115003496,0.6666666666666667,0,0.0,-0.0009033650000431723,False,False,False,0
feature_339,0,0.0,0.12897785903155964,1.0,0,0.0,8.278064322191544e-06,False,False,False,0
feature_448,0,0.0,0.12839373506352258,1.0,0,0.0,-0.00022607828859355866,False,False,False,0
feature_408,0,0.0,0.12746169606279498,1.0,0,0.0,0.0034439009152918113,False,False,False,0
feature_180,0,0.0,0.12642372420659118,1.0,0,0.0,-0.0003801038275308136,False,False,False,0
feature_494,0,0.0,0.126246681812337,0.6666666666666667,0,0.0,-0.000801803777356321,False,False,False,0
feature_158,0,0.0,0.12600997116974907,1.0,0,0.0,7.434916598823684e-06,False,False,False,0
feature_554,0,0.0,0.1255506433127921,1.0,0,0.0,-0.0004097812369983417,False,False,False,0
feature_545,0,0.0,0.1253114256696974,1.0,0,0.0,-6.123848716441116e-06,False,False,False,0
feature_033,0,0.0,0.12523662541090444,1.0,0,0.0,0.00016467300906220956,False,False,False,0
feature_406,0,0.0,0.1250513095028218,1.0,0,0.0,-0.0002776288095950303,False,False,False,0
feature_012,0,0.0,0.12382553899780745,1.0,0,0.0,-0.0007410769673214432,False,False,False,0
feature_455,0,0.0,0.12336770634415102,0.6666666666666666,0,0.0,-0.0003677165042440448,False,False,False,0
feature_006,0,0.0,0.12336301197879178,1.0,0,0.0,-0.0005021503003149571,False,False,False,0
feature_146,0,0.0,0.12239925384612908,1.0,0,0.0,-0.0017569053134708617,False,False,False,0
feature_156,0,0.0,0.11983962411857361,1.0,0,0.0,0.0006326121424272867,False,False,False,0
feature_425,0,0.0,0.11732174558810683,0.6666666666666667,0,0.0,-0.00022721643580028865,False,False,False,0
feature_569,0,0.0,0.11681227747533574,1.0,0,0.0,-0.0006339736246880126,False,False,False,0
feature_568,0,0.0,0.11662247995539841,1.0,0,0.0,-0.00023092636669133022,False,False,False,0
feature_361,0,0.0,0.11587607266295147,1.0,0,0.0,0.004893320269152524,False,False,False,0
feature_121,0,0.0,0.11513818108342534,0.6666666666666666,0,0.0,-0.000531781817216235,False,False,False,0
feature_106,0,0.0,0.11404759470027581,0.6666666666666666,0,0.0,0.0037253507608598544,False,False,False,0
feature_153,0,0.0,0.11374433263881423,1.0,0,0.0,-0.0012145238702911244,False,False,False,0
feature_285,0,0.0,0.11373224410700396,1.0,0,0.0,0.0001314564447981286,False,False,False,0
feature_552,0,0.0,0.11372662567432863,0.6666666666666666,0,0.0,-0.0005184619964975645,False,False,False,0
feature_143,0,0.0,0.1136350032370738,0.6666666666666667,0,0.0,-0.0004467016775992676,False,False,False,0
feature_480,0,0.0,0.11312170538387445,0.6666666666666666,0,0.0,0.005159583995553192,False,False,False,0
feature_177,0,0.0,0.1123568753956386,1.0,0,0.0,-0.0005307188804205869,False,False,False,0
feature_183,0,0.0,0.11123511804330677,0.6666666666666666,0,0.0,0.0001306601506201044,False,False,False,0
feature_138,0,0.0,0.11102945637409556,1.0,0,0.0,-0.0007560799677763119,False,False,False,0
feature_169,0,0.0,0.11011757202646567,0.6666666666666666,0,0.0,9.070802949038882e-05,False,False,False,0
feature_357,0,0.0,0.1085091242193678,0.6666666666666667,0,0.0,-0.0004795540791294554,False,False,False,0
feature_030,0,0.0,0.10825898653138932,0.6666666666666667,0,0.0,-0.000991333257918661,False,False,False,0
feature_110,0,0.0,0.10789846359592115,1.0,0,0.0,0.0,False,False,False,0
feature_147,0,0.0,0.10781415963901152,0.6666666666666666,0,0.0,0.00012684370526433453,False,False,False,0
feature_367,0,0.0,0.10755740070831617,0.6666666666666667,0,0.0,-0.00010393915595171878,False,False,False,0
feature_543,0,0.0,0.10736881277898476,1.0,0,0.0,-3.482245620464267e-05,False,False,False,0
feature_274,0,0.0,0.10623127801515932,1.0,0,0.0,-0.0013304283700397417,False,False,False,0
feature_063,0,0.0,0.10540938063390087,0.6666666666666666,0,0.0,-0.00025628543167076904,False,False,False,0
feature_111,0,0.0,0.10439015169596266,1.0,0,0.0,8.851301608279322e-05,False,False,False,0
feature_217,0,0.0,0.1042212056423769,0.6666666666666666,0,0.0,-0.0010085247193091884,False,False,False,0
feature_095,0,0.0,0.10416870097312113,1.0,0,0.0,-8.377340041412079e-05,False,False,False,0
feature_065,0,0.0,0.10389220858655994,1.0,0,0.0,2.9133574702582416e-05,False,False,False,0
feature_239,0,0.0,0.10270638047022178,0.6666666666666666,0,0.0,0.00041656977790376315,False,False,False,0
feature_484,0,0.0,0.10168921595921236,0.6666666666666667,0,0.0,0.00036320017332990164,False,False,False,0
feature_429,0,0.0,0.09999949948318336,1.0,0,0.0,-0.002911852971730975,False,False,False,0
feature_286,0,0.0,0.09936539820141467,0.6666666666666666,0,0.0,0.007607787291393942,False,False,False,0
feature_557,0,0.0,0.09843027888495791,0.6666666666666666,0,0.0,5.778805270472638e-05,False,False,False,0
feature_222,0,0.0,0.09828855950770876,0.6666666666666667,0,0.0,0.00024012228990469598,False,False,False,0
feature_054,0,0.0,0.09803180237521318,0.6666666666666667,0,0.0,0.0002617157138951231,False,False,False,0
feature_129,0,0.0,0.0976312571716959,1.0,0,0.0,-0.0005855094060545652,False,False,False,0
feature_459,0,0.0,0.09654604440173309,0.6666666666666666,0,0.0,-0.0007616600532348097,False,False,False,0
feature_360,0,0.0,0.09654009141270146,0.6666666666666667,0,0.0,-0.00043312922005965077,False,False,False,0
feature_311,0,0.0,0.09591745796528058,0.6666666666666667,0,0.0,0.0003052690498036704,False,False,False,0
feature_016,0,0.0,0.09453787658417061,0.6666666666666667,0,0.0,-0.00014601266612152767,False,False,False,0
feature_580,0,0.0,0.09374486758786936,1.0,0,0.0,0.00018714198270804402,False,False,False,0
feature_334,0,0.0,0.09304070174053769,0.6666666666666667,0,0.0,0.006463590709261824,False,False,False,0
feature_420,0,0.0,0.0925086608903904,0.6666666666666666,0,0.0,0.00041281384214751404,False,False,False,0
feature_293,0,0.0,0.0912057952322075,0.6666666666666667,0,0.0,-3.7101823070543866e-05,False,False,False,0
feature_550,0,0.0,0.09116893859589681,0.6666666666666667,0,0.0,-0.0003646435446531075,False,False,False,0
feature_353,0,0.0,0.09087011839352803,1.0,0,0.0,-0.0005255111560727768,False,False,False,0
feature_551,0,0.0,0.08949393787876547,0.6666666666666666,0,0.0,-0.0008307456626684362,False,False,False,0
feature_002,0,0.0,0.08935165599228173,0.6666666666666666,0,0.0,-0.0005589597913741962,False,False,False,0
feature_413,0,0.0,0.08930838096712966,1.0,0,0.0,-0.0002544566233592964,False,False,False,0
feature_200,0,0.0,0.08846189084486887,1.0,0,0.0,-0.0005499269170898862,False,False,False,0
feature_123,0,0.0,0.08817491696331407,0.6666666666666666,0,0.0,0.0008172268439670935,False,False,False,0
feature_411,0,0.0,0.087865761924261,0.6666666666666666,0,0.0,8.59513218257335e-05,False,False,False,0
feature_527,0,0.0,0.0877334556059964,0.6666666666666667,0,0.0,0.0005670327181923687,False,False,False,0
feature_318,0,0.0,0.08771403747303064,0.6666666666666667,0,0.0,-0.00041609875414942016,False,False,False,0
feature_267,0,0.0,0.08743716427823471,0.6666666666666667,0,0.0,-2.405365458835416e-05,False,False,False,0
feature_516,0,0.0,0.08732689941217779,1.0,0,0.0,0.0,False,False,False,0
feature_171,0,0.0,0.08698697918052851,0.6666666666666666,0,0.0,-0.0004447520511393138,False,False,False,0
feature_416,0,0.0,0.08661511367790675,0.6666666666666667,0,0.0,-0.0003927621337973615,False,False,False,0
feature_324,0,0.0,0.08634914426395668,0.6666666666666667,0,0.0,0.00019335304122767663,False,False,False,0
feature_521,0,0.0,0.08623951993059499,0.6666666666666667,0,0.0,1.0771781906217711e-05,False,False,False,0
feature_066,0,0.0,0.08613380163289652,0.6666666666666666,0,0.0,0.0002354274873052774,False,False,False,0
feature_136,0,0.0,0.08540122710163384,1.0,0,0.0,-5.261060925852401e-05,False,False,False,0
feature_570,0,0.0,0.08496194107535665,1.0,0,0.0,-0.0001471423187785381,False,False,False,0
feature_405,0,0.0,0.08439669458776732,0.6666666666666667,0,0.0,0.007195361223608438,False,False,False,0
feature_223,0,0.0,0.08414622393662845,0.6666666666666667,0,0.0,0.0005646689027979233,False,False,False,0
feature_255,0,0.0,0.08346668957833464,0.6666666666666667,0,0.0,0.00023116280459919674,False,False,False,0
feature_187,0,0.0,0.0827512498378677,0.6666666666666666,0,0.0,-5.826958735182278e-05,False,False,False,0
feature_188,0,0.0,0.08229589380096462,0.6666666666666666,0,0.0,-0.0006894444560256722,False,False,False,0
feature_273,0,0.0,0.08109111691058189,1.0,0,0.0,-0.0016269338795966805,False,False,False,0
feature_383,0,0.0,0.0802065130594473,1.0,0,0.0,-4.0197592042053804e-05,False,False,False,0
feature_029,0,0.0,0.07994454063282329,0.6666666666666666,0,0.0,-3.178127858901066e-05,False,False,False,0
feature_184,0,0.0,0.07960942798647397,0.6666666666666667,0,0.0,-0.0005760374387154074,False,False,False,0
feature_409,0,0.0,0.07822984305098964,1.0,0,0.0,-0.0005367509850063868,False,False,False,0
feature_244,0,0.0,0.07757872694793362,1.0,0,0.0,6.859350307826991e-06,False,False,False,0
feature_132,0,0.0,0.07729112580616354,0.6666666666666666,0,0.0,0.002719433422732753,False,False,False,0
feature_579,0,0.0,0.07702958594942538,1.0,0,0.0,-5.2254651010136266e-05,False,False,False,0
feature_208,0,0.0,0.07657444591346341,0.6666666666666666,0,0.0,-6.823410794793642e-05,False,False,False,0
feature_482,0,0.0,0.07642950376417008,0.6666666666666667,0,0.0,0.0010823739878187257,False,False,False,0
feature_432,0,0.0,0.07640715760388067,0.6666666666666667,0,0.0,-0.0003813452981718604,False,False,False,0
feature_581,0,0.0,0.07638282197060818,1.0,0,0.0,-0.00026851447109491213,False,False,False,0
feature_447,0,0.0,0.07586311254051176,0.6666666666666666,0,0.0,-0.00021470642741123957,False,False,False,0
feature_496,0,0.0,0.07571102602786227,0.6666666666666667,0,0.0,-0.0005078728877119421,False,False,False,0
feature_102,0,0.0,0.07567844942272434,0.6666666666666667,0,0.0,-0.0004856416253965459,False,False,False,0
feature_556,0,0.0,0.07567635123687927,0.6666666666666667,0,0.0,-0.00028155843058277284,False,False,False,0
feature_211,0,0.0,0.07491133060446319,1.0,0,0.0,-8.316059531457267e-05,False,False,False,0
feature_212,0,0.0,0.07476981561504287,0.6666666666666667,0,0.0,-0.0011757582369149048,False,False,False,0
feature_174,0,0.0,0.07391006161849394,1.0,0,0.0,0.0073716510520585275,False,False,False,0
feature_105,0,0.0,0.07379463478680066,1.0,0,0.0,0.0005623178355858171,False,False,False,0
feature_172,0,0.0,0.07227464655359027,1.0,0,0.0,0.004183426760687204,False,False,False,0
feature_176,0,0.0,0.07190967486256757,0.6666666666666666,0,0.0,-0.00021845586653638518,False,False,False,0
feature_137,0,0.0,0.07183967545256717,0.6666666666666666,0,0.0,-0.00028426321716091413,False,False,False,0
feature_306,0,0.0,0.07055103776937714,0.6666666666666667,0,0.0,0.0002802084793898042,False,False,False,0
feature_564,0,0.0,0.06966558142439429,0.6666666666666666,0,0.0,7.991439753015192e-05,False,False,False,0
feature_343,0,0.0,0.06872927545549727,0.6666666666666666,0,0.0,-0.001075804728797474,False,False,False,0
feature_298,0,0.0,0.06662455565278556,0.6666666666666667,0,0.0,1.1614495867408943e-05,False,False,False,0
feature_491,0,0.0,0.06637964099001376,0.6666666666666666,0,0.0,-0.0011356272009698913,False,False,False,0
feature_185,0,0.0,0.0661876192421093,1.0,0,0.0,0.00032652651021335285,False,False,False,0
feature_410,0,0.0,0.0657118574724383,0.6666666666666666,0,0.0,-0.0001270536640230268,False,False,False,0
feature_182,0,0.0,0.06570340337832752,1.0,0,0.0,-0.00038214204331029944,False,False,False,0
feature_287,0,0.0,0.06484681786197716,0.6666666666666667,0,0.0,-0.0014204192355515243,False,False,False,0
feature_583,0,0.0,0.06437787774334996,0.6666666666666666,0,0.0,-0.0002207114101709797,False,False,False,0
feature_290,0,0.0,0.06266649508365811,1.0,0,0.0,-0.0009696641705213144,False,False,False,0
feature_470,0,0.0,0.062358692000264775,0.6666666666666667,0,0.0,-0.0009270572676911129,False,False,False,0
feature_337,0,0.0,0.06223159898563058,0.6666666666666667,0,0.0,0.00023299583350533314,False,False,False,0
feature_040,0,0.0,0.0620653695293872,0.6666666666666667,0,0.0,-0.0006667220775516319,False,False,False,0
feature_323,0,0.0,0.06081214976680766,0.6666666666666667,0,0.0,-0.0005703211753791813,False,False,False,0
feature_575,0,0.0,0.06076904964038293,0.6666666666666667,0,0.0,-0.00028782704581858633,False,False,False,0
feature_050,0,0.0,0.059410084913154915,0.6666666666666666,0,0.0,-0.0005286751585911858,False,False,False,0
feature_098,0,0.0,0.05927221771979339,1.0,0,0.0,-9.940249917127451e-05,False,False,False,0
feature_321,0,0.0,0.0591106330718049,0.6666666666666667,0,0.0,-0.0003699150074634365,False,False,False,0
feature_093,0,0.0,0.05890130941608695,1.0,0,0.0,6.362711409968469e-07,False,False,False,0
feature_220,0,0.0,0.058433724490928096,1.0,0,0.0,-9.664780975078635e-05,False,False,False,0
feature_215,0,0.0,0.05818042788369992,0.6666666666666667,0,0.0,-0.0005857471436540754,False,False,False,0
feature_320,0,0.0,0.056291535123823455,0.6666666666666667,0,0.0,-0.00022221504560098067,False,False,False,0
feature_565,0,0.0,0.055978394155488165,1.0,0,0.0,-0.0007438249757706019,False,False,False,0
feature_084,0,0.0,0.05506639066626686,0.6666666666666666,0,0.0,-0.0002919420612793754,False,False,False,0
feature_297,0,0.0,0.05505303510259383,0.6666666666666667,0,0.0,-0.00015557443484219327,False,False,False,0
feature_159,0,0.0,0.05294709400197698,0.6666666666666666,0,0.0,-0.00033224618557114847,False,False,False,0
feature_096,0,0.0,0.05277893007535502,0.6666666666666667,0,0.0,0.00010196182009831942,False,False,False,0
feature_092,0,0.0,0.052263224543899985,1.0,0,0.0,3.66456225608442e-05,False,False,False,0
feature_312,0,0.0,0.05197204085641766,1.0,0,0.0,0.00023117724588899184,False,False,False,0
feature_454,0,0.0,0.05183227517683725,0.6666666666666666,0,0.0,-0.00019524498031297765,False,False,False,0
feature_510,0,0.0,0.05132910242281926,0.6666666666666666,0,0.0,-0.0012268736579365165,False,False,False,0
feature_442,0,0.0,0.05084583033339952,0.6666666666666667,0,0.0,3.066968403626067e-05,False,False,False,0
feature_238,0,0.0,0.0506409053756802,0.6666666666666666,0,0.0,0.00016723573452638967,False,False,False,0
feature_281,0,0.0,0.05044025765354956,0.6666666666666667,0,0.0,0.003812532982267193,False,False,False,0
feature_572,0,0.0,0.049791832611454444,1.0,0,0.0,-0.0005591408575530961,False,False,False,0
feature_291,0,0.0,0.04874661881956549,0.6666666666666667,0,0.0,-0.0005581112891093152,False,False,False,0
feature_073,0,0.0,0.0486057698448768,1.0,0,0.0,0.00018731515882361438,False,False,False,0
feature_023,0,0.0,0.04828629405247018,0.6666666666666667,0,0.0,0.0004271521519412645,False,False,False,0
feature_294,0,0.0,0.04481574305572248,0.6666666666666666,0,0.0,-4.749145434756788e-05,False,False,False,0
feature_288,0,0.0,0.044272700758934885,0.6666666666666666,0,0.0,-0.001257889515179607,False,False,False,0
feature_140,0,0.0,0.04396782493796511,1.0,0,0.0,-0.0003278094904128322,False,False,False,0
feature_585,0,0.0,0.043381876359490625,0.6666666666666666,0,0.0,-0.0006660896645252929,False,False,False,0
feature_026,0,0.0,0.04297438578945739,0.6666666666666667,0,0.0,0.00012869396835081306,False,False,False,0
feature_201,0,0.0,0.041747465001402535,1.0,0,0.0,-0.00033933893113841096,False,False,False,0
feature_492,0,0.0,0.04074290935836422,1.0,0,0.0,-1.206318069773344e-05,False,False,False,0
feature_228,0,0.0,0.04049150277384957,1.0,0,0.0,0.0006140857696809891,False,False,False,0
feature_479,0,0.0,0.03897336830460279,1.0,0,0.0,-0.0007212047507508666,False,False,False,0
feature_574,0,0.0,0.0383805422781393,0.6666666666666667,0,0.0,-0.00032183990201747507,False,False,False,0
feature_253,0,0.0,0.03800785998533844,0.6666666666666667,0,0.0,-0.0003972080674456046,False,False,False,0
feature_436,0,0.0,0.03773118746260581,0.6666666666666666,0,0.0,-0.0003452018940363721,False,False,False,0
feature_435,0,0.0,0.036983355891147915,1.0,0,0.0,-0.0004938938968626944,False,False,False,0
feature_359,0,0.0,0.03614440306131446,1.0,0,0.0,-0.0002783117188997139,False,False,False,0
feature_283,0,0.0,0.034673661663635925,0.6666666666666667,0,0.0,2.7698714297939094e-05,False,False,False,0
feature_088,0,0.0,0.03463831308978529,0.6666666666666666,0,0.0,-0.00020712114379060052,False,False,False,0
feature_362,0,0.0,0.033662163213508865,0.6666666666666667,0,0.0,-0.00017830366697114887,False,False,False,0
feature_567,0,0.0,0.03323725145871428,1.0,0,0.0,0.003953553157851839,False,False,False,0
feature_227,0,0.0,0.03241718523437268,0.6666666666666666,0,0.0,0.00873097882526397,False,False,False,0
feature_310,0,0.0,0.032334426555467165,0.6666666666666666,0,0.0,-4.7251784219965664e-05,False,False,False,0
feature_198,0,0.0,0.03211687500460151,0.6666666666666667,0,0.0,-0.00047053679344577953,False,False,False,0
feature_289,0,0.0,0.03204689710958752,0.6666666666666666,0,0.0,-0.0003353539010736019,False,False,False,0
feature_511,0,0.0,0.031752857674772296,0.6666666666666667,0,0.0,0.00041034415258716896,False,False,False,0
feature_578,0,0.0,0.031204837710420985,0.6666666666666667,0,0.0,-0.00012272326583007682,False,False,False,0
feature_468,0,0.0,0.031138808795433306,0.6666666666666667,0,0.0,-0.0006099804212868633,False,False,False,0
feature_043,0,0.0,0.03076335310959216,1.0,0,0.0,0.000214875698610927,False,False,False,0
feature_207,0,0.0,0.030163684286246852,0.6666666666666666,0,0.0,-0.0003840174303185913,False,False,False,0
feature_391,0,0.0,0.029536786108365826,0.6666666666666666,0,0.0,-0.0006516465323762546,False,False,False,0
feature_376,0,0.0,0.02772760905514321,1.0,0,0.0,0.00038408949797416684,False,False,False,0
feature_148,0,0.0,0.026658837756429313,1.0,0,0.0,-0.00010854317534822466,False,False,False,0
feature_356,0,0.0,0.02601333751175591,0.6666666666666666,0,0.0,-0.0006418323611743632,False,False,False,0
feature_559,0,0.0,0.02508672350384636,1.0,0,0.0,0.00013509411241079743,False,False,False,0
feature_427,0,0.0,0.023242250865098568,0.6666666666666667,0,0.0,9.192037604087201e-05,False,False,False,0
feature_472,0,0.0,0.0214695532141962,0.6666666666666667,0,0.0,1.959562855765536e-05,False,False,False,0
feature_154,0,0.0,0.021248105588474096,0.6666666666666667,0,0.0,-0.0008183387203594606,False,False,False,0
feature_139,0,0.0,0.02078705205987341,0.6666666666666666,0,0.0,0.006921633760503688,False,False,False,0
feature_336,0,0.0,0.014582318403205912,1.0,0,0.0,0.003427505163238668,False,False,False,0
feature_384,0,0.0,3.5097558717676447e-05,1.0,0,0.0,0.0,False,False,False,0
feature_005,0,0.0,,,0,0.0,0.0,False,False,False,0
feature_013,0,0.0,,,0,0.0,0.0,False,False,False,0
feature_042,0,0.0,,,0,0.0,0.0,False,False,False,0
feature_049,0,0.0,,,0,0.0,0.0,False,False,False,0
feature_052,0,0.0,,,0,0.0,0.0,False,False,False,0
feature_069,0,0.0,,,0,0.0,0.0,False,False,False,0
feature_074,0,0.0,,,0,0.0,0.0,False,False,False,0
feature_097,0,0.0,,,0,0.0,0.0,False,False,False,0
feature_141,0,0.0,,,0,0.0,0.0,False,False,False,0
feature_149,0,0.0,,,0,0.0,0.0,False,False,False,0
feature_178,0,0.0,,,0,0.0,0.0,False,False,False,0
feature_179,0,0.0,,,0,0.0,0.0,False,False,False,0
feature_186,0,0.0,,,0,0.0,0.0,False,False,False,0
feature_189,0,0.0,,,0,0.0,0.0,False,False,False,0
feature_190,0,0.0,,,0,0.0,0.0,False,False,False,0
feature_191,0,0.0,,,0,0.0,0.0,False,False,False,0
feature_192,0,0.0,,,0,0.0,0.0,False,False,False,0
feature_193,0,0.0,,,0,0.0,0.0,False,False,False,0
feature_194,0,0.0,,,0,0.0,0.0,False,False,False,0
feature_206,0,0.0,,,0,0.0,0.0,False,False,False,0
feature_209,0,0.0,,,0,0.0,0.0,False,False,False,0
feature_226,0,0.0,,,0,0.0,0.0,False,False,False,0
feature_229,0,0.0,,,0,0.0,0.0,False,False,False,0
feature_230,0,0.0,,,0,0.0,0.0,False,False,False,0
feature_231,0,0.0,,,0,0.0,0.0,False,False,False,0
feature_232,0,0.0,,,0,0.0,0.0,False,False,False,0
feature_233,0,0.0,,,0,0.0,0.0,False,False,False,0
feature_234,0,0.0,,,0,0.0,0.0,False,False,False,0
feature_235,0,0.0,,,0,0.0,0.0,False,False,False,0
feature_236,0,0.0,,,0,0.0,0.0,False,False,False,0
feature_237,0,0.0,,,0,0.0,0.0,False,False,False,0
feature_240,0,0.0,,,0,0.0,0.0,False,False,False,0
feature_241,0,0.0,,,0,0.0,0.0,False,False,False,0
feature_242,0,0.0,,,0,0.0,0.0,False,False,False,0
feature_243,0,0.0,,,0,0.0,0.0,False,False,False,0
feature_256,0,0.0,,,0,0.0,0.0,False,False,False,0
feature_257,0,0.0,,,0,0.0,0.0,False,False,False,0
feature_258,0,0.0,,,0,0.0,0.0,False,False,False,0
feature_259,0,0.0,,,0,0.0,0.0,False,False,False,0
feature_260,0,0.0,,,0,0.0,0.0,False,False,False,0
feature_261,0,0.0,,,0,0.0,0.0,False,False,False,0
feature_262,0,0.0,,,0,0.0,0.0,False,False,False,0
feature_263,0,0.0,,,0,0.0,0.0,False,False,False,0
feature_264,0,0.0,,,0,0.0,0.0,False,False,False,0
feature_265,0,0.0,,,0,0.0,0.0,False,False,False,0
feature_266,0,0.0,,,0,0.0,0.0,False,False,False,0
feature_276,0,0.0,,,0,0.0,0.0,False,False,False,0
feature_284,0,0.0,,,0,0.0,0.0,False,False,False,0
feature_313,0,0.0,,,0,0.0,0.0,False,False,False,0
feature_314,0,0.0,,,0,0.0,0.0,False,False,False,0
feature_315,0,0.0,,,0,0.0,0.0,False,False,False,0
feature_322,0,0.0,,,0,0.0,0.0,False,False,False,0
feature_325,0,0.0,,,0,0.0,0.0,False,False,False,0
feature_326,0,0.0,,,0,0.0,0.0,False,False,False,0
feature_327,0,0.0,,,0,0.0,0.0,False,False,False,0
feature_328,0,0.0,,,0,0.0,0.0,False,False,False,0
feature_329,0,0.0,,,0,0.0,0.0,False,False,False,0
feature_330,0,0.0,,,0,0.0,0.0,False,False,False,0
feature_342,0,0.0,,,0,0.0,0.0,False,False,False,0
feature_347,0,0.0,,,0,0.0,0.0,False,False,False,0
feature_364,0,0.0,,,0,0.0,0.0,False,False,False,0
feature_369,0,0.0,,,0,0.0,0.0,False,False,False,0
feature_370,0,0.0,,,0,0.0,0.0,False,False,False,0
feature_371,0,0.0,,,0,0.0,0.0,False,False,False,0
feature_372,0,0.0,,,0,0.0,0.0,False,False,False,0
feature_373,0,0.0,,,0,0.0,0.0,False,False,False,0
feature_374,0,0.0,,,0,0.0,0.0,False,False,False,0
feature_375,0,0.0,,,0,0.0,0.0,False,False,False,0
feature_378,0,0.0,,,0,0.0,0.0,False,False,False,0
feature_379,0,0.0,,,0,0.0,0.0,False,False,False,0
feature_380,0,0.0,,,0,0.0,0.0,False,False,False,0
feature_381,0,0.0,,,0,0.0,0.0,False,False,False,0
feature_394,0,0.0,,,0,0.0,0.0,False,False,False,0
feature_395,0,0.0,,,0,0.0,0.0,False,False,False,0
feature_396,0,0.0,,,0,0.0,0.0,False,False,False,0
feature_397,0,0.0,,,0,0.0,0.0,False,False,False,0
feature_398,0,0.0,,,0,0.0,0.0,False,False,False,0
feature_399,0,0.0,,,0,0.0,0.0,False,False,False,0
feature_400,0,0.0,,,0,0.0,0.0,False,False,False,0
feature_401,0,0.0,,,0,0.0,0.0,False,False,False,0
feature_402,0,0.0,,,0,0.0,0.0,False,False,False,0
feature_403,0,0.0,,,0,0.0,0.0,False,False,False,0
feature_404,0,0.0,,,0,0.0,0.0,False,False,False,0
feature_414,0,0.0,,,0,0.0,0.0,False,False,False,0
feature_422,0,0.0,,,0,0.0,0.0,False,False,False,0
feature_449,0,0.0,,,0,0.0,0.0,False,False,False,0
feature_450,0,0.0,,,0,0.0,0.0,False,False,False,0
feature_451,0,0.0,,,0,0.0,0.0,False,False,False,0
feature_458,0,0.0,,,0,0.0,0.0,False,False,False,0
feature_461,0,0.0,,,0,0.0,0.0,False,False,False,0
feature_462,0,0.0,,,0,0.0,0.0,False,False,False,0
feature_463,0,0.0,,,0,0.0,0.0,False,False,False,0
feature_464,0,0.0,,,0,0.0,0.0,False,False,False,0
feature_465,0,0.0,,,0,0.0,0.0,False,False,False,0
feature_466,0,0.0,,,0,0.0,0.0,False,False,False,0
feature_478,0,0.0,,,0,0.0,0.0,False,False,False,0
feature_481,0,0.0,,,0,0.0,0.0,False,False,False,0
feature_498,0,0.0,,,0,0.0,0.0,False,False,False,0
feature_501,0,0.0,,,0,0.0,0.0,False,False,False,0
feature_502,0,0.0,,,0,0.0,0.0,False,False,False,0
feature_503,0,0.0,,,0,0.0,0.0,False,False,False,0
feature_504,0,0.0,,,0,0.0,0.0,False,False,False,0
feature_505,0,0.0,,,0,0.0,0.0,False,False,False,0
feature_506,0,0.0,,,0,0.0,0.0,False,False,False,0
feature_507,0,0.0,,,0,0.0,0.0,False,False,False,0
feature_508,0,0.0,,,0,0.0,0.0,False,False,False,0
feature_509,0,0.0,,,0,0.0,0.0,False,False,False,0
feature_512,0,0.0,,,0,0.0,0.0,False,False,False,0
feature_513,0,0.0,,,0,0.0,0.0,False,False,False,0
feature_514,0,0.0,,,0,0.0,0.0,False,False,False,0
feature_515,0,0.0,,,0,0.0,0.0,False,False,False,0
feature_528,0,0.0,,,0,0.0,0.0,False,False,False,0
feature_529,0,0.0,,,0,0.0,0.0,False,False,False,0
feature_530,0,0.0,,,0,0.0,0.0,False,False,False,0
feature_531,0,0.0,,,0,0.0,0.0,False,False,False,0
feature_532,0,0.0,,,0,0.0,0.0,False,False,False,0
feature_533,0,0.0,,,0,0.0,0.0,False,False,False,0
feature_534,0,0.0,,,0,0.0,0.0,False,False,False,0
feature_535,0,0.0,,,0,0.0,0.0,False,False,False,0
feature_536,0,0.0,,,0,0.0,0.0,False,False,False,0
feature_537,0,0.0,,,0,0.0,0.0,False,False,False,0
feature_538,0,0.0,,,0,0.0,0.0,False,False,False,0
