feature,folds_retained,top_k_count,mean_standardized_coefficient,mean_absolute_coefficient,coefficient_std_across_folds,median_absolute_rank,sign_consistency,retained_frequency,top_k_frequency
feature_008,3,3,-0.7118430015496336,0.7118430015496336,0.2244860389703495,4.0,1.0,1.0,1.0
feature_562,3,3,-0.652842563805207,0.652842563805207,0.05778299256989539,9.0,1.0,1.0,1.0
feature_249,3,3,0.5981880678341652,0.5981880678341652,0.1711297190862324,7.0,1.0,1.0,1.0
feature_280,3,3,-0.5888637879464658,0.5888637879464658,0.23232714446919267,10.0,1.0,1.0,1.0
feature_387,3,3,0.5730161970178301,0.5730161970178301,0.14762696270800738,12.0,1.0,1.0,1.0
feature_000,3,2,-0.636058854214765,0.636058854214765,0.3207036688109306,3.0,1.0,1.0,0.6666666666666666
feature_433,3,2,-0.6161922536071526,0.6161922536071526,0.1526481384685232,3.0,1.0,1.0,0.6666666666666666
feature_216,3,2,0.5671745493581893,0.5671745493581893,0.4124478228532121,4.0,1.0,1.0,0.6666666666666666
feature_075,3,2,0.5562496082926773,0.5562496082926773,0.17262654582215153,17.0,1.0,1.0,0.6666666666666666
feature_205,3,2,0.5402987548616908,0.5402987548616908,0.24459132211986592,16.0,1.0,1.0,0.6666666666666666
feature_588,3,2,0.49476040664400106,0.49476040664400106,0.0357447297990559,19.0,1.0,1.0,0.6666666666666666
feature_363,3,2,-0.4789119580689256,0.4789119580689256,0.2723831202046609,12.0,1.0,1.0,0.6666666666666666
feature_089,3,1,0.498134619498928,0.498134619498928,0.22134888456993285,33.0,1.0,1.0,0.3333333333333333
feature_086,3,1,0.4900501092148552,0.4900501092148552,0.15133625273164342,42.0,1.0,1.0,0.3333333333333333
feature_113,3,1,0.4862285616531663,0.4862285616531663,0.16622817098761458,22.0,1.0,1.0,0.3333333333333333
feature_078,3,1,-0.4601151684674207,0.4601151684674207,0.2089079697582783,33.0,1.0,1.0,0.3333333333333333
feature_116,3,1,0.4453867753830425,0.4453867753830425,0.19575528083371363,23.0,1.0,1.0,0.3333333333333333
feature_213,3,1,0.4447131374180528,0.4447131374180528,0.021857733768129436,44.0,1.0,1.0,0.3333333333333333
feature_269,3,1,0.44019618614060124,0.44019618614060124,0.156522012369499,40.0,1.0,1.0,0.3333333333333333
feature_301,3,1,0.4392707315125112,0.4392707315125112,0.13183205507283943,24.0,1.0,1.0,0.3333333333333333
feature_145,3,1,-0.4335742954797077,0.4335742954797077,0.09483341963325817,30.0,1.0,1.0,0.3333333333333333
feature_541,3,1,0.42572477605894776,0.42572477605894776,0.13501686351263162,33.0,1.0,1.0,0.3333333333333333
feature_056,3,1,0.4182255334696939,0.4182255334696939,0.43015168674015697,113.0,1.0,1.0,0.3333333333333333
feature_009,3,1,-0.41662059363531956,0.41662059363531956,0.09192650132847023,40.0,1.0,1.0,0.3333333333333333
feature_133,3,1,0.4117752037922637,0.4117752037922637,0.036159457273626384,31.0,1.0,1.0,0.3333333333333333
feature_081,3,1,0.4100697462285547,0.4100697462285547,0.11083379088867949,25.0,1.0,1.0,0.3333333333333333
feature_476,3,1,-0.40981157174703703,0.40981157174703703,0.23013460940757519,47.0,1.0,1.0,0.3333333333333333
feature_060,3,1,0.40830539333301674,0.40830539333301674,0.24499097606142586,69.0,1.0,1.0,0.3333333333333333
feature_197,3,1,0.4080846213122504,0.4080846213122504,0.23345570581046554,35.0,1.0,1.0,0.3333333333333333
feature_333,3,1,0.4048167097657889,0.4048167097657889,0.23087309425996605,41.0,1.0,1.0,0.3333333333333333
feature_305,3,1,-0.3891825443666231,0.3891825443666231,0.308811637219619,67.0,1.0,1.0,0.3333333333333333
feature_059,3,1,0.37470292189548404,0.37470292189548404,0.3278165287603283,66.0,1.0,1.0,0.3333333333333333
feature_115,3,1,-0.3689934346747012,0.3689934346747012,0.1047011273865485,50.0,1.0,1.0,0.3333333333333333
feature_103,3,1,0.3598429490167229,0.3598429490167229,0.07313063049198078,93.0,1.0,1.0,0.3333333333333333
feature_047,3,1,0.31781306176274504,0.3486660641825819,0.3474551792867854,71.0,0.6666666666666666,1.0,0.3333333333333333
feature_407,3,1,-0.3348820268249196,0.3349301356368659,0.3414115005855821,89.0,0.6666666666666667,1.0,0.3333333333333333
feature_419,3,1,0.30993359322649394,0.30993359322649394,0.10817805054466044,64.0,1.0,1.0,0.3333333333333333
feature_126,3,1,0.16462569157897028,0.2771646579822177,0.37062620446721595,100.0,0.6666666666666666,1.0,0.3333333333333333
feature_544,3,1,0.1860469865045049,0.2367915188590386,0.38903688424994615,292.0,0.6666666666666667,1.0,0.3333333333333333
feature_345,3,1,0.2348056204065929,0.2348056204065929,0.1654085714470783,158.0,1.0,1.0,0.3333333333333333
feature_037,3,1,0.19915098273822118,0.19915098273822118,0.16817531612866005,228.0,1.0,1.0,0.3333333333333333
feature_114,3,1,0.11404362179584863,0.1736657099992838,0.27499605594251886,369.0,0.6666666666666667,1.0,0.3333333333333333
feature_112,3,1,-0.1464960846350286,0.1464960846350286,0.16188789210621807,275.0,1.0,1.0,0.3333333333333333
feature_109,1,0,-0.5761367475589437,0.5761367475589437,,28.0,1.0,0.3333333333333333,0.0
feature_358,1,0,0.5067061895404132,0.5067061895404132,,43.0,1.0,0.3333333333333333,0.0
feature_085,1,0,-0.4754750341757974,0.4754750341757974,,55.0,1.0,0.3333333333333333,0.0
feature_064,3,0,0.43337406485067514,0.43337406485067514,0.15897508370137814,32.0,1.0,1.0,0.0
feature_020,3,0,0.4142842667470498,0.4142842667470498,0.21814046453636574,29.0,1.0,1.0,0.0
feature_214,3,0,-0.4029399541213799,0.4029399541213799,0.2372519883580503,30.0,1.0,1.0,0.0
feature_021,3,0,0.401364785864855,0.401364785864855,0.1947125723200259,59.0,1.0,1.0,0.0
feature_155,3,0,-0.39355754043641417,0.39355754043641417,0.09902843902827588,28.0,1.0,1.0,0.0
feature_344,3,0,-0.3908957830473991,0.3908957830473991,0.1544838160575249,60.0,1.0,1.0,0.0
feature_303,3,0,0.3767608356881347,0.3767608356881347,0.20172383480585343,37.0,1.0,1.0,0.0
feature_365,3,0,0.3645932149742925,0.3645932149742925,0.20188005105076842,82.0,1.0,1.0,0.0
feature_477,3,0,0.3554040539889223,0.3554040539889223,0.13182651165397705,62.0,1.0,1.0,0.0
feature_474,3,0,0.35479726374246284,0.35479726374246284,0.2122240093166788,45.0,1.0,1.0,0.0
feature_352,3,0,-0.3519560719592683,0.3519560719592683,0.14075982808165158,58.0,1.0,1.0,0.0
feature_469,3,0,0.3404161423181494,0.3404161423181494,0.19397711718903968,60.0,1.0,1.0,0.0
feature_566,3,0,-0.33583368774969985,0.33583368774969985,0.09860597084289623,69.0,1.0,1.0,0.0
feature_038,3,0,-0.3354970899206468,0.3354970899206468,0.1437522975132324,73.0,1.0,1.0,0.0
feature_335,3,0,-0.3339234337658885,0.3339234337658885,0.1672469936099153,59.0,1.0,1.0,0.0
feature_341,3,0,0.33334754025554747,0.33334754025554747,0.1495354832031629,63.0,1.0,1.0,0.0
feature_011,3,0,-0.32918586588097737,0.32918586588097737,0.07199309145342617,49.0,1.0,1.0,0.0
feature_488,3,0,-0.2516176696796914,0.32884023208622243,0.33213861171521936,81.0,0.6666666666666667,1.0,0.0
feature_277,3,0,0.2718101813994646,0.3234115102340723,0.3307088616316546,98.0,0.6666666666666666,1.0,0.0
feature_062,3,0,-0.32143857246272206,0.32143857246272206,0.16385900096202638,77.0,1.0,1.0,0.0
feature_563,3,0,-0.3197820366084278,0.3197820366084278,0.15473383019920375,50.0,1.0,1.0,0.0
feature_428,3,0,-0.3183873977828044,0.3183873977828044,0.09204598265980843,49.0,1.0,1.0,0.0
feature_117,3,0,-0.31576228293427167,0.31576228293427167,0.19832281835817214,131.0,1.0,1.0,0.0
feature_108,3,0,-0.31219587378137,0.31219587378137,0.20029849564863136,73.0,1.0,1.0,0.0
feature_124,3,0,-0.30986081829185924,0.30986081829185924,0.223036061621178,108.0,1.0,1.0,0.0
feature_473,3,0,0.2985856163285609,0.3075986050829726,0.28618370161170437,68.0,0.6666666666666666,1.0,0.0
feature_091,3,0,-0.3041941642657192,0.3041941642657192,0.22910111305890243,110.0,1.0,1.0,0.0
feature_518,1,0,0.30319332787983766,0.30319332787983766,,135.0,1.0,0.3333333333333333,0.0
feature_246,1,0,0.302050825659529,0.302050825659529,,136.0,1.0,0.3333333333333333,0.0
feature_438,3,0,-0.300748564375299,0.300748564375299,0.16995510719698106,84.0,1.0,1.0,0.0
feature_090,3,0,-0.3002856217382866,0.3002856217382866,0.06628268187917888,101.0,1.0,1.0,0.0
feature_168,3,0,0.2991351523809456,0.2991351523809456,0.08840753217964663,87.0,1.0,1.0,0.0
feature_275,3,0,0.2948551087785947,0.2948551087785947,0.16620964185381815,100.0,1.0,1.0,0.0
feature_485,3,0,-0.29379061872534007,0.29379061872534007,0.050237867893078554,74.0,1.0,1.0,0.0
feature_007,3,0,-0.292810835347809,0.292810835347809,0.06026742445672765,91.0,1.0,1.0,0.0
feature_292,3,0,-0.29221251235032336,0.29221251235032336,0.24053484588186208,120.0,1.0,1.0,0.0
feature_014,3,0,-0.29218449239783284,0.29218449239783284,0.12538566452875627,103.0,1.0,1.0,0.0
feature_386,3,0,-0.29089743667166923,0.29089743667166923,0.15316392434142476,107.0,1.0,1.0,0.0
feature_486,3,0,0.28984257646969025,0.28984257646969025,0.19024981969696386,122.0,1.0,1.0,0.0
feature_270,3,0,-0.2861344444278107,0.2861344444278107,0.19860669217968857,80.0,1.0,1.0,0.0
feature_004,3,0,-0.28550916838729473,0.28550916838729473,0.08251756674555379,78.0,1.0,1.0,0.0
feature_218,3,0,-0.28518252512877984,0.28518252512877984,0.045017229427578645,103.0,1.0,1.0,0.0
feature_048,3,0,-0.2842540179285717,0.2842540179285717,0.12067018775738726,95.0,1.0,1.0,0.0
feature_497,3,0,-0.25898703134493767,0.2799725356297811,0.2629687719819883,86.0,0.6666666666666667,1.0,0.0
feature_441,3,0,0.27917418424748563,0.27917418424748563,0.12862566932233332,85.0,1.0,1.0,0.0
feature_101,3,0,-0.2762695194723855,0.2762695194723855,0.2250238216846101,99.0,1.0,1.0,0.0
feature_055,3,0,0.27556857752121006,0.27556857752121006,0.17868737344228475,109.0,1.0,1.0,0.0
feature_130,3,0,-0.09236978098506891,0.27555258089372764,0.4001838809171522,90.0,0.6666666666666666,1.0,0.0
feature_167,3,0,-0.2751334545260719,0.2751334545260719,0.15617109133401497,143.0,1.0,1.0,0.0
feature_388,3,0,0.25233041503842585,0.27465611441504906,0.28865874678061637,129.0,0.6666666666666666,1.0,0.0
feature_577,3,0,-0.27407372468456437,0.27407372468456437,0.15735189653968568,141.0,1.0,1.0,0.0
feature_346,3,0,0.27407120673220847,0.27407120673220847,0.030527531504340382,125.0,1.0,1.0,0.0
feature_039,3,0,0.2736152211604794,0.2736152211604794,0.20715169469212938,76.0,1.0,1.0,0.0
feature_366,3,0,-0.27287570744359896,0.27287570744359896,0.11049959529744308,109.0,1.0,1.0,0.0
feature_431,3,0,0.2697980718539598,0.2697980718539598,0.060711119410860624,106.0,1.0,1.0,0.0
feature_067,3,0,-0.2667989409827031,0.2667989409827031,0.19561905456039438,123.0,1.0,1.0,0.0
feature_053,3,0,-0.26611223905959247,0.26611223905959247,0.16093990543053388,100.0,1.0,1.0,0.0
feature_061,3,0,0.2088054172127113,0.2653191668862534,0.2585850417499295,101.0,0.6666666666666666,1.0,0.0
feature_087,3,0,-0.2526786120005204,0.2643967342753825,0.23949107869425118,82.0,0.6666666666666667,1.0,0.0
feature_076,3,0,-0.2622403709441268,0.2622403709441268,0.22201307992086122,147.0,1.0,1.0,0.0
feature_423,3,0,0.1634415416351462,0.2613999772986007,0.279614744648847,136.0,0.6666666666666666,1.0,0.0
feature_295,3,0,0.26126820518852506,0.26126820518852506,0.12270336499239216,119.0,1.0,1.0,0.0
feature_199,3,0,-0.26112257619892926,0.26112257619892926,0.1635817990498935,166.0,1.0,1.0,0.0
feature_225,3,0,-0.2598340898002,0.2598340898002,0.21830004844761952,104.0,1.0,1.0,0.0
feature_032,3,0,-0.2598115138845793,0.2598115138845793,0.12950588750459324,135.0,1.0,1.0,0.0
feature_041,3,0,-0.19606982864421366,0.2583797371582564,0.2605164856559356,155.0,0.6666666666666667,1.0,0.0
feature_057,3,0,-0.2548711249865416,0.2548711249865416,0.1597014460328753,113.0,1.0,1.0,0.0
feature_181,3,0,-0.2530398809645594,0.2530398809645594,0.06707846467079658,95.0,1.0,1.0,0.0
feature_160,3,0,0.2515699515098259,0.2515699515098259,0.10827184124597516,146.0,1.0,1.0,0.0
feature_210,3,0,0.2515537715171854,0.2515537715171854,0.20515203687264177,105.0,1.0,1.0,0.0
feature_460,3,0,0.2508678429290589,0.2508678429290589,0.20571336989206207,173.0,1.0,1.0,0.0
feature_302,3,0,0.20463834139697654,0.2504787605188383,0.238485341460795,104.0,0.6666666666666666,1.0,0.0
feature_522,3,0,0.2497184559050234,0.2497184559050234,0.0669164846829451,121.0,1.0,1.0,0.0
feature_354,3,0,-0.2492970434127062,0.2492970434127062,0.1557376508658878,99.0,1.0,1.0,0.0
feature_309,3,0,0.24833546232855852,0.24833546232855852,0.14075019854207987,177.0,1.0,1.0,0.0
feature_307,3,0,0.24810128259630626,0.24810128259630626,0.1403083412532515,178.0,1.0,1.0,0.0
feature_170,3,0,0.24631347509237175,0.24631347509237175,0.122085408485805,104.0,1.0,1.0,0.0
feature_350,3,0,-0.24538485412104757,0.24538485412104757,0.03437436219937081,155.0,1.0,1.0,0.0
feature_161,3,0,-0.24477780486921286,0.24477780486921286,0.1070768474832167,122.0,1.0,1.0,0.0
feature_251,3,0,-0.20799861782911946,0.24111620606133602,0.26438894108612415,173.0,0.6666666666666667,1.0,0.0
feature_271,3,0,0.24093876212111606,0.24093876212111606,0.1524763420881882,130.0,1.0,1.0,0.0
feature_332,3,0,-0.24044698288479305,0.24044698288479305,0.0833408182036897,144.0,1.0,1.0,0.0
feature_471,3,0,-0.12609866148078905,0.24039850599312332,0.3246554677383931,237.0,0.6666666666666667,1.0,0.0
feature_248,3,0,-0.23895395465894684,0.23895395465894684,0.15707555998688216,121.0,1.0,1.0,0.0
feature_453,3,0,-0.23725119646794965,0.23725119646794965,0.05422667904598105,110.0,1.0,1.0,0.0
feature_389,3,0,-0.20184689548755633,0.23635618133083505,0.2603985238902911,180.0,0.6666666666666667,1.0,0.0
feature_500,3,0,0.2354769730505716,0.2354769730505716,0.19974371823211448,82.0,1.0,1.0,0.0
feature_157,3,0,-0.23383790364995974,0.23383790364995974,0.185530929961483,171.0,1.0,1.0,0.0
feature_083,3,0,-0.1536568441150978,0.2336518986736803,0.25644665604784894,176.0,0.6666666666666667,1.0,0.0
feature_523,3,0,-0.19969851124009963,0.23340979074734367,0.2575475885606475,183.0,0.6666666666666667,1.0,0.0
feature_349,3,0,0.23308399895899268,0.23308399895899268,0.12591129995258749,127.0,1.0,1.0,0.0
feature_582,3,0,-0.1364343675063329,0.23306322476463437,0.2441544482055959,109.0,0.6666666666666667,1.0,0.0
feature_165,3,0,-0.23212574089249075,0.23212574089249075,0.06614815645657068,140.0,1.0,1.0,0.0
feature_573,3,0,-0.23038940181069878,0.23038940181069878,0.042132677493907235,151.0,1.0,1.0,0.0
feature_520,3,0,-0.2288595677232572,0.2288595677232572,0.1588297619467695,124.0,1.0,1.0,0.0
feature_338,3,0,-0.2282254264968624,0.2282254264968624,0.30997356913558705,272.0,1.0,1.0,0.0
feature_104,3,0,-0.22668220464117525,0.22668220464117525,0.1089131643274473,120.0,1.0,1.0,0.0
feature_150,3,0,0.16127844878796876,0.22536631960058742,0.2277357434212994,133.0,0.6666666666666666,1.0,0.0
feature_555,3,0,0.22093976410378768,0.22093976410378768,0.06615009545372912,146.0,1.0,1.0,0.0
feature_487,3,0,-0.21734660949655193,0.21926387953819462,0.21921408340976692,191.0,0.6666666666666667,1.0,0.0
feature_586,3,0,0.2156092230330803,0.2156092230330803,0.14833192483444382,194.0,1.0,1.0,0.0
feature_279,3,0,-0.21505416072515213,0.21505416072515213,0.09330028353082952,139.0,1.0,1.0,0.0
feature_044,3,0,-0.21384636098730117,0.21384636098730117,0.17739387974061746,61.0,1.0,1.0,0.0
feature_351,3,0,0.21273025946376653,0.21273025946376653,0.05684367911344504,178.0,1.0,1.0,0.0
feature_028,3,0,0.2123860796383964,0.2123860796383964,0.17231298480482554,143.0,1.0,1.0,0.0
feature_022,3,0,-0.21228275413223652,0.21228275413223652,0.19613513333565213,210.0,1.0,1.0,0.0
feature_316,3,0,-0.21063975548841843,0.21063975548841843,0.05695785518247796,119.0,1.0,1.0,0.0
feature_128,3,0,-0.21012612762883068,0.21012612762883068,0.16523550674781137,222.0,1.0,1.0,0.0
feature_024,3,0,-0.1823137732114397,0.2096096423076216,0.19469211709885434,154.0,0.6666666666666667,1.0,0.0
feature_175,3,0,0.2091420888438101,0.2091420888438101,0.0584562194120482,131.0,1.0,1.0,0.0
feature_058,3,0,0.07483281232802197,0.20725207408128724,0.237427837752668,149.0,0.6666666666666666,1.0,0.0
feature_300,3,0,-0.20689494857207094,0.20689494857207094,0.04648814588946147,160.0,1.0,1.0,0.0
feature_079,3,0,-0.20055577975310923,0.2062754582022183,0.18112015955760874,133.0,0.6666666666666667,1.0,0.0
feature_547,3,0,0.20235550757992157,0.20235550757992157,0.27913272559367514,303.0,1.0,1.0,0.0
feature_204,3,0,-0.20198831599160327,0.20198831599160327,0.1535933625240976,121.0,1.0,1.0,0.0
feature_045,3,0,0.2019508780776641,0.2019508780776641,0.11343018287063752,184.0,1.0,1.0,0.0
feature_348,3,0,0.14710943691548506,0.20082791640351835,0.19954811396562938,147.0,0.6666666666666666,1.0,0.0
feature_317,3,0,-0.20074911706242568,0.20074911706242568,0.08894909493508503,186.0,1.0,1.0,0.0
feature_446,3,0,0.20028974674154554,0.20028974674154554,0.05225271761569648,138.0,1.0,1.0,0.0
feature_164,3,0,-0.1995532371515377,0.1995532371515377,0.053652086872125894,158.0,1.0,1.0,0.0
feature_382,1,0,0.19938270602859434,0.19938270602859434,,210.0,1.0,0.3333333333333333,0.0
feature_299,3,0,-0.1993782122977397,0.1993782122977397,0.03831123685170837,172.0,1.0,1.0,0.0
feature_589,3,0,0.1787608616940304,0.19856440996615335,0.21616379531124644,203.0,0.6666666666666666,1.0,0.0
feature_046,3,0,0.1973817083285121,0.1973817083285121,0.11123229811671878,175.0,1.0,1.0,0.0
feature_127,3,0,-0.19663593312128022,0.19663593312128022,0.2040962100788645,271.0,1.0,1.0,0.0
feature_035,3,0,-0.19503032916233512,0.19503032916233512,0.05860813490711857,162.0,1.0,1.0,0.0
feature_250,3,0,0.1946206773446292,0.1946206773446292,0.1260958873483951,142.0,1.0,1.0,0.0
feature_119,3,0,-0.14203339819376967,0.19398569645691663,0.19539041232678842,107.0,0.6666666666666667,1.0,0.0
feature_144,3,0,-0.1939798345643662,0.1939798345643662,0.0847349225046758,114.0,1.0,1.0,0.0
feature_071,3,0,0.1929746177702807,0.1929746177702807,0.06720429609781996,233.0,1.0,1.0,0.0
feature_131,3,0,0.19194580722505292,0.19194580722505292,0.1987962261705742,282.0,1.0,1.0,0.0
feature_340,3,0,-0.18855274193840912,0.18855274193840912,0.14740590564750738,122.0,1.0,1.0,0.0
feature_417,3,0,-0.18723034908869507,0.18723034908869507,0.07524640675796546,124.0,1.0,1.0,0.0
feature_456,3,0,-0.18671947473843906,0.18671947473843906,0.17733821167167155,253.0,1.0,1.0,0.0
feature_070,3,0,-0.18638357176562467,0.18638357176562467,0.14122873859829593,189.0,1.0,1.0,0.0
feature_134,3,0,0.1376417537273199,0.1841735305004779,0.20438266539771327,222.0,0.6666666666666666,1.0,0.0
feature_467,3,0,0.183039103578193,0.183039103578193,0.061843760395795616,200.0,1.0,1.0,0.0
feature_100,3,0,-0.12336112113581547,0.18251166218630435,0.23858915429062813,233.0,0.6666666666666667,1.0,0.0
feature_107,3,0,0.12047232713931304,0.18243227905674805,0.18822256241078814,218.0,0.6666666666666666,1.0,0.0
feature_558,3,0,0.18192142697092847,0.18192142697092847,0.05442168792444529,145.0,1.0,1.0,0.0
feature_252,3,0,0.18134529683214443,0.18134529683214443,0.06789105401553296,187.0,1.0,1.0,0.0
feature_080,3,0,-0.17970794594684927,0.17970794594684927,0.09611567766481752,173.0,1.0,1.0,0.0
feature_036,3,0,0.17936446677963358,0.17936446677963358,0.06345722834171275,165.0,1.0,1.0,0.0
feature_034,3,0,-0.17935508786427146,0.17935508786427146,0.06344528897941196,166.0,1.0,1.0,0.0
feature_489,3,0,-0.004503773361115519,0.17878793332078735,0.24119386505479873,166.0,0.6666666666666667,1.0,0.0
feature_162,3,0,-0.17735565000781559,0.17735565000781559,0.10641965301241182,167.0,1.0,1.0,0.0
feature_224,3,0,-0.17658065482104135,0.17658065482104135,0.10109967934935005,188.0,1.0,1.0,0.0
feature_377,3,0,0.12631724319903356,0.17646102364423344,0.18209935783200557,195.0,0.6666666666666666,1.0,0.0
feature_122,3,0,-0.1761123138753202,0.1761123138753202,0.04825067008631033,156.0,1.0,1.0,0.0
feature_068,3,0,-0.15262277048667175,0.1754364494011298,0.16400838805901244,193.0,0.6666666666666667,1.0,0.0
feature_412,3,0,-0.174397899557866,0.174397899557866,0.10402840779924291,183.0,1.0,1.0,0.0
feature_254,3,0,0.17397967230461023,0.17397967230461023,0.03482308754643514,182.0,1.0,1.0,0.0
feature_385,3,0,-0.09948140483764133,0.17371423822467916,0.19554377074200846,195.0,0.6666666666666667,1.0,0.0
feature_118,3,0,-0.11745941291945261,0.17078816099911687,0.20029499001490028,263.0,0.6666666666666667,1.0,0.0
feature_173,3,0,-0.17015450893960135,0.17015450893960135,0.04628760760284323,241.0,1.0,1.0,0.0
feature_331,3,0,0.16894607419614563,0.16894607419614563,0.08939610454098709,169.0,1.0,1.0,0.0
feature_493,3,0,-0.1684825012960847,0.1684825012960847,0.06453269495999,180.0,1.0,1.0,0.0
feature_195,3,0,0.16822236100111457,0.16822236100111457,0.06299675904861007,226.0,1.0,1.0,0.0
feature_524,3,0,0.16791116881459767,0.16791116881459767,0.05864293813822469,211.0,1.0,1.0,0.0
feature_018,3,0,0.1670413225585731,0.1670413225585731,0.1405893422264681,108.0,1.0,1.0,0.0
feature_099,3,0,0.16667396940525406,0.16667396940525406,0.12072895762033209,257.0,1.0,1.0,0.0
feature_025,3,0,0.1655757624541084,0.1655757624541084,0.11157100475410062,175.0,1.0,1.0,0.0
feature_542,3,0,0.16528236259021267,0.16528236259021267,0.22189600276926053,293.0,1.0,1.0,0.0
feature_094,3,0,-0.16487651668380246,0.16487651668380246,0.03752325099202262,201.0,1.0,1.0,0.0
feature_499,3,0,-0.09847729167415364,0.16473013740712486,0.17858830328720737,216.0,0.6666666666666667,1.0,0.0
feature_355,3,0,-0.16467217021974426,0.16467217021974426,0.10210062512665027,241.0,1.0,1.0,0.0
feature_017,3,0,0.060094698148875365,0.16443403101860285,0.18986872565055604,212.0,0.6666666666666666,1.0,0.0
feature_526,3,0,0.1642358031992803,0.1642358031992803,0.032708930643621875,170.0,1.0,1.0,0.0
feature_077,3,0,0.08818599447613477,0.163338980174382,0.17399884011115743,194.0,0.6666666666666666,1.0,0.0
feature_142,3,0,-0.16151592640481593,0.16151592640481593,0.15197428740606275,191.0,1.0,1.0,0.0
feature_390,3,0,-0.1508317984334896,0.16137144539392576,0.15942050389812598,200.0,0.6666666666666667,1.0,0.0
feature_517,1,0,-0.16131311572797521,0.16131311572797521,,249.0,1.0,0.3333333333333333,0.0
feature_272,3,0,-0.1105276597186698,0.1607974326373968,0.16102230095083742,205.0,0.6666666666666667,1.0,0.0
feature_001,3,0,-0.06264042698592144,0.15989325616282982,0.1864571401765895,194.0,0.6666666666666667,1.0,0.0
feature_082,3,0,0.09839686409395636,0.15938490030351812,0.1909862671871688,229.0,0.6666666666666666,1.0,0.0
feature_490,3,0,-0.158932516959151,0.158932516959151,0.04422203828166661,256.0,1.0,1.0,0.0
feature_278,3,0,-0.15868001413585014,0.15868001413585014,0.1488198055592432,209.0,1.0,1.0,0.0
feature_553,3,0,-0.07727035035433764,0.15834467368629448,0.17820803367984162,190.0,0.6666666666666667,1.0,0.0
feature_196,3,0,-0.09610561973962613,0.15758987616300535,0.17139032406151408,157.0,0.6666666666666667,1.0,0.0
feature_245,1,0,-0.15732677028751912,0.15732677028751912,,257.0,1.0,0.3333333333333333,0.0
feature_296,3,0,-0.1571948266720833,0.1571948266720833,0.09080772310034983,215.0,1.0,1.0,0.0
feature_439,3,0,-0.04627876537854825,0.1556573946558171,0.2183594229824188,153.0,0.6666666666666667,1.0,0.0
feature_120,3,0,-0.0560536343637874,0.15481985429980671,0.23118382172434052,286.0,0.6666666666666666,1.0,0.0
feature_576,3,0,0.15271860563158926,0.15271860563158926,0.11924564993590635,196.0,1.0,1.0,0.0
feature_072,3,0,0.1523998946263144,0.1523998946263144,0.05781991787990017,211.0,1.0,1.0,0.0
feature_475,3,0,0.09675803592947137,0.14775332926809695,0.2343838636977597,324.0,0.6666666666666667,1.0,0.0
feature_426,3,0,-0.14734970264736916,0.14734970264736916,0.061869230770629696,238.0,1.0,1.0,0.0
feature_202,3,0,-0.06349781755084619,0.14600516863939628,0.18856325586305028,252.0,0.6666666666666667,1.0,0.0
feature_027,3,0,0.14583796448097197,0.14583796448097197,0.14625972530321216,227.0,1.0,1.0,0.0
feature_548,3,0,0.09255043730626612,0.1458124694651723,0.1567470033044916,239.0,0.6666666666666666,1.0,0.0
feature_549,3,0,-0.0010730828028666373,0.14512917453523574,0.20311971927485578,192.0,0.6666666666666666,1.0,0.0
feature_393,3,0,0.14419739830360645,0.14419739830360645,0.0558245610422392,223.0,1.0,1.0,0.0
feature_546,3,0,0.14293550275964548,0.14293550275964548,0.014760866956446838,207.0,1.0,1.0,0.0
feature_571,3,0,-0.14096149249504433,0.14293517099202732,0.12464012049092439,161.0,0.6666666666666667,1.0,0.0
feature_430,3,0,0.14255840999437772,0.14255840999437772,0.05943438953192965,221.0,1.0,1.0,0.0
feature_444,3,0,-0.14034601776784578,0.14034601776784578,0.05448926078599093,270.0,1.0,1.0,0.0
feature_221,3,0,-0.14013445851661108,0.14013445851661108,0.059336481840837084,212.0,1.0,1.0,0.0
feature_368,3,0,-0.13993188414003552,0.13993188414003552,0.10941566221497831,289.0,1.0,1.0,0.0
feature_203,3,0,0.05462309729018389,0.13990100539379294,0.20539044013130447,291.0,0.6666666666666667,1.0,0.0
feature_051,3,0,-0.13966950576203796,0.13966950576203796,0.12402745579266554,235.0,1.0,1.0,0.0
feature_560,3,0,-0.13908503773587708,0.13908503773587708,0.01616325933337487,242.0,1.0,1.0,0.0
feature_019,3,0,0.13882269462024263,0.13882269462024263,0.08926174094817341,174.0,1.0,1.0,0.0
feature_304,3,0,0.013616290151756777,0.13814684276424882,0.20438729082469,225.0,0.6666666666666666,1.0,0.0
feature_483,3,0,-0.021567215238306417,0.13761306823181135,0.18810713393042264,234.0,0.6666666666666666,1.0,0.0
feature_282,3,0,0.08417794298932128,0.13732695840870165,0.1481275062159432,251.0,0.6666666666666666,1.0,0.0
feature_587,3,0,0.13701867900650033,0.13701867900650033,0.020665665265860594,245.0,1.0,1.0,0.0
feature_247,3,0,0.13675741773931163,0.13675741773931163,0.04501224067333099,239.0,1.0,1.0,0.0
feature_268,3,0,-0.13614450971744443,0.13614450971744443,0.06301448599163662,242.0,1.0,1.0,0.0
feature_540,3,0,-0.13472687612132508,0.13472687612132508,0.060817645864885105,246.0,1.0,1.0,0.0
feature_415,3,0,-0.12255384726752189,0.13386269692904565,0.13762501050443013,249.0,0.6666666666666667,1.0,0.0
feature_319,3,0,0.13360296395381574,0.13360296395381574,0.17962557059222056,361.0,1.0,1.0,0.0
feature_452,3,0,0.1322376447284386,0.1322376447284386,0.06114323955951192,236.0,1.0,1.0,0.0
feature_003,3,0,0.1320339108316149,0.1320339108316149,0.09187826880434889,213.0,1.0,1.0,0.0
feature_495,3,0,-0.022047488304629836,0.13130614437155755,0.16159588015517473,272.0,0.6666666666666667,1.0,0.0
feature_440,3,0,0.1312696655224244,0.1312696655224244,0.07291533271475743,175.0,1.0,1.0,0.0
feature_457,3,0,0.12991639011168266,0.12991639011168266,0.07495337794517712,228.0,1.0,1.0,0.0
feature_015,3,0,-0.12099274299743384,0.12967406115003496,0.14659343204877257,278.0,0.6666666666666667,1.0,0.0
feature_339,3,0,-0.12897785903155964,0.12897785903155964,0.07757656048218504,211.0,1.0,1.0,0.0
feature_448,3,0,-0.12839373506352258,0.12839373506352258,0.052624682486937566,244.0,1.0,1.0,0.0
feature_408,3,0,-0.12746169606279498,0.12746169606279498,0.0972235952968827,278.0,1.0,1.0,0.0
feature_180,3,0,0.12642372420659118,0.12642372420659118,0.055991744608772535,250.0,1.0,1.0,0.0
feature_494,3,0,-0.060461875356422924,0.126246681812337,0.13806224500169612,238.0,0.6666666666666667,1.0,0.0
feature_158,3,0,0.12600997116974907,0.12600997116974907,0.09196238386636577,226.0,1.0,1.0,0.0
feature_554,3,0,0.1255506433127921,0.1255506433127921,0.11859735805006895,247.0,1.0,1.0,0.0
feature_545,3,0,-0.1253114256696974,0.1253114256696974,0.15336002530938,295.0,1.0,1.0,0.0
feature_033,3,0,0.12523662541090444,0.12523662541090444,0.10871442927624582,238.0,1.0,1.0,0.0
feature_406,3,0,0.1250513095028218,0.1250513095028218,0.10930003123189685,267.0,1.0,1.0,0.0
feature_012,3,0,0.12382553899780745,0.12382553899780745,0.07887290804228064,190.0,1.0,1.0,0.0
feature_455,3,0,0.0944880225106929,0.12336770634415102,0.15153505224759986,276.0,0.6666666666666666,1.0,0.0
feature_006,3,0,-0.12336301197879178,0.12336301197879178,0.08797982961666793,284.0,1.0,1.0,0.0
feature_146,3,0,0.12239925384612908,0.12239925384612908,0.06972095680970122,248.0,1.0,1.0,0.0
feature_156,3,0,-0.11983962411857361,0.11983962411857361,0.009560685275895703,266.0,1.0,1.0,0.0
feature_308,3,0,-0.11950048866319692,0.11950048866319692,0.0793620653998199,264.0,1.0,1.0,0.0
feature_425,3,0,0.028611204976833633,0.11732174558810683,0.165025743075254,316.0,0.6666666666666667,1.0,0.0
feature_569,3,0,-0.11681227747533574,0.11681227747533574,0.04326504184113929,271.0,1.0,1.0,0.0
feature_568,3,0,0.11662247995539841,0.11662247995539841,0.09957632544195702,269.0,1.0,1.0,0.0
feature_361,3,0,0.11587607266295147,0.11587607266295147,0.04309178853490918,235.0,1.0,1.0,0.0
feature_121,3,0,0.10981519781628557,0.11513818108342534,0.1243224415636322,281.0,0.6666666666666666,1.0,0.0
feature_106,3,0,-0.02579642382117121,0.11404759470027581,0.1594179036453789,305.0,0.6666666666666666,1.0,0.0
feature_153,3,0,-0.11374433263881423,0.11374433263881423,0.035699619850580906,265.0,1.0,1.0,0.0
feature_285,3,0,-0.11373224410700396,0.11373224410700396,0.020728938977416195,243.0,1.0,1.0,0.0
feature_552,3,0,0.02622534304028659,0.11372662567432863,0.1599005370245739,281.0,0.6666666666666666,1.0,0.0
feature_143,3,0,-0.09070955792146063,0.1136350032370738,0.10833830517124679,261.0,0.6666666666666667,1.0,0.0
feature_480,3,0,0.01896657753185482,0.11312170538387445,0.13880780616514474,286.0,0.6666666666666666,1.0,0.0
feature_177,3,0,-0.1123568753956386,0.1123568753956386,0.040717576173701905,262.0,1.0,1.0,0.0
feature_183,3,0,0.07850306453614665,0.11123511804330677,0.12991599203261497,268.0,0.6666666666666666,1.0,0.0
feature_138,3,0,0.11102945637409556,0.11102945637409556,0.11522040440163946,264.0,1.0,1.0,0.0
feature_169,3,0,0.09717704656898545,0.11011757202646567,0.10110504918580304,205.0,0.6666666666666666,1.0,0.0
feature_418,3,0,-0.10965691683611413,0.10965691683611413,0.012478922278718869,255.0,1.0,1.0,0.0
feature_392,3,0,0.10932905952782862,0.10932905952782862,0.02822616713865225,295.0,1.0,1.0,0.0
feature_357,3,0,-0.04860200064510647,0.1085091242193678,0.133470396996523,292.0,0.6666666666666667,1.0,0.0
feature_030,3,0,-0.1032333483009364,0.10825898653138932,0.09617192119190672,202.0,0.6666666666666667,1.0,0.0
feature_110,1,0,-0.10789846359592115,0.10789846359592115,,304.0,1.0,0.3333333333333333,0.0
feature_147,3,0,0.04962428019023043,0.10781415963901152,0.12546640612770493,251.0,0.6666666666666666,1.0,0.0
feature_367,3,0,-0.0522762072105282,0.10755740070831617,0.13292830786277265,244.0,0.6666666666666667,1.0,0.0
feature_543,3,0,-0.10736881277898476,0.10736881277898476,0.12284879233075756,294.0,1.0,1.0,0.0
feature_274,3,0,0.10623127801515932,0.10623127801515932,0.01386509960115927,253.0,1.0,1.0,0.0
feature_063,3,0,-0.02016042136906419,0.10540938063390087,0.14722057437935443,297.0,0.6666666666666666,1.0,0.0
feature_111,1,0,-0.10439015169596266,0.10439015169596266,,308.0,1.0,0.3333333333333333,0.0
feature_217,3,0,0.016033901876161643,0.1042212056423769,0.12952583058862216,236.0,0.6666666666666666,1.0,0.0
feature_095,3,0,0.10416870097312113,0.10416870097312113,0.13831072301511155,382.0,1.0,1.0,0.0
feature_065,3,0,0.10389220858655994,0.10389220858655994,0.09518770384886643,284.0,1.0,1.0,0.0
feature_239,3,0,0.019639911577481385,0.10270638047022178,0.132036519700314,232.0,0.6666666666666666,1.0,0.0
feature_484,3,0,-0.06072963281601957,0.10168921595921236,0.13724994941158042,302.0,0.6666666666666667,1.0,0.0
feature_135,3,0,-0.10017627663559742,0.10017627663559742,0.07438330753012495,347.0,1.0,1.0,0.0
feature_429,3,0,-0.09999949948318336,0.09999949948318336,0.026955906944776436,293.0,1.0,1.0,0.0
feature_286,3,0,0.09020243035916369,0.09936539820141467,0.09336241954088254,294.0,0.6666666666666666,1.0,0.0
feature_557,3,0,0.09539145301239789,0.09843027888495791,0.10690130327566068,301.0,0.6666666666666666,1.0,0.0
feature_222,3,0,-0.024816693345524662,0.09828855950770876,0.11752308805260488,268.0,0.6666666666666667,1.0,0.0
feature_054,3,0,-0.08844539636236864,0.09803180237521318,0.10785417947271692,307.0,0.6666666666666667,1.0,0.0
feature_129,3,0,0.0976312571716959,0.0976312571716959,0.08287000980912503,332.0,1.0,1.0,0.0
feature_459,3,0,0.08241946152516325,0.09654604440173309,0.09430038386598044,307.0,0.6666666666666666,1.0,0.0
feature_360,3,0,-0.029708369229125103,0.09654009141270146,0.1125954187415708,290.0,0.6666666666666667,1.0,0.0
feature_311,3,0,0.0020662859543211878,0.09591745796528058,0.1286075287502775,316.0,0.6666666666666667,1.0,0.0
feature_016,3,0,-0.07846267406952809,0.09453787658417061,0.13933132950364224,400.0,0.6666666666666667,1.0,0.0
feature_580,3,0,0.09374486758786936,0.09374486758786936,0.00905644476097972,300.0,1.0,1.0,0.0
feature_334,3,0,-0.07701988043552556,0.09304070174053769,0.0923275424561562,280.0,0.6666666666666667,1.0,0.0
feature_420,3,0,0.03583706832799941,0.0925086608903904,0.11108431673930112,277.0,0.6666666666666666,1.0,0.0
feature_293,3,0,-0.013870419567738504,0.0912057952322075,0.11251707743432801,302.0,0.6666666666666667,1.0,0.0
feature_550,3,0,-0.017867945075747117,0.09116893859589681,0.11078674755673286,309.0,0.6666666666666667,1.0,0.0
feature_353,3,0,-0.09087011839352803,0.09087011839352803,0.00955007549295562,291.0,1.0,1.0,0.0
feature_434,3,0,0.09067069864112982,0.09067069864112982,0.04408618849339894,283.0,1.0,1.0,0.0
feature_519,3,0,0.08966465176897138,0.08966465176897138,0.010293108868054094,277.0,1.0,1.0,0.0
feature_551,3,0,0.08852973241146478,0.08949393787876547,0.09668924517657264,312.0,0.6666666666666666,1.0,0.0
feature_002,3,0,0.06637467020799516,0.08935165599228173,0.09474488524372289,306.0,0.6666666666666666,1.0,0.0
feature_413,3,0,-0.08930838096712966,0.08930838096712966,0.03842649969980418,304.0,1.0,1.0,0.0
feature_539,3,0,-0.08851988168838058,0.08851988168838058,0.10314941596006577,339.0,1.0,1.0,0.0
feature_200,3,0,-0.08846189084486887,0.08846189084486887,0.0375244522331753,293.0,1.0,1.0,0.0
feature_123,3,0,0.05944266327447659,0.08817491696331407,0.10589903337940852,349.0,0.6666666666666666,1.0,0.0
feature_411,3,0,0.06926521261530953,0.087865761924261,0.11193634824843995,348.0,0.6666666666666666,1.0,0.0
feature_527,3,0,-0.010507832173986114,0.0877334556059964,0.11038984539648321,334.0,0.6666666666666667,1.0,0.0
feature_318,3,0,-0.00857885723420015,0.08771403747303064,0.1102390167988767,326.0,0.6666666666666667,1.0,0.0
feature_267,3,0,-0.049972147431264914,0.08743716427823471,0.11605032363697339,385.0,0.6666666666666667,1.0,0.0
feature_516,1,0,-0.08732689941217779,0.08732689941217779,,336.0,1.0,0.3333333333333333,0.0
feature_443,3,0,0.08703099797855825,0.08703099797855825,0.0460680157427658,296.0,1.0,1.0,0.0
feature_171,3,0,0.04526881079434544,0.08698697918052851,0.09928125673738551,298.0,0.6666666666666666,1.0,0.0
feature_416,3,0,-0.05311752845966743,0.08661511367790675,0.0895294848203413,311.0,0.6666666666666667,1.0,0.0
feature_324,3,0,-0.056700947107761836,0.08634914426395668,0.09308143172234651,273.0,0.6666666666666667,1.0,0.0
feature_521,3,0,0.06901370695903958,0.08623951993059499,0.14209128406221389,403.0,0.6666666666666667,1.0,0.0
feature_066,3,0,0.06759986891923996,0.08613380163289652,0.10754947461321222,340.0,0.6666666666666666,1.0,0.0
feature_136,3,0,-0.08540122710163384,0.08540122710163384,0.012673299190644357,276.0,1.0,1.0,0.0
feature_570,3,0,0.08496194107535665,0.08496194107535665,0.05457518132162129,250.0,1.0,1.0,0.0
feature_405,3,0,-0.02145967545602411,0.08439669458776732,0.10867944102694081,325.0,0.6666666666666667,1.0,0.0
feature_223,3,0,0.03260267828353572,0.08414622393662845,0.1235014196220781,377.0,0.6666666666666667,1.0,0.0
feature_255,3,0,-0.011919510492495664,0.08346668957833464,0.10340595693979458,336.0,0.6666666666666667,1.0,0.0
feature_187,3,0,0.0736245584283764,0.0827512498378677,0.08182418098012045,339.0,0.6666666666666666,1.0,0.0
feature_188,3,0,0.06289179915210578,0.08229589380096462,0.07973290797690347,305.0,0.6666666666666666,1.0,0.0
feature_273,3,0,-0.08109111691058189,0.08109111691058189,0.09000696710786986,320.0,1.0,1.0,0.0
feature_125,3,0,0.08031050171157755,0.08031050171157755,0.05108140490210834,300.0,1.0,1.0,0.0
feature_383,1,0,-0.0802065130594473,0.0802065130594473,,350.0,1.0,0.3333333333333333,0.0
feature_029,3,0,0.010184018176159928,0.07994454063282329,0.09944160523453746,334.0,0.6666666666666666,1.0,0.0
feature_184,3,0,-0.05516374965629935,0.07960942798647397,0.08624041128359453,283.0,0.6666666666666667,1.0,0.0
feature_437,3,0,0.07842808069211049,0.07842808069211049,0.03289457649196926,308.0,1.0,1.0,0.0
feature_409,3,0,-0.07822984305098964,0.07822984305098964,0.016648770108927045,307.0,1.0,1.0,0.0
feature_244,1,0,-0.07757872694793362,0.07757872694793362,,358.0,1.0,0.3333333333333333,0.0
feature_132,3,0,0.0465290465239136,0.07729112580616354,0.11510124502709579,402.0,0.6666666666666666,1.0,0.0
feature_579,3,0,-0.07702958594942538,0.07702958594942538,0.015557992285397646,327.0,1.0,1.0,0.0
feature_208,3,0,-0.027471167661180757,0.07657444591346341,0.11138790264945149,376.0,0.6666666666666666,1.0,0.0
feature_482,3,0,0.02876106913958315,0.07642950376417008,0.11690019037122731,329.0,0.6666666666666667,1.0,0.0
feature_432,3,0,-0.04809163301102177,0.07640715760388067,0.10620337991093799,351.0,0.6666666666666667,1.0,0.0
feature_581,3,0,-0.07638282197060818,0.07638282197060818,0.06562977131249928,305.0,1.0,1.0,0.0
feature_447,3,0,0.05863944081296174,0.07586311254051176,0.08593118043543142,346.0,0.6666666666666666,1.0,0.0
feature_496,3,0,-0.045796321222443176,0.07571102602786227,0.09622769326607067,375.0,0.6666666666666667,1.0,0.0
feature_102,3,0,-0.07260013540662862,0.07567844942272434,0.06687554892090215,302.0,0.6666666666666667,1.0,0.0
feature_556,3,0,-0.013352859497245568,0.07567635123687927,0.09297157335108373,344.0,0.6666666666666667,1.0,0.0
feature_211,3,0,0.07491133060446319,0.07491133060446319,0.04536063264433806,315.0,1.0,1.0,0.0
feature_212,3,0,-0.07142471305926172,0.07476981561504287,0.09155436736797443,401.0,0.6666666666666667,1.0,0.0
feature_152,3,0,0.0048073234735734926,0.07469890019578164,0.09917121782725294,354.0,0.6666666666666667,1.0,0.0
feature_174,3,0,0.07391006161849394,0.07391006161849394,0.04478815246071619,318.0,1.0,1.0,0.0
feature_105,3,0,-0.07379463478680066,0.07379463478680066,0.04420156795976134,310.0,1.0,1.0,0.0
feature_163,3,0,0.07364557316087271,0.07364557316087271,0.08582438577692729,366.0,1.0,1.0,0.0
feature_172,3,0,0.07227464655359027,0.07227464655359027,0.04353647282483554,323.0,1.0,1.0,0.0
feature_176,3,0,0.04326208104064591,0.07190967486256757,0.09145499212521967,380.0,0.6666666666666666,1.0,0.0
feature_137,3,0,0.06639217079075856,0.07183967545256717,0.07422355118242355,374.0,0.6666666666666666,1.0,0.0
feature_031,3,0,-0.02723544626993171,0.07129312329069264,0.08218788627940109,294.0,0.6666666666666667,1.0,0.0
feature_306,3,0,-0.011900054023271886,0.07055103776937714,0.08773337969929179,335.0,0.6666666666666667,1.0,0.0
feature_564,3,0,0.05322880548972323,0.06966558142439429,0.081263921420333,391.0,0.6666666666666666,1.0,0.0
feature_343,3,0,-0.040865650548115695,0.06872927545549727,0.10774294085989149,378.0,0.6666666666666666,1.0,0.0
feature_219,3,0,-0.06686270601355074,0.06686270601355074,0.0302892393151277,331.0,1.0,1.0,0.0
feature_298,3,0,-0.06099821208477793,0.06662455565278556,0.09041700560674976,383.0,0.6666666666666667,1.0,0.0
feature_491,3,0,0.059004452396282,0.06637964099001376,0.07073095011826423,343.0,0.6666666666666666,1.0,0.0
feature_185,3,0,0.0661876192421093,0.0661876192421093,0.03057441767954055,331.0,1.0,1.0,0.0
feature_410,3,0,0.056907715708536595,0.0657118574724383,0.061198565658083875,313.0,0.6666666666666666,1.0,0.0
feature_182,3,0,-0.06570340337832752,0.06570340337832752,0.07459348961516438,377.0,1.0,1.0,0.0
feature_287,3,0,-0.013903254779555214,0.06484681786197716,0.07844260487314259,350.0,0.6666666666666667,1.0,0.0
feature_583,3,0,0.031014827300763447,0.06437787774334996,0.08076658010312901,335.0,0.6666666666666666,1.0,0.0
feature_290,3,0,0.06266649508365811,0.06266649508365811,0.07181851744590743,400.0,1.0,1.0,0.0
feature_470,3,0,-0.038620663173916985,0.062358692000264775,0.06685230685546631,361.0,0.6666666666666667,1.0,0.0
feature_337,3,0,-0.04311190432306114,0.06223159898563058,0.08240170595439403,390.0,0.6666666666666667,1.0,0.0
feature_040,3,0,-0.04186078945634075,0.0620653695293872,0.06268376059744532,345.0,0.6666666666666667,1.0,0.0
feature_323,3,0,0.008157192647620612,0.06081214976680766,0.08680649164511621,376.0,0.6666666666666667,1.0,0.0
feature_575,3,0,-0.027070614458210917,0.06076904964038293,0.09390715267216068,394.0,0.6666666666666667,1.0,0.0
feature_050,3,0,0.033492913857661,0.059410084913154915,0.06440991913300502,342.0,0.6666666666666666,1.0,0.0
feature_098,3,0,-0.05927221771979339,0.05927221771979339,0.03026136169477742,351.0,1.0,1.0,0.0
feature_321,3,0,-0.036977324684731326,0.0591106330718049,0.06080201125591348,368.0,0.6666666666666667,1.0,0.0
feature_093,3,0,-0.05890130941608695,0.05890130941608695,0.03302806085006568,320.0,1.0,1.0,0.0
feature_220,1,0,0.058433724490928096,0.058433724490928096,,384.0,1.0,0.3333333333333333,0.0
feature_215,3,0,-0.03810049570956419,0.05818042788369992,0.08425998044123224,420.0,0.6666666666666667,1.0,0.0
feature_320,3,0,-0.012614232487141344,0.056291535123823455,0.08378965700859314,379.0,0.6666666666666667,1.0,0.0
feature_565,3,0,-0.055978394155488165,0.055978394155488165,0.03290766249606674,381.0,1.0,1.0,0.0
feature_084,3,0,0.03576818085198321,0.05506639066626686,0.06737555564688852,373.0,0.6666666666666666,1.0,0.0
feature_297,3,0,-0.03528641072019356,0.05505303510259383,0.0632230065825358,357.0,0.6666666666666667,1.0,0.0
feature_584,3,0,0.025842289124410237,0.0535557509985325,0.07023327528770976,352.0,0.6666666666666666,1.0,0.0
feature_159,3,0,0.051186408271275935,0.05294709400197698,0.056645733830703156,343.0,0.6666666666666666,1.0,0.0
feature_096,3,0,-0.010763942951604441,0.05277893007535502,0.07482637307312102,382.0,0.6666666666666667,1.0,0.0
feature_092,3,0,0.052263224543899985,0.052263224543899985,0.016044010174195975,346.0,1.0,1.0,0.0
feature_312,3,0,-0.05197204085641766,0.05197204085641766,0.014192996869801747,366.0,1.0,1.0,0.0
feature_454,3,0,-0.039302173045174395,0.05183227517683725,0.08481597276463611,410.0,0.6666666666666666,1.0,0.0
feature_510,3,0,0.045503869599202086,0.05132910242281926,0.04970524079806373,333.0,0.6666666666666666,1.0,0.0
feature_442,3,0,0.025767452642474164,0.05084583033339952,0.07876135038101185,364.0,0.6666666666666667,1.0,0.0
feature_238,3,0,0.0053581708616477165,0.0506409053756802,0.0685595332496485,371.0,0.6666666666666666,1.0,0.0
feature_281,3,0,-0.04697070192082569,0.05044025765354956,0.06253157103452063,390.0,0.6666666666666667,1.0,0.0
feature_445,3,0,0.050312368863617285,0.050312368863617285,0.04139750780852667,356.0,1.0,1.0,0.0
feature_572,3,0,0.049791832611454444,0.049791832611454444,0.025077089879295585,388.0,1.0,1.0,0.0
feature_291,3,0,-0.029265574223524538,0.04874661881956549,0.053279802013851546,392.0,0.6666666666666667,1.0,0.0
feature_073,3,0,0.0486057698448768,0.0486057698448768,0.020856965772378215,375.0,1.0,1.0,0.0
feature_023,3,0,-0.015333340716329446,0.04828629405247018,0.06718758682529737,341.0,0.6666666666666667,1.0,0.0
feature_294,3,0,-0.0011199430508154775,0.04481574305572248,0.06228217223999399,391.0,0.6666666666666666,1.0,0.0
feature_288,3,0,0.012206094640576608,0.044272700758934885,0.052365712734285356,363.0,0.6666666666666666,1.0,0.0
feature_140,3,0,0.04396782493796511,0.04396782493796511,0.018228853778834635,358.0,1.0,1.0,0.0
feature_585,3,0,0.0080377071108267,0.043381876359490625,0.06283620274732145,366.0,0.6666666666666666,1.0,0.0
feature_166,3,0,0.03858216824276732,0.043225940933313174,0.040676566825917644,331.0,0.6666666666666666,1.0,0.0
feature_026,3,0,0.006661193620561672,0.04297438578945739,0.06043072631106317,362.0,0.6666666666666667,1.0,0.0
feature_201,3,0,0.041747465001402535,0.041747465001402535,0.024085933944838326,373.0,1.0,1.0,0.0
feature_492,1,0,0.04074290935836422,0.04074290935836422,,415.0,1.0,0.3333333333333333,0.0
feature_228,3,0,0.04049150277384957,0.04049150277384957,0.045311950392086235,398.0,1.0,1.0,0.0
feature_525,3,0,-0.03995436195476101,0.03995436195476101,0.039261952240528905,381.0,1.0,1.0,0.0
feature_479,3,0,0.03897336830460279,0.03897336830460279,0.025926600416620118,415.0,1.0,1.0,0.0
feature_574,3,0,-0.027283886907766966,0.0383805422781393,0.05712727375494174,412.0,0.6666666666666667,1.0,0.0
feature_253,3,0,-0.03510082045536118,0.03800785998533844,0.04861996909032996,409.0,0.6666666666666667,1.0,0.0
feature_436,3,0,0.017018228673316895,0.03773118746260581,0.05741266887709672,428.0,0.6666666666666666,1.0,0.0
feature_435,3,0,0.036983355891147915,0.036983355891147915,0.042518153811880226,399.0,1.0,1.0,0.0
feature_359,3,0,0.03614440306131446,0.03614440306131446,0.03384268365258757,421.0,1.0,1.0,0.0
feature_283,3,0,-0.02578857875694887,0.034673661663635925,0.04947659585687432,417.0,0.6666666666666667,1.0,0.0
feature_088,3,0,-0.014970325596666898,0.03463831308978529,0.05231474295560463,394.0,0.6666666666666666,1.0,0.0
feature_362,3,0,-0.023413839398835175,0.033662163213508865,0.03384028677276541,360.0,0.6666666666666667,1.0,0.0
feature_567,3,0,-0.03323725145871428,0.03323725145871428,0.007045438774116956,387.0,1.0,1.0,0.0
feature_227,3,0,-0.02154641701822173,0.03241718523437268,0.05146061935061087,436.0,0.6666666666666666,1.0,0.0
feature_310,3,0,0.018695659999146998,0.032334426555467165,0.03449113512889509,405.0,0.6666666666666666,1.0,0.0
feature_198,3,0,-0.02235584570797626,0.03211687500460151,0.03389268985328707,417.0,0.6666666666666667,1.0,0.0
feature_289,3,0,0.012394593578132681,0.03204689710958752,0.04176535305784651,378.0,0.6666666666666666,1.0,0.0
feature_511,3,0,0.026305637258239565,0.031752857674772296,0.0526501252612919,441.0,0.6666666666666667,1.0,0.0
feature_421,3,0,-0.02455933898313854,0.031661555899593526,0.04166034536223536,426.0,0.6666666666666667,1.0,0.0
feature_578,3,0,-0.03110777013152773,0.031204837710420985,0.02881087888179311,419.0,0.6666666666666667,1.0,0.0
feature_468,3,0,-0.009401464931916641,0.031138808795433306,0.04348893822510277,369.0,0.6666666666666667,1.0,0.0
feature_043,3,0,-0.03076335310959216,0.03076335310959216,0.01753770784206705,408.0,1.0,1.0,0.0
feature_561,3,0,0.02634345926081469,0.030731818384594684,0.030743819229789658,390.0,0.6666666666666666,1.0,0.0
feature_207,3,0,-0.017818326589074066,0.030163684286246852,0.04690688403537287,429.0,0.6666666666666666,1.0,0.0
feature_391,3,0,-0.01806720690609653,0.029536786108365826,0.04635080979292664,443.0,0.6666666666666666,1.0,0.0
feature_376,3,0,-0.02772760905514321,0.02772760905514321,0.04225557107908584,437.0,1.0,1.0,0.0
feature_148,3,0,-0.026658837756429313,0.026658837756429313,0.029684688572373663,437.0,1.0,1.0,0.0
feature_356,3,0,-0.011327397354683013,0.02601333751175591,0.03879462992877365,434.0,0.6666666666666666,1.0,0.0
feature_559,3,0,-0.02508672350384636,0.02508672350384636,0.021853434261586497,398.0,1.0,1.0,0.0
feature_010,3,0,0.011830771272799351,0.024513515715338764,0.036969373999624945,430.0,0.6666666666666667,1.0,0.0
feature_427,3,0,-0.01808770491067385,0.023242250865098568,0.03023457782495809,427.0,0.6666666666666667,1.0,0.0
feature_151,3,0,-0.013479660541435783,0.022469971672829863,0.03556624117382162,423.0,0.6666666666666666,1.0,0.0
feature_472,3,0,-0.019186417278504297,0.0214695532141962,0.025382470132536222,443.0,0.6666666666666667,1.0,0.0
feature_154,3,0,-0.008107071865100452,0.021248105588474096,0.03236832519464928,409.0,0.6666666666666667,1.0,0.0
feature_139,3,0,0.011774200738674079,0.02078705205987341,0.031224601672147568,416.0,0.6666666666666666,1.0,0.0
feature_336,3,0,0.014582318403205912,0.014582318403205912,0.0058313457810167555,413.0,1.0,1.0,0.0
feature_424,3,0,-0.00034468413196337127,0.01237765848924527,0.016492554326728005,414.0,0.6666666666666667,1.0,0.0
feature_384,1,0,-3.5097558717676447e-05,3.5097558717676447e-05,,468.0,1.0,0.3333333333333333,0.0
feature_005,0,0,,,,,,0.0,0.0
feature_013,0,0,,,,,,0.0,0.0
feature_042,0,0,,,,,,0.0,0.0
feature_049,0,0,,,,,,0.0,0.0
feature_052,0,0,,,,,,0.0,0.0
feature_069,0,0,,,,,,0.0,0.0
feature_074,0,0,,,,,,0.0,0.0
feature_097,0,0,,,,,,0.0,0.0
feature_141,0,0,,,,,,0.0,0.0
feature_149,0,0,,,,,,0.0,0.0
feature_178,0,0,,,,,,0.0,0.0
feature_179,0,0,,,,,,0.0,0.0
feature_186,0,0,,,,,,0.0,0.0
feature_189,0,0,,,,,,0.0,0.0
feature_190,0,0,,,,,,0.0,0.0
feature_191,0,0,,,,,,0.0,0.0
feature_192,0,0,,,,,,0.0,0.0
feature_193,0,0,,,,,,0.0,0.0
feature_194,0,0,,,,,,0.0,0.0
feature_206,0,0,,,,,,0.0,0.0
feature_209,0,0,,,,,,0.0,0.0
feature_226,0,0,,,,,,0.0,0.0
feature_229,0,0,,,,,,0.0,0.0
feature_230,0,0,,,,,,0.0,0.0
feature_231,0,0,,,,,,0.0,0.0
feature_232,0,0,,,,,,0.0,0.0
feature_233,0,0,,,,,,0.0,0.0
feature_234,0,0,,,,,,0.0,0.0
feature_235,0,0,,,,,,0.0,0.0
feature_236,0,0,,,,,,0.0,0.0
feature_237,0,0,,,,,,0.0,0.0
feature_240,0,0,,,,,,0.0,0.0
feature_241,0,0,,,,,,0.0,0.0
feature_242,0,0,,,,,,0.0,0.0
feature_243,0,0,,,,,,0.0,0.0
feature_256,0,0,,,,,,0.0,0.0
feature_257,0,0,,,,,,0.0,0.0
feature_258,0,0,,,,,,0.0,0.0
feature_259,0,0,,,,,,0.0,0.0
feature_260,0,0,,,,,,0.0,0.0
feature_261,0,0,,,,,,0.0,0.0
feature_262,0,0,,,,,,0.0,0.0
feature_263,0,0,,,,,,0.0,0.0
feature_264,0,0,,,,,,0.0,0.0
feature_265,0,0,,,,,,0.0,0.0
feature_266,0,0,,,,,,0.0,0.0
feature_276,0,0,,,,,,0.0,0.0
feature_284,0,0,,,,,,0.0,0.0
feature_313,0,0,,,,,,0.0,0.0
feature_314,0,0,,,,,,0.0,0.0
feature_315,0,0,,,,,,0.0,0.0
feature_322,0,0,,,,,,0.0,0.0
feature_325,0,0,,,,,,0.0,0.0
feature_326,0,0,,,,,,0.0,0.0
feature_327,0,0,,,,,,0.0,0.0
feature_328,0,0,,,,,,0.0,0.0
feature_329,0,0,,,,,,0.0,0.0
feature_330,0,0,,,,,,0.0,0.0
feature_342,0,0,,,,,,0.0,0.0
feature_347,0,0,,,,,,0.0,0.0
feature_364,0,0,,,,,,0.0,0.0
feature_369,0,0,,,,,,0.0,0.0
feature_370,0,0,,,,,,0.0,0.0
feature_371,0,0,,,,,,0.0,0.0
feature_372,0,0,,,,,,0.0,0.0
feature_373,0,0,,,,,,0.0,0.0
feature_374,0,0,,,,,,0.0,0.0
feature_375,0,0,,,,,,0.0,0.0
feature_378,0,0,,,,,,0.0,0.0
feature_379,0,0,,,,,,0.0,0.0
feature_380,0,0,,,,,,0.0,0.0
feature_381,0,0,,,,,,0.0,0.0
feature_394,0,0,,,,,,0.0,0.0
feature_395,0,0,,,,,,0.0,0.0
feature_396,0,0,,,,,,0.0,0.0
feature_397,0,0,,,,,,0.0,0.0
feature_398,0,0,,,,,,0.0,0.0
feature_399,0,0,,,,,,0.0,0.0
feature_400,0,0,,,,,,0.0,0.0
feature_401,0,0,,,,,,0.0,0.0
feature_402,0,0,,,,,,0.0,0.0
feature_403,0,0,,,,,,0.0,0.0
feature_404,0,0,,,,,,0.0,0.0
feature_414,0,0,,,,,,0.0,0.0
feature_422,0,0,,,,,,0.0,0.0
feature_449,0,0,,,,,,0.0,0.0
feature_450,0,0,,,,,,0.0,0.0
feature_451,0,0,,,,,,0.0,0.0
feature_458,0,0,,,,,,0.0,0.0
feature_461,0,0,,,,,,0.0,0.0
feature_462,0,0,,,,,,0.0,0.0
feature_463,0,0,,,,,,0.0,0.0
feature_464,0,0,,,,,,0.0,0.0
feature_465,0,0,,,,,,0.0,0.0
feature_466,0,0,,,,,,0.0,0.0
feature_478,0,0,,,,,,0.0,0.0
feature_481,0,0,,,,,,0.0,0.0
feature_498,0,0,,,,,,0.0,0.0
feature_501,0,0,,,,,,0.0,0.0
feature_502,0,0,,,,,,0.0,0.0
feature_503,0,0,,,,,,0.0,0.0
feature_504,0,0,,,,,,0.0,0.0
feature_505,0,0,,,,,,0.0,0.0
feature_506,0,0,,,,,,0.0,0.0
feature_507,0,0,,,,,,0.0,0.0
feature_508,0,0,,,,,,0.0,0.0
feature_509,0,0,,,,,,0.0,0.0
feature_512,0,0,,,,,,0.0,0.0
feature_513,0,0,,,,,,0.0,0.0
feature_514,0,0,,,,,,0.0,0.0
feature_515,0,0,,,,,,0.0,0.0
feature_528,0,0,,,,,,0.0,0.0
feature_529,0,0,,,,,,0.0,0.0
feature_530,0,0,,,,,,0.0,0.0
feature_531,0,0,,,,,,0.0,0.0
feature_532,0,0,,,,,,0.0,0.0
feature_533,0,0,,,,,,0.0,0.0
feature_534,0,0,,,,,,0.0,0.0
feature_535,0,0,,,,,,0.0,0.0
feature_536,0,0,,,,,,0.0,0.0
feature_537,0,0,,,,,,0.0,0.0
feature_538,0,0,,,,,,0.0,0.0
