feature,positive_top_k_count,mean_ap_drop,ap_drop_std_across_folds,median_positive_rank,positive_top_k_frequency
feature_163,2,0.010711847045231567,0.016207609758487094,14.0,0.6666666666666666
feature_251,2,0.00867474676894763,0.014291615115793866,15.0,0.6666666666666666
feature_039,2,0.004498615953663644,0.0050052415841481766,15.0,0.6666666666666666
feature_219,2,0.0019635474004182853,0.000982938399271989,12.0,0.6666666666666666
feature_059,1,0.018978059447673546,0.036579100418432035,79.5,0.3333333333333333
feature_562,1,0.014061714899948856,0.023989236096359584,134.0,0.3333333333333333
feature_424,1,0.013817803728099437,0.012771567453855546,11.5,0.3333333333333333
feature_490,1,0.013520853085124929,0.02466246213924322,2.0,0.3333333333333333
feature_131,1,0.012996006647065845,0.021849085322401336,21.5,0.3333333333333333
feature_021,1,0.012905755380748271,0.021338467909308403,45.0,0.3333333333333333
feature_437,1,0.01265950068667017,0.022564062539571106,4.0,0.3333333333333333
feature_541,1,0.012577845477746832,0.020617611531150735,57.0,0.3333333333333333
feature_197,1,0.012525709095670183,0.021245454858558367,39.0,0.3333333333333333
feature_456,1,0.012031132019545886,0.02117721457566726,85.0,0.3333333333333333
feature_218,1,0.011929102686025948,0.020180333835061313,18.5,0.3333333333333333
feature_001,1,0.01142951202139604,0.0194311257896993,145.0,0.3333333333333333
feature_135,1,0.010720005693807759,0.01924201796775787,111.0,0.3333333333333333
feature_270,1,0.009932768772762056,0.015052569278622708,25.0,0.3333333333333333
feature_519,1,0.009731481823784579,0.01625346510424378,48.0,0.3333333333333333
feature_252,1,0.00935445456846922,0.015382677172586703,59.0,0.3333333333333333
feature_166,1,0.00840529254366525,0.015373823458336763,17.0,0.3333333333333333
feature_446,1,0.008344040251330525,0.01535282144720232,57.5,0.3333333333333333
feature_301,1,0.008311164585491642,0.01270864307945083,23.0,0.3333333333333333
feature_539,1,0.008182326700702222,0.014496820270057336,20.0,0.3333333333333333
feature_175,1,0.006381911722672387,0.009185454964268794,30.0,0.3333333333333333
feature_031,1,0.006189856132109429,0.006402667430713226,36.0,0.3333333333333333
feature_115,1,0.005898418194666628,0.007823273840215002,20.0,0.3333333333333333
feature_525,1,0.005003009031366419,0.006973393744351154,25.0,0.3333333333333333
feature_125,1,0.004640583761261147,0.006666622992403069,24.5,0.3333333333333333
feature_561,1,0.004611952169973644,0.007154772172128863,24.5,0.3333333333333333
feature_047,1,0.002089211587393788,0.001605602558385768,61.0,0.3333333333333333
feature_341,1,0.0019764964939567907,0.006771703035158087,2.0,0.3333333333333333
feature_103,1,0.0018850361540970705,0.0004337235307107566,24.0,0.3333333333333333
feature_151,1,0.001351708487550932,0.002188622999443336,39.0,0.3333333333333333
feature_588,1,0.0013454553324870864,0.0007313883558271975,43.0,0.3333333333333333
feature_589,1,0.0013059015027547772,0.0016692474128505981,53.5,0.3333333333333333
feature_434,1,0.0010309495023483482,0.0005610928593868213,21.0,0.3333333333333333
feature_573,1,0.0007052346389662037,0.000990018636023409,68.0,0.3333333333333333
feature_418,1,0.0006608731960329284,0.0008265387991885929,140.0,0.3333333333333333
feature_351,1,0.0006322831810574187,0.0015732690326550464,68.5,0.3333333333333333
feature_014,1,0.0006156236735585858,0.001211324678341635,103.5,0.3333333333333333
feature_392,1,0.0005556535408595255,0.0009988902255706714,93.0,0.3333333333333333
feature_308,1,0.0005547830110089878,0.0005836182114590755,129.0,0.3333333333333333
feature_390,1,0.0005519813935051697,0.0022097416395124325,22.5,0.3333333333333333
feature_107,1,0.00043590404389568264,0.0008554736272498298,75.0,0.3333333333333333
feature_250,1,0.0003679299984066735,0.0011982275926692917,108.0,0.3333333333333333
feature_431,1,0.00029326541959465467,0.001257033705504047,15.0,0.3333333333333333
feature_584,1,0.00018095841917187272,0.001054180759210786,99.0,0.3333333333333333
feature_421,1,0.00010668224710187898,0.0013438680094907628,9.0,0.3333333333333333
feature_010,1,-5.7646513897443e-05,0.001144855240467564,17.0,0.3333333333333333
feature_278,1,-0.0005686154611378377,0.0025073590688043696,18.0,0.3333333333333333
feature_152,1,-0.0005970140072630827,0.002666121032640972,45.0,0.3333333333333333
feature_309,1,-0.0008928430244563732,0.002455836331049688,13.0,0.3333333333333333
feature_445,1,-0.0012106005362045198,0.0035185871641206074,108.5,0.3333333333333333
feature_202,1,-0.00227157789049826,0.00778955538342965,39.0,0.3333333333333333
feature_443,1,-0.002302337299070706,0.0055431477650261,86.5,0.3333333333333333
feature_227,0,0.00873097882526397,0.013428519099568529,39.0,0.0
feature_286,0,0.007607787291393942,0.012295676593374369,41.0,0.0
feature_174,0,0.0073716510520585275,0.013234388069705429,34.0,0.0
feature_405,0,0.007195361223608438,0.011742874997801292,87.0,0.0
feature_139,0,0.006921633760503688,0.012203149190624752,94.5,0.0
feature_334,0,0.006463590709261824,0.012465580254275719,27.0,0.0
feature_486,0,0.006305767793511369,0.010537051973414495,39.5,0.0
feature_417,0,0.005876581824686568,0.009166322297157628,76.0,0.0
feature_480,0,0.005159583995553192,0.008281952569020205,81.0,0.0
feature_361,0,0.004893320269152524,0.008912661591055557,76.5,0.0
feature_035,0,0.004431153952553424,0.008118935402025717,103.5,0.0
feature_366,0,0.0044050282124793875,0.007284981584743381,153.0,0.0
feature_221,0,0.0043335974566900805,0.0075376555430683905,82.0,0.0
feature_172,0,0.004183426760687204,0.006515380586784802,95.0,0.0
feature_100,0,0.004147442570745371,0.007716453189177118,37.0,0.0
feature_476,0,0.004144011246331197,0.007732202729847529,83.5,0.0
feature_563,0,0.0039669263889460646,0.006141481106966414,92.0,0.0
feature_567,0,0.003953553157851839,0.006635451658401585,168.0,0.0
feature_368,0,0.003935027951813337,0.006813961115710394,46.0,0.0
feature_046,0,0.003910339726423867,0.006178466118086228,94.0,0.0
feature_281,0,0.003812532982267193,0.00730043502217763,89.0,0.0
feature_128,0,0.0037730433498392624,0.006851325812743082,114.0,0.0
feature_106,0,0.0037253507608598544,0.006357336969921499,42.0,0.0
feature_577,0,0.0035558616489473997,0.006791392580348954,108.0,0.0
feature_022,0,0.003544300700151163,0.006779240489796127,133.0,0.0
feature_408,0,0.0034439009152918113,0.0066760690657734845,52.0,0.0
feature_336,0,0.003427505163238668,0.005144725613753983,58.0,0.0
feature_483,0,0.003300510850202762,0.008168705497013916,43.0,0.0
feature_144,0,0.0032346935778735423,0.00678004193636066,99.0,0.0
feature_132,0,0.002719433422732753,0.004421621966545601,51.0,0.0
feature_127,0,0.001338387293950463,0.0013530257656652368,64.0,0.0
feature_225,0,0.001318308310087749,0.0011990271918919796,65.0,0.0
feature_482,0,0.0010823739878187257,0.00312310367739248,60.0,0.0
feature_123,0,0.0008172268439670935,0.0011212540949829524,141.0,0.0
feature_061,0,0.000748786127846403,0.0014575666655581914,129.0,0.0
feature_277,0,0.0007357032136295327,0.0001642440670569198,69.0,0.0
feature_007,0,0.0007168362761015051,0.0016967801400002557,77.5,0.0
feature_064,0,0.0007127801470786665,0.0008174436097715457,67.0,0.0
feature_025,0,0.000685801132894139,0.0011303230508002803,81.0,0.0
feature_011,0,0.0006737175440408915,0.0006301337350982284,83.0,0.0
feature_419,0,0.0006509214001452367,0.0005974683591380255,137.0,0.0
feature_156,0,0.0006326121424272867,0.0007868027064099233,81.0,0.0
feature_028,0,0.0006234651485864493,0.0008080631132636861,144.0,0.0
feature_303,0,0.0006204923991421032,5.206680518529878e-05,73.0,0.0
feature_228,0,0.0006140857696809891,0.0016435163237318558,66.0,0.0
feature_473,0,0.000582458766210626,0.001117472336408562,109.5,0.0
feature_160,0,0.0005703841835287803,0.0009451612799821971,113.5,0.0
feature_527,0,0.0005670327181923687,0.0005765408073570567,126.0,0.0
feature_223,0,0.0005646689027979233,0.0005105246553635508,131.0,0.0
feature_105,0,0.0005623178355858171,0.0003759467227696051,96.0,0.0
feature_269,0,0.0005434905498584672,0.002413874552878947,55.0,0.0
feature_355,0,0.0004757843925286122,0.0006143858392121394,173.0,0.0
feature_173,0,0.0004671299485812866,0.0001552501985505082,84.0,0.0
feature_165,0,0.0004667457119577781,0.0005216048098128668,164.0,0.0
feature_213,0,0.00045737697991499415,0.0006634748737969324,73.5,0.0
feature_524,0,0.00044830119377521085,0.00041790766457749424,59.5,0.0
feature_438,0,0.00044095662064779477,0.00019301766525825072,108.0,0.0
feature_412,0,0.00043062749819040765,0.0012618488364413685,74.0,0.0
feature_023,0,0.0004271521519412645,0.00084228586157258,142.0,0.0
feature_072,0,0.00042168949329109763,0.0004036624770151435,116.0,0.0
feature_239,0,0.00041656977790376315,0.0011640959633851583,68.5,0.0
feature_420,0,0.00041281384214751404,0.001073234519051269,137.5,0.0
feature_511,0,0.00041034415258716896,0.00044279181453914403,94.5,0.0
feature_474,0,0.0003841649408963625,0.0005500049887177644,105.5,0.0
feature_376,0,0.00038408949797416684,6.453568474050084e-05,130.0,0.0
feature_089,0,0.00038317440419959357,0.00017330160602149075,122.0,0.0
feature_430,0,0.00038296412059541204,0.0005790703959032371,198.0,0.0
feature_495,0,0.0003737765346041434,0.0010698468553917847,115.5,0.0
feature_067,0,0.000369846579393224,0.0010671208352355215,64.5,0.0
feature_484,0,0.00036320017332990164,0.0007948788826812117,96.0,0.0
feature_214,0,0.00035320546552720006,0.0029273872760262683,62.0,0.0
feature_300,0,0.0003484958536044475,0.0010572945406590942,59.5,0.0
feature_167,0,0.0003282478427919018,0.0003171640052986164,121.0,0.0
feature_185,0,0.00032652651021335285,0.0007465926276176773,35.0,0.0
feature_070,0,0.0003252803873487413,0.0007448401975254859,144.0,0.0
feature_489,0,0.00032235723945224504,0.0004541841676388554,100.0,0.0
feature_311,0,0.0003052690498036704,0.0002573436716681527,127.0,0.0
feature_162,0,0.0002987123192698054,0.00031050138676129847,103.0,0.0
feature_268,0,0.0002816060255562491,0.0006499667692636351,84.0,0.0
feature_457,0,0.0002804406313058647,0.000562726392379251,98.0,0.0
feature_306,0,0.0002802084793898042,0.0014427792238136542,75.0,0.0
feature_054,0,0.0002617157138951231,0.000902570264962314,51.0,0.0
feature_499,0,0.00026021527387693925,0.0004500630953281489,102.0,0.0
feature_247,0,0.00025224415085411885,0.0012605580611970732,110.0,0.0
feature_415,0,0.0002470710426253307,0.0003828892253788221,119.5,0.0
feature_222,0,0.00024012228990469598,0.00026773689903475005,124.0,0.0
feature_124,0,0.0002367810505575658,0.00028689213804999355,127.5,0.0
feature_066,0,0.0002354274873052774,0.0004748836401868105,85.0,0.0
feature_333,0,0.00023307515112169853,0.0022623195834409818,78.5,0.0
feature_337,0,0.00023299583350533314,0.0004962202657020627,81.5,0.0
feature_312,0,0.00023117724588899184,0.0011835751264757785,113.0,0.0
feature_255,0,0.00023116280459919674,0.00014924557053204042,161.0,0.0
feature_080,0,0.00022758559818876942,0.0003590400063049262,158.5,0.0
feature_254,0,0.0002188353340351419,0.00037490271513284626,103.5,0.0
feature_043,0,0.000214875698610927,0.00021426221449039146,177.0,0.0
feature_275,0,0.0002136662307957618,0.00013628118049913813,155.0,0.0
feature_108,0,0.00020533997786790193,0.0007483601906411832,42.0,0.0
feature_168,0,0.00019891622825288997,0.0008492530331105876,67.0,0.0
feature_324,0,0.00019335304122767663,0.0010461496069583364,85.0,0.0
feature_082,0,0.0001894662100351606,0.0006960138591077184,30.0,0.0
feature_439,0,0.0001892824547812926,0.00031429658067005933,135.0,0.0
feature_497,0,0.00018869297527110884,0.0009810429530546449,120.5,0.0
feature_073,0,0.00018731515882361438,0.0006898214232129933,48.0,0.0
feature_580,0,0.00018714198270804402,6.12907974971921e-05,174.0,0.0
feature_099,0,0.00017621461613971968,0.00012892801577385742,175.0,0.0
feature_238,0,0.00016723573452638967,0.0005334045969087965,118.0,0.0
feature_033,0,0.00016467300906220956,0.000759217456577281,73.5,0.0
feature_296,0,0.00015601082972355648,0.0002187969441668696,146.5,0.0
feature_057,0,0.00015146987024018446,0.0007027531822950568,31.0,0.0
feature_542,0,0.0001357247802706435,0.0002350822152748765,99.0,0.0
feature_559,0,0.00013509411241079743,0.0003584865579231328,149.5,0.0
feature_285,0,0.0001314564447981286,0.0007552709049054025,102.0,0.0
feature_183,0,0.0001306601506201044,0.0002570112464251218,153.5,0.0
feature_026,0,0.00012869396835081306,0.0009120971309528353,64.0,0.0
feature_147,0,0.00012684370526433453,0.00011600533328564726,165.0,0.0
feature_549,0,0.0001105358380662456,0.000551053721382836,121.5,0.0
feature_332,0,0.00010521859280140238,0.0006627601923929108,55.0,0.0
feature_142,0,0.00010517306196443906,0.0001471719557554134,170.0,0.0
feature_096,0,0.00010196182009831942,0.000723169960482937,109.5,0.0
feature_272,0,0.00010018755867734826,0.00044262859050868576,139.5,0.0
feature_427,0,9.192037604087201e-05,0.00016799504777685365,189.0,0.0
feature_169,0,9.070802949038882e-05,0.0003182706052064888,156.5,0.0
feature_111,0,8.851301608279322e-05,0.000153309040986559,145.0,0.0
feature_411,0,8.59513218257335e-05,0.0004041176688100977,156.0,0.0
feature_526,0,8.236813210314564e-05,0.00021397584463694942,169.0,0.0
feature_024,0,8.235376182529297e-05,0.0005696076257159209,109.0,0.0
feature_564,0,7.991439753015192e-05,0.0003532313476928858,173.0,0.0
feature_053,0,7.311731234339251e-05,0.0005190880268888756,127.5,0.0
feature_075,0,7.202556166173203e-05,0.0004013445329332047,141.0,0.0
feature_113,0,6.87102557051966e-05,9.238476774282687e-05,192.0,0.0
feature_003,0,6.854373787418574e-05,0.0005080953741887202,113.0,0.0
feature_119,0,5.97830515876701e-05,0.0012098627602345978,29.0,0.0
feature_248,0,5.866766406462879e-05,0.0006811158614820083,56.0,0.0
feature_557,0,5.778805270472638e-05,0.0007570703551733021,155.0,0.0
feature_319,0,4.505671339351565e-05,0.0005586109357071957,121.0,0.0
feature_092,0,3.66456225608442e-05,0.00012595428730200137,190.5,0.0
feature_442,0,3.066968403626067e-05,0.0007890931107239974,155.5,0.0
feature_345,0,3.0317759628488585e-05,0.0007740648560415251,51.0,0.0
feature_065,0,2.9133574702582416e-05,0.0012877297249508258,22.0,0.0
feature_283,0,2.7698714297939094e-05,0.0003370110235708258,96.0,0.0
feature_475,0,2.0312079978155224e-05,0.0008943049022732918,28.0,0.0
feature_472,0,1.959562855765536e-05,0.000918534042064284,104.0,0.0
feature_104,0,1.650025196384438e-05,0.000709195257016801,104.0,0.0
feature_114,0,1.3180539393372542e-05,2.2829363900484308e-05,213.0,0.0
feature_358,0,1.2937798059765552e-05,2.2408923577579977e-05,214.0,0.0
feature_298,0,1.1614495867408943e-05,0.00036714489586612414,109.0,0.0
feature_521,0,1.0771781906217711e-05,1.8657273549620206e-05,217.0,0.0
feature_339,0,8.278064322191544e-06,0.0010614647051608562,23.0,0.0
feature_158,0,7.434916598823684e-06,1.2877653299199811e-05,223.0,0.0
feature_244,0,6.859350307826991e-06,1.1880743240069568e-05,226.0,0.0
feature_027,0,5.721243458921434e-06,9.984622645458766e-05,193.0,0.0
feature_388,0,2.225187161898623e-06,0.00044265780611483087,147.5,0.0
feature_305,0,1.7865163455347648e-06,0.00038949013878509527,104.0,0.0
feature_093,0,6.362711409968469e-07,0.00019223649551355614,167.0,0.0
feature_005,0,0.0,0.0,,0.0
feature_013,0,0.0,0.0,,0.0
feature_042,0,0.0,0.0,,0.0
feature_049,0,0.0,0.0,,0.0
feature_052,0,0.0,0.0,,0.0
feature_069,0,0.0,0.0,,0.0
feature_074,0,0.0,0.0,,0.0
feature_097,0,0.0,0.0,,0.0
feature_110,0,0.0,0.0,,0.0
feature_141,0,0.0,0.0,,0.0
feature_149,0,0.0,0.0,,0.0
feature_178,0,0.0,0.0,,0.0
feature_179,0,0.0,0.0,,0.0
feature_186,0,0.0,0.0,,0.0
feature_189,0,0.0,0.0,,0.0
feature_190,0,0.0,0.0,,0.0
feature_191,0,0.0,0.0,,0.0
feature_192,0,0.0,0.0,,0.0
feature_193,0,0.0,0.0,,0.0
feature_194,0,0.0,0.0,,0.0
feature_206,0,0.0,0.0,,0.0
feature_209,0,0.0,0.0,,0.0
feature_226,0,0.0,0.0,,0.0
feature_229,0,0.0,0.0,,0.0
feature_230,0,0.0,0.0,,0.0
feature_231,0,0.0,0.0,,0.0
feature_232,0,0.0,0.0,,0.0
feature_233,0,0.0,0.0,,0.0
feature_234,0,0.0,0.0,,0.0
feature_235,0,0.0,0.0,,0.0
feature_236,0,0.0,0.0,,0.0
feature_237,0,0.0,0.0,,0.0
feature_240,0,0.0,0.0,,0.0
feature_241,0,0.0,0.0,,0.0
feature_242,0,0.0,0.0,,0.0
feature_243,0,0.0,0.0,,0.0
feature_249,0,0.0,0.0,,0.0
feature_256,0,0.0,0.0,,0.0
feature_257,0,0.0,0.0,,0.0
feature_258,0,0.0,0.0,,0.0
feature_259,0,0.0,0.0,,0.0
feature_260,0,0.0,0.0,,0.0
feature_261,0,0.0,0.0,,0.0
feature_262,0,0.0,0.0,,0.0
feature_263,0,0.0,0.0,,0.0
feature_264,0,0.0,0.0,,0.0
feature_265,0,0.0,0.0,,0.0
feature_266,0,0.0,0.0,,0.0
feature_276,0,0.0,0.0,,0.0
feature_284,0,0.0,0.0,,0.0
feature_313,0,0.0,0.0,,0.0
feature_314,0,0.0,0.0,,0.0
feature_315,0,0.0,0.0,,0.0
feature_322,0,0.0,0.0,,0.0
feature_325,0,0.0,0.0,,0.0
feature_326,0,0.0,0.0,,0.0
feature_327,0,0.0,0.0,,0.0
feature_328,0,0.0,0.0,,0.0
feature_329,0,0.0,0.0,,0.0
feature_330,0,0.0,0.0,,0.0
feature_342,0,0.0,0.0,,0.0
feature_347,0,0.0,0.0,,0.0
feature_364,0,0.0,0.0,,0.0
feature_369,0,0.0,0.0,,0.0
feature_370,0,0.0,0.0,,0.0
feature_371,0,0.0,0.0,,0.0
feature_372,0,0.0,0.0,,0.0
feature_373,0,0.0,0.0,,0.0
feature_374,0,0.0,0.0,,0.0
feature_375,0,0.0,0.0,,0.0
feature_378,0,0.0,0.0,,0.0
feature_379,0,0.0,0.0,,0.0
feature_380,0,0.0,0.0,,0.0
feature_381,0,0.0,0.0,,0.0
feature_384,0,0.0,0.0,,0.0
feature_387,0,0.0,0.0,,0.0
feature_394,0,0.0,0.0,,0.0
feature_395,0,0.0,0.0,,0.0
feature_396,0,0.0,0.0,,0.0
feature_397,0,0.0,0.0,,0.0
feature_398,0,0.0,0.0,,0.0
feature_399,0,0.0,0.0,,0.0
feature_400,0,0.0,0.0,,0.0
feature_401,0,0.0,0.0,,0.0
feature_402,0,0.0,0.0,,0.0
feature_403,0,0.0,0.0,,0.0
feature_404,0,0.0,0.0,,0.0
feature_414,0,0.0,0.0,,0.0
feature_422,0,0.0,0.0,,0.0
feature_449,0,0.0,0.0,,0.0
feature_450,0,0.0,0.0,,0.0
feature_451,0,0.0,0.0,,0.0
feature_458,0,0.0,0.0,,0.0
feature_461,0,0.0,0.0,,0.0
feature_462,0,0.0,0.0,,0.0
feature_463,0,0.0,0.0,,0.0
feature_464,0,0.0,0.0,,0.0
feature_465,0,0.0,0.0,,0.0
feature_466,0,0.0,0.0,,0.0
feature_478,0,0.0,0.0,,0.0
feature_481,0,0.0,0.0,,0.0
feature_498,0,0.0,0.0,,0.0
feature_501,0,0.0,0.0,,0.0
feature_502,0,0.0,0.0,,0.0
feature_503,0,0.0,0.0,,0.0
feature_504,0,0.0,0.0,,0.0
feature_505,0,0.0,0.0,,0.0
feature_506,0,0.0,0.0,,0.0
feature_507,0,0.0,0.0,,0.0
feature_508,0,0.0,0.0,,0.0
feature_509,0,0.0,0.0,,0.0
feature_512,0,0.0,0.0,,0.0
feature_513,0,0.0,0.0,,0.0
feature_514,0,0.0,0.0,,0.0
feature_515,0,0.0,0.0,,0.0
feature_516,0,0.0,0.0,,0.0
feature_518,0,0.0,0.0,,0.0
feature_528,0,0.0,0.0,,0.0
feature_529,0,0.0,0.0,,0.0
feature_530,0,0.0,0.0,,0.0
feature_531,0,0.0,0.0,,0.0
feature_532,0,0.0,0.0,,0.0
feature_533,0,0.0,0.0,,0.0
feature_534,0,0.0,0.0,,0.0
feature_535,0,0.0,0.0,,0.0
feature_536,0,0.0,0.0,,0.0
feature_537,0,0.0,0.0,,0.0
feature_538,0,0.0,0.0,,0.0
feature_085,0,-1.0999298208443241e-06,1.9051343344625022e-06,,0.0
feature_224,0,-3.574155246641174e-06,5.467689517492262e-05,217.0,0.0
feature_545,0,-6.123848716441116e-06,1.0606817114741468e-05,,0.0
feature_517,0,-9.730665311259249e-06,1.6854006710549046e-05,,0.0
feature_492,0,-1.206318069773344e-05,2.08940418693585e-05,,0.0
feature_164,0,-1.360212927141367e-05,0.0010568839609336699,44.0,0.0
feature_034,0,-1.588931466293734e-05,0.0007759607852627593,110.0,0.0
feature_018,0,-1.6870327709157475e-05,0.0005311318597977469,61.0,0.0
feature_077,0,-1.927527229641914e-05,0.0002438908725875484,178.0,0.0
feature_571,0,-2.1782677957497527e-05,0.00026244427182346475,152.0,0.0
feature_471,0,-2.383389672802755e-05,0.0013814684127646812,21.0,0.0
feature_267,0,-2.405365458835416e-05,0.00031150064562203493,169.5,0.0
feature_134,0,-2.991091778653841e-05,0.0005741842399231939,119.0,0.0
feature_029,0,-3.178127858901066e-05,0.000626093397889563,131.5,0.0
feature_543,0,-3.482245620464267e-05,6.031426339078321e-05,,0.0
feature_293,0,-3.7101823070543866e-05,0.000259351396398521,156.0,0.0
feature_383,0,-4.0197592042053804e-05,6.962427175876357e-05,,0.0
feature_310,0,-4.7251784219965664e-05,0.0003659234175323107,138.0,0.0
feature_294,0,-4.749145434756788e-05,0.0002724134803313825,154.0,0.0
feature_181,0,-4.805491759349915e-05,0.00047126730663218306,158.0,0.0
feature_109,0,-4.924131218624216e-05,8.528845453793194e-05,,0.0
feature_078,0,-5.082729109825218e-05,0.00012665995778483944,195.0,0.0
feature_579,0,-5.2254651010136266e-05,0.00048494617417211395,100.0,0.0
feature_136,0,-5.261060925852401e-05,0.0008902921246870292,98.0,0.0
feature_340,0,-5.2919158416178375e-05,0.0006017772416840129,114.0,0.0
feature_553,0,-5.610072590267313e-05,0.00024421920797007313,171.0,0.0
feature_117,0,-5.804235966490863e-05,0.00022669076649141907,195.0,0.0
feature_187,0,-5.826958735182278e-05,0.0011666560554551874,93.0,0.0
feature_060,0,-5.953656499664947e-05,0.00023237284052659044,168.0,0.0
feature_335,0,-6.047000781179901e-05,0.0006018484511492102,139.0,0.0
feature_469,0,-6.090200102041449e-05,0.00020100344828179428,177.0,0.0
feature_245,0,-6.188581599803993e-05,0.00010718937757646398,,0.0
feature_208,0,-6.823410794793642e-05,0.000373423868299208,177.5,0.0
feature_350,0,-7.223421569612426e-05,0.0006737592207701946,138.5,0.0
feature_090,0,-7.606554179946042e-05,0.001343578220346033,27.0,0.0
feature_423,0,-7.868601233455457e-05,0.0010093732935736706,138.5,0.0
feature_094,0,-7.87447813364903e-05,8.921228931128328e-05,214.0,0.0
feature_331,0,-8.295807510107839e-05,0.00030053660817442674,164.0,0.0
feature_211,0,-8.316059531457267e-05,0.0004887667981929862,107.0,0.0
feature_095,0,-8.377340041412079e-05,0.0010915187721434142,41.0,0.0
feature_220,0,-9.664780975078635e-05,0.00016739891692861273,,0.0
feature_098,0,-9.940249917127451e-05,0.0006374067237220619,148.0,0.0
feature_367,0,-0.00010393915595171878,0.0008456319795450685,135.5,0.0
feature_453,0,-0.00010817696455624041,0.0006633092641496496,76.0,0.0
feature_148,0,-0.00010854317534822466,0.0004050563619276645,133.0,0.0
feature_292,0,-0.0001093128421533196,0.0001893353965293064,,0.0
feature_155,0,-0.00011638139633210014,0.0008015470543249049,137.0,0.0
feature_365,0,-0.00011656655038243487,0.0001481790415390164,,0.0
feature_433,0,-0.0001211872382277595,0.0010104675033077628,96.5,0.0
feature_246,0,-0.00012138447308906237,0.00021024407464023312,,0.0
feature_578,0,-0.00012272326583007682,0.00046179674925326056,170.0,0.0
feature_410,0,-0.0001270536640230268,0.000319239963215707,189.0,0.0
feature_157,0,-0.00012710335338243938,0.000241967866543077,220.0,0.0
feature_382,0,-0.00014309478928699096,0.000247847445343431,,0.0
feature_016,0,-0.00014601266612152767,0.001431871180586368,104.5,0.0
feature_570,0,-0.0001471423187785381,0.000647708384104197,153.5,0.0
feature_582,0,-0.00015495869688696924,0.0005725961908503636,81.0,0.0
feature_297,0,-0.00015557443484219327,0.00048285547401580564,134.0,0.0
feature_204,0,-0.00016011258947607834,0.0002806170534427502,185.0,0.0
feature_460,0,-0.00016715629702711364,0.00026083886981888727,186.0,0.0
feature_346,0,-0.0001696589328941084,0.0005920180310188937,120.0,0.0
feature_362,0,-0.00017830366697114887,0.0004957333257067287,191.5,0.0
feature_428,0,-0.00018776643558557888,0.0003637069398696707,183.0,0.0
feature_454,0,-0.00019524498031297765,0.001231668214110562,82.5,0.0
feature_088,0,-0.00020712114379060052,0.0005450858860591422,101.0,0.0
feature_547,0,-0.00020725334017485572,0.0006312709375481011,141.0,0.0
feature_447,0,-0.00021470642741123957,0.00014853188248115697,,0.0
feature_019,0,-0.00021473163149485607,0.00083300427193174,153.5,0.0
feature_317,0,-0.0002154130392275471,0.0005851209758998857,177.0,0.0
feature_566,0,-0.000216406483481107,0.0003129974407615802,178.0,0.0
feature_176,0,-0.00021845586653638518,0.00034272302117263804,176.0,0.0
feature_304,0,-0.00021958845316876537,0.0005186933636385601,135.0,0.0
feature_583,0,-0.0002207114101709797,3.7611806882778586e-05,,0.0
feature_560,0,-0.00022154851091517636,0.0005203007249925275,169.0,0.0
feature_320,0,-0.00022221504560098067,0.0008633834117780696,140.0,0.0
feature_448,0,-0.00022607828859355866,0.0009065545010097204,86.0,0.0
feature_425,0,-0.00022721643580028865,0.0010369113206329663,120.0,0.0
feature_568,0,-0.00023092636669133022,0.0003226959869001475,195.0,0.0
feature_279,0,-0.00023872243717655483,0.0009863185833856028,101.0,0.0
feature_576,0,-0.0002469814087757612,0.0011426532547754267,25.0,0.0
feature_295,0,-0.0002475883529112226,0.0011834579148543277,112.0,0.0
feature_452,0,-0.0002544528744164057,0.000809902681546674,51.0,0.0
feature_413,0,-0.0002544566233592964,0.00048516259773204564,181.0,0.0
feature_063,0,-0.00025628543167076904,0.0015584937701612221,86.5,0.0
feature_581,0,-0.00026851447109491213,0.00011966669605324085,,0.0
feature_544,0,-0.0002696756824615519,0.00046709198358921896,,0.0
feature_487,0,-0.0002723305754757015,0.0012851785681161569,91.0,0.0
feature_406,0,-0.0002776288095950303,0.0005317854660205554,217.0,0.0
feature_359,0,-0.0002783117188997139,0.0003373981516858,,0.0
feature_556,0,-0.00028155843058277284,0.000435257642308055,158.0,0.0
feature_137,0,-0.00028426321716091413,0.0011179561373624303,110.0,0.0
feature_575,0,-0.00028782704581858633,0.000671311791437759,162.0,0.0
feature_299,0,-0.00029157020022760094,0.00016812074102174745,,0.0
feature_084,0,-0.0002919420612793754,0.0006026333747167445,195.0,0.0
feature_161,0,-0.00029411664249739337,0.0011936563826813837,104.0,0.0
feature_116,0,-0.00030866447865889046,0.0006681985133296549,147.0,0.0
feature_271,0,-0.0003100034908180352,0.0005823236950366471,186.0,0.0
feature_546,0,-0.00031443894298917226,0.0006075080377092061,161.0,0.0
feature_389,0,-0.00031508718303800465,0.0007746726221200017,183.5,0.0
feature_574,0,-0.00032183990201747507,0.0003520175273122476,,0.0
feature_112,0,-0.00032357803753091,0.00112729953090634,64.0,0.0
feature_363,0,-0.00032720980551220286,0.0007627139398050765,91.0,0.0
feature_140,0,-0.0003278094904128322,0.0005056852584738766,163.0,0.0
feature_407,0,-0.0003291988770188137,0.0006262833811779488,173.0,0.0
feature_159,0,-0.00033224618557114847,0.0007475191963153811,191.0,0.0
feature_038,0,-0.0003329969287631541,0.0003701030547053236,,0.0
feature_062,0,-0.00033361459659608333,0.0007388511051363121,193.0,0.0
feature_289,0,-0.0003353539010736019,0.00015139222267412597,,0.0
feature_201,0,-0.00033933893113841096,0.00024082321052081273,,0.0
feature_441,0,-0.0003450944653167877,0.0002602994113871501,,0.0
feature_436,0,-0.0003452018940363721,0.0004120641769867402,,0.0
feature_068,0,-0.0003548404107643583,0.0006964517668893048,86.0,0.0
feature_056,0,-0.0003582134963057958,5.985128354780421e-05,,0.0
feature_540,0,-0.00036282664967171433,0.0014537882479152494,116.0,0.0
feature_550,0,-0.0003646435446531075,0.00032870316111074477,,0.0
feature_133,0,-0.0003661502938805536,0.0002839340187866834,,0.0
feature_455,0,-0.0003677165042440448,0.0010912059045268844,59.0,0.0
feature_321,0,-0.0003699150074634365,0.0006047364487018699,152.0,0.0
feature_467,0,-0.00037298803079846647,0.0006928260683074059,100.0,0.0
feature_083,0,-0.00037705660131728434,0.0004840053047270249,,0.0
feature_180,0,-0.0003801038275308136,0.000465501115554771,193.0,0.0
feature_432,0,-0.0003813452981718604,0.0007732690658963826,167.0,0.0
feature_182,0,-0.00038214204331029944,0.0008704413788498723,56.0,0.0
feature_207,0,-0.0003840174303185913,0.001449527280186162,38.0,0.0
feature_416,0,-0.0003927621337973615,0.0009515658324777233,185.0,0.0
feature_055,0,-0.00039467528609253414,0.0005018873991838032,,0.0
feature_253,0,-0.0003972080674456046,0.0005070992412024181,170.0,0.0
feature_195,0,-0.00040716247370126677,0.00022403111414974347,,0.0
feature_554,0,-0.0004097812369983417,0.00011404107000345003,,0.0
feature_170,0,-0.00041046571143592666,0.00030818458492836115,,0.0
feature_385,0,-0.00041173215667713063,0.00016417732380090278,,0.0
feature_318,0,-0.00041609875414942016,0.0006890099334855224,152.0,0.0
feature_126,0,-0.0004171474355452014,0.001194504472539863,143.5,0.0
feature_586,0,-0.00042149238729028175,0.00024326239503152168,,0.0
feature_440,0,-0.0004227148177370485,7.478169221833067e-05,,0.0
feature_444,0,-0.00043049317390565556,0.0014891054475828377,130.0,0.0
feature_360,0,-0.00043312922005965077,6.931533860344778e-05,,0.0
feature_101,0,-0.0004438901250005678,0.00031018191255826987,,0.0
feature_171,0,-0.0004447520511393138,0.0015196096326655956,39.0,0.0
feature_143,0,-0.0004467016775992676,0.0007550844352113371,94.0,0.0
feature_302,0,-0.00045760781823073193,0.0007738503071386373,191.0,0.0
feature_145,0,-0.0004603524921218459,0.0008818148108004479,164.0,0.0
feature_354,0,-0.00046847434298116384,0.0008633196321264803,189.0,0.0
feature_198,0,-0.00047053679344577953,0.000556198080396443,176.0,0.0
feature_357,0,-0.0004795540791294554,0.0012620890827949641,150.5,0.0
feature_426,0,-0.00048216578517036823,0.002280780333965097,67.5,0.0
feature_102,0,-0.0004856416253965459,0.0007783062676394259,149.0,0.0
feature_493,0,-0.00048661974084622295,0.0006269153195354084,,0.0
feature_435,0,-0.0004938938968626944,0.000713895350178749,124.0,0.0
feature_006,0,-0.0005021503003149571,0.00023991845558048955,,0.0
feature_496,0,-0.0005078728877119421,0.0004159639067342779,,0.0
feature_552,0,-0.0005184619964975645,0.0002688784940629055,,0.0
feature_555,0,-0.0005231250457487351,0.0008022845519770438,157.0,0.0
feature_353,0,-0.0005255111560727768,0.00032462202686659537,,0.0
feature_587,0,-0.000527109244485112,0.0012883625915396453,80.0,0.0
feature_050,0,-0.0005286751585911858,0.001328081237490834,108.0,0.0
feature_150,0,-0.0005301550156946629,0.0006741666292207965,181.0,0.0
feature_177,0,-0.0005307188804205869,0.0007688400298787838,137.0,0.0
feature_121,0,-0.000531781817216235,0.001705951226810716,96.5,0.0
feature_071,0,-0.0005329249167023207,0.0008302610670780591,139.0,0.0
feature_409,0,-0.0005367509850063868,0.001106138138109042,89.0,0.0
feature_200,0,-0.0005499269170898862,0.0017716712645360498,100.0,0.0
feature_037,0,-0.0005504522189142108,0.0007168761903833679,140.0,0.0
feature_393,0,-0.0005546465902905014,0.0008215616690847932,,0.0
feature_291,0,-0.0005581112891093152,0.0004287970164454599,,0.0
feature_002,0,-0.0005589597913741962,0.0003099477613463295,,0.0
feature_572,0,-0.0005591408575530961,0.0005078502840213059,,0.0
feature_020,0,-0.000561166898033684,0.0003605907217839116,,0.0
feature_323,0,-0.0005703211753791813,0.0003606017503606103,,0.0
feature_184,0,-0.0005760374387154074,0.00015439158512066376,,0.0
feature_129,0,-0.0005855094060545652,0.0015918619495136847,22.0,0.0
feature_215,0,-0.0005857471436540754,0.0008054815914438333,189.0,0.0
feature_488,0,-0.0005909082088701607,0.00022746449056270808,,0.0
feature_058,0,-0.0006016756841206296,0.0006658304150585567,207.0,0.0
feature_468,0,-0.0006099804212868633,0.0014181724566296264,99.0,0.0
feature_338,0,-0.0006160703045269286,0.0025800773783071027,77.0,0.0
feature_569,0,-0.0006339736246880126,0.0012712205090988627,128.0,0.0
feature_091,0,-0.0006368243578510539,0.0013034993145187256,190.5,0.0
feature_009,0,-0.0006374996506617911,0.0013699344308137058,64.0,0.0
feature_041,0,-0.0006408789627200309,0.001092221680640148,139.0,0.0
feature_356,0,-0.0006418323611743632,0.001090237468708522,96.0,0.0
feature_391,0,-0.0006516465323762546,0.0012605834834597057,107.0,0.0
feature_548,0,-0.000659525691148324,0.0007348821333561669,229.0,0.0
feature_558,0,-0.0006628656523683648,0.000890397003279989,,0.0
feature_585,0,-0.0006660896645252929,0.0008355563706088172,136.0,0.0
feature_040,0,-0.0006667220775516319,0.0024737902013509147,76.5,0.0
feature_188,0,-0.0006894444560256722,0.0018629159291877976,37.0,0.0
feature_316,0,-0.0006957431476541676,0.0002940818933391344,,0.0
feature_087,0,-0.0007118246357536079,0.0016365700204063122,87.0,0.0
feature_479,0,-0.0007212047507508666,0.0009602447117416621,141.0,0.0
feature_017,0,-0.0007316997872836257,0.000749508500137095,,0.0
feature_210,0,-0.0007320298921108681,0.0009256050528615836,160.0,0.0
feature_012,0,-0.0007410769673214432,0.0011989545663264537,122.0,0.0
feature_565,0,-0.0007438249757706019,0.0005948929248231806,,0.0
feature_138,0,-0.0007560799677763119,0.00046676789673247846,,0.0
feature_459,0,-0.0007616600532348097,0.0006139053566624047,,0.0
feature_203,0,-0.0007650106609531515,0.0009587803114522874,,0.0
feature_344,0,-0.000766879406244153,0.000350079007451338,,0.0
feature_349,0,-0.0007754690619184026,0.00023484076960096485,,0.0
feature_004,0,-0.0008009587566167759,0.0009336263016980656,188.0,0.0
feature_494,0,-0.000801803777356321,0.0006938064849485147,,0.0
feature_081,0,-0.0008024875555961183,0.0009813776187834475,219.0,0.0
feature_154,0,-0.0008183387203594606,0.0009633760827074308,,0.0
feature_551,0,-0.0008307456626684362,0.0018962536924507325,151.0,0.0
feature_500,0,-0.0008465526757966227,0.0010235391886880187,,0.0
feature_015,0,-0.0009033650000431723,0.0012006418719981075,193.0,0.0
feature_485,0,-0.0009083129772225743,0.002380913802154304,122.0,0.0
feature_216,0,-0.0009132002916620138,0.0009778399757865712,228.0,0.0
feature_282,0,-0.0009193632183196796,0.0007283895723054755,,0.0
feature_470,0,-0.0009270572676911129,0.0008923815428491861,,0.0
feature_044,0,-0.0009413379160512677,0.0008409393461966026,,0.0
feature_290,0,-0.0009696641705213144,0.0003262280705619158,,0.0
feature_030,0,-0.000991333257918661,0.0008534489709077389,,0.0
feature_217,0,-0.0010085247193091884,0.0015213088832867574,109.0,0.0
feature_122,0,-0.0010552369724565484,0.0009843276125473552,,0.0
feature_130,0,-0.0010554018968169886,0.002263122058302507,35.0,0.0
feature_343,0,-0.001075804728797474,0.00041953947851239374,,0.0
feature_348,0,-0.001102434466911243,0.002241436548127909,168.5,0.0
feature_352,0,-0.0011132106313217413,0.0014306325864593661,183.0,0.0
feature_491,0,-0.0011356272009698913,0.0017842685664707114,,0.0
feature_280,0,-0.0011571967144772821,0.002002077881543283,191.0,0.0
feature_520,0,-0.0011630798393686668,0.0023790252780686613,124.0,0.0
feature_212,0,-0.0011757582369149048,0.001768486961574491,206.0,0.0
feature_522,0,-0.001187586611891309,0.0006757397078088383,,0.0
feature_153,0,-0.0012145238702911244,0.002132958177227607,127.0,0.0
feature_036,0,-0.001215333105298317,0.0010990317711984377,,0.0
feature_000,0,-0.001215482380658591,0.0009754697171345683,,0.0
feature_510,0,-0.0012268736579365165,0.0009285316527746891,,0.0
feature_288,0,-0.001257889515179607,0.0017514304639003457,232.0,0.0
feature_274,0,-0.0013304283700397417,0.0027538420549197955,155.5,0.0
feature_287,0,-0.0014204192355515243,0.0028890674716953186,157.5,0.0
feature_199,0,-0.0014301288674664408,0.0002464940719857872,,0.0
feature_051,0,-0.001441601998327032,0.0017514944495105366,198.0,0.0
feature_032,0,-0.0015189558808328927,0.0015011316341023123,,0.0
feature_196,0,-0.0016042323025565958,0.0018787127146732605,188.0,0.0
feature_045,0,-0.0016045156423148525,0.002262080663366663,,0.0
feature_273,0,-0.0016269338795966805,0.0018449429532829769,,0.0
feature_008,0,-0.0016339051438495407,0.003382046424684891,135.5,0.0
feature_386,0,-0.0016507301100490562,0.002451612829849665,143.0,0.0
feature_523,0,-0.0017167103244329828,0.0026347732057703955,,0.0
feature_146,0,-0.0017569053134708617,0.0015067937839893652,,0.0
feature_076,0,-0.0018984234148055861,0.0024221473786912276,221.0,0.0
feature_118,0,-0.002251531832989923,0.003452775306489088,66.0,0.0
feature_205,0,-0.0027544069357084786,0.005485088782469158,108.0,0.0
feature_086,0,-0.0028184503020051103,0.0028610358156461626,115.0,0.0
feature_120,0,-0.002836506962043009,0.0032374014446374987,,0.0
feature_429,0,-0.002911852971730975,0.004487642431103977,,0.0
feature_079,0,-0.002953405301178937,0.004843538765465939,,0.0
feature_048,0,-0.003335765380506696,0.00533645986815513,,0.0
feature_307,0,-0.004444444948560092,0.007706843074294927,32.0,0.0
feature_377,0,-0.005154789928554352,0.0072841774371249,,0.0
feature_477,0,-0.006815874552586798,0.011370196274604035,70.0,0.0
